name,state,lat,lon,pop
Bay Minette,AL,30.88296,-87.77305,9118
Edna,TX,28.97859,-96.64609,5792
Bayou La Batre,AL,30.40352,-88.24852,2621
Henderson,TX,32.15322,-94.79938,13529
Natalia,TX,29.18968,-98.86253,1490
Rankin,TX,31.22265,-101.93791,844
Bear Creek,AL,34.27482,-87.70058,1047
South Toledo Bend,TX,31.15324,-93.60462,524
Fort Hunt,VA,38.73289,-77.05803,16045
Nelsonia,VA,37.81985,-75.58715,523
Yorktown,VA,37.23858,-76.50894,195
Brighton,AL,33.43428,-86.94721,2862
Bellamy,AL,32.44903,-88.13363,543
Bellefontaine,AL,30.49353,-88.10361,608
Plateau,AL,30.73562,-88.06063,2000
East Camden,AR,33.60789,-92.74016,862
Wilton,AL,33.07873,-86.88166,687
Guy,AR,35.32536,-92.33432,718
Ocean View,DE,38.54511,-75.08907,2035
Berry,AL,33.65983,-87.60001,1113
Matlacha,FL,26.6298,-82.07092,677
Trinity,FL,28.18085,-82.68177,10907
Villas,FL,26.55035,-81.8687,11569
Bessemer,AL,33.40178,-86.95444,26730
Lenox,GA,31.27158,-83.46488,852
Patterson,GA,31.38744,-82.14012,751
Aurora,IN,39.057,-84.90134,3701
New Pekin,IN,38.50506,-86.01692,1378
Stockton,KS,39.43807,-99.2651,1322
Paducah,KY,37.08339,-88.60005,24864
Monticello,LA,30.48908,-91.04872,5172
Red Chute,LA,32.55598,-93.61323,6261
Jessup,MD,39.14927,-76.77525,7137
McCoole,MD,39.44648,-78.97225,511
Faith,NC,35.58708,-80.46284,811
Polkville,NC,35.41763,-81.64287,536
Vass,NC,35.25627,-79.28225,749
Birmingham,AL,33.52066,-86.80249,196357
Delhi Hills,OH,39.09284,-84.61272,5259
Racine,OH,38.97119,-81.9143,662
Turpin Hills,OH,39.11006,-84.37994,5099
Cole,OK,35.10229,-97.57281,570
Lugoff,SC,34.22737,-80.68925,7434
Cordova,TN,35.15565,-89.7762,68779
Blountsville,AL,34.08149,-86.5911,1697
Blue Ridge,AL,32.49264,-86.19052,1341
Buda,TX,30.08521,-97.84028,13705
Beasley,TX,29.49746,-95.91801,665
Boaz,AL,34.20065,-86.16637,9688
Branchville,AL,33.7,-86.4,973
Brantley,AL,31.58238,-86.25718,805
Brantleyville,AL,33.21595,-86.87499,884
Brent,AL,32.93735,-87.16472,4898
Brewton,AL,31.10518,-87.07219,5434
Bridgeport,AL,34.94758,-85.71442,2355
Brilliant,AL,34.02538,-87.75836,884
Brook Highland,AL,33.43566,-86.67388,6746
Brookside,AL,33.63788,-86.91666,1329
Brookwood,AL,33.25567,-87.32083,1822
Brundidge,AL,31.72016,-85.81606,1989
Butler,AL,32.08959,-88.22197,1798
Bynum,AL,33.61316,-85.96108,1795
Cahaba Heights,AL,33.464,-86.73193,5287
Calera,AL,33.1029,-86.7536,13213
Camden,AL,31.99098,-87.29055,1930
Camp Hill,AL,32.80041,-85.65357,981
Carbon Hill,AL,33.89177,-87.52612,1975
Carrollton,AL,33.26169,-88.09503,988
Castleberry,AL,31.29906,-87.02247,565
Cedar Bluff,AL,34.22009,-85.60774,1802
Center Point,AL,33.64566,-86.6836,16655
Centre,AL,34.15204,-85.67885,3570
Centreville,AL,32.9462,-87.11669,2704
Chalkville,AL,33.65316,-86.64777,3901
Chatom,AL,31.46517,-88.25446,1237
Chelsea,AL,33.34011,-86.63026,12059
Cherokee,AL,34.75703,-87.97281,1014
Chickasaw,AL,30.7638,-88.07472,5954
Childersburg,AL,33.27817,-86.35498,5046
Choccolocco,AL,33.65927,-85.70357,2804
Citronelle,AL,31.09073,-88.22806,3887
Clanton,AL,32.83874,-86.62943,8844
Susan Moore,AL,34.08371,-86.42832,770
Clay,AL,33.7026,-86.59971,9655
Clayhatchee,AL,31.23573,-85.72271,577
Clayton,AL,31.87822,-85.44966,2925
Cleveland,AL,33.99093,-86.57749,1315
Clio,AL,31.70878,-85.6105,1529
Coaling,AL,33.15901,-87.34083,1648
Coker,AL,33.24595,-87.68779,978
Collinsville,AL,34.26398,-85.86053,1973
Columbia,AL,31.29271,-85.11267,737
Columbiana,AL,33.17817,-86.60721,4168
Concord,AL,33.46761,-87.03111,1837
Coosada,AL,32.49791,-86.33136,1240
Cordova,AL,33.75983,-87.18333,2028
Cottonwood,AL,31.04879,-85.30493,1264
Courtland,AL,34.66898,-87.30946,597
Cowarts,AL,31.20018,-85.30465,1988
Creola,AL,30.89185,-88.03972,1955
Crossville,AL,34.28759,-85.99414,1848
Cullman,AL,34.17482,-86.84361,15350
Dadeville,AL,32.83124,-85.76357,3150
Daleville,AL,31.31017,-85.71299,5141
Danville,AL,34.41454,-87.08751,6242
Daphne,AL,30.60353,-87.9036,24896
Dauphin Island,AL,30.25548,-88.10972,1251
Deatsville,AL,32.60819,-86.39581,1157
Decatur,AL,34.60593,-86.98334,55437
Demopolis,AL,32.51764,-87.8364,7148
Dodge City,AL,34.04066,-86.88583,603
Dora,AL,33.72872,-87.09028,1960
Dothan,AL,31.22323,-85.39049,68567
Double Springs,AL,34.14637,-87.40247,1056
Douglas,AL,34.17371,-86.32359,758
Dunnavant,AL,33.49344,-86.54415,981
East Brewton,AL,31.09323,-87.06275,2419
East Florence,AL,34.80953,-87.64947,35733
Eclectic,AL,32.63541,-86.03441,1029
Edgewater,AL,33.52677,-86.95777,883
Egypt,AL,34.07371,-86.15581,932
Elberta,AL,30.41436,-87.59776,1652
Enterprise,AL,31.31517,-85.85522,27978
Eufaula,AL,31.89127,-85.14549,12596
Eutaw,AL,32.84059,-87.88762,2766
Eva,AL,34.33232,-86.75889,511
Evergreen,AL,31.4335,-86.95692,3774
Excel,AL,31.42794,-87.34137,672
Fairfield,AL,33.48594,-86.91194,10907
Fairhope,AL,30.52297,-87.90333,18730
Falkville,AL,34.36843,-86.90862,1268
Fayette,AL,33.68455,-87.83085,4490
Fayetteville,AL,33.14567,-86.40581,1284
Flint City,AL,34.52315,-86.97029,1033
Florala,AL,31.00518,-86.328,1973
Florence,AL,34.79981,-87.67725,40026
Flomaton,AL,31.00018,-87.26081,1411
Foley,AL,30.40659,-87.6836,17218
Forestdale,AL,33.57011,-86.89638,10162
Forkland,AL,32.64819,-87.88335,601
Fort Deposit,AL,31.98459,-86.57859,1240
Fort Payne,AL,34.44425,-85.71969,14150
Frisco City,AL,31.4335,-87.40138,1223
Fultondale,AL,33.60483,-86.79388,9048
Fyffe,AL,34.44676,-85.90414,1023
Gadsden,AL,34.01434,-86.00639,36084
Gallant,AL,33.99871,-86.24526,855
Gardendale,AL,33.6601,-86.81277,13711
Geneva,AL,31.03296,-85.86382,4460
Georgiana,AL,31.6371,-86.74192,1667
Geraldine,AL,34.35148,-86.00081,902
Glencoe,AL,33.95704,-85.93247,5153
Good Hope,AL,34.11593,-86.86361,2281
Goodwater,AL,33.06567,-86.0533,1343
Gordo,AL,33.32012,-87.9028,1687
Grand Bay,AL,30.47631,-88.34223,3672
Grant,AL,34.5287,-86.25332,903
Grayson Valley,AL,33.64816,-86.63943,5736
Graysville,AL,33.62066,-86.97138,2096
Greensboro,AL,32.70415,-87.5955,2387
Greenville,AL,31.8296,-86.61775,7845
Grimes,AL,31.30462,-85.44799,546
Grove Hill,AL,31.70877,-87.77722,1494
Guin,AL,33.96566,-87.91475,2322
Gulf Shores,AL,30.24604,-87.70082,11131
Guntersville,AL,34.35823,-86.29446,8385
Gurley,AL,33.77649,-86.63777,886
Hackleburg,AL,34.27732,-87.82864,1486
Haleyville,AL,34.22649,-87.62141,4088
Hamilton,AL,34.14232,-87.98864,6772
Hanceville,AL,34.06065,-86.7675,3281
Harpersville,AL,33.344,-86.43804,1681
Hartford,AL,31.1024,-85.69688,2647
Hartselle,AL,34.44343,-86.93528,14493
Harvest,AL,34.85564,-86.75083,5281
Hayden,AL,33.8926,-86.75777,1341
Hayneville,AL,32.18403,-86.58025,862
Hazel Green,AL,34.93231,-86.57194,3630
Headland,AL,31.35128,-85.34216,4736
Heflin,AL,33.64899,-85.58746,3499
Helena,AL,33.29622,-86.8436,18264
Henagar,AL,34.63508,-85.76719,2346
Hillsboro,AL,34.63926,-87.19168,519
Hissop,AL,32.89235,-86.1533,658
Hobson City,AL,33.62149,-85.84413,768
Hokes Bluff,AL,33.99815,-85.86636,4301
Hollins,AL,33.11762,-86.14442,545
Hollis Crossroads,AL,33.52372,-85.63718,608
Holly Pond,AL,34.17426,-86.61638,812
Hollywood,AL,34.72425,-85.97248,974
Holt,AL,33.23401,-87.48445,3638
Holtville,AL,32.63624,-86.32664,4096
Homewood,AL,33.47177,-86.80082,25708
Hoover,AL,33.40539,-86.81138,84848
Horton,AL,34.20093,-86.29692,4450
Hueytown,AL,33.45122,-86.99666,15710
Huguley,AL,32.83457,-85.22966,2540
Huntsville,AL,34.7304,-86.58594,215006
Hurtsboro,AL,32.24181,-85.41633,600
Ider,AL,34.71425,-85.6808,716
Indian Springs Village,AL,33.35539,-86.75443,2523
Inverness,AL,32.01488,-85.74606,1621
Irondale,AL,33.53816,-86.70721,12423
Ivalee,AL,34.03454,-86.14525,879
Jack,AL,31.57405,-86.00023,1379
Jackson,AL,31.50905,-87.89444,4967
Jacksons Gap,AL,32.88624,-85.81163,828
Jacksonville,AL,33.81382,-85.7613,12222
Jasper,AL,33.83122,-87.27751,14071
Jemison,AL,32.95985,-86.74665,2619
Joppa,AL,34.29787,-86.5561,501
Joquin,AL,31.78654,-86.16412,501
Killen,AL,34.86286,-87.53753,982
Kimberly,AL,33.77344,-86.81388,2892
Kinsey,AL,31.29906,-85.34438,2197
Kinston,AL,31.216,-86.17106,540
Ladonia,AL,32.4682,-85.0791,3142
Lafayette,AL,32.89985,-85.40106,3003
Lake Purdy,AL,33.43011,-86.68054,7857
Lake View,AL,33.28067,-87.1375,2114
Lanett,AL,32.86874,-85.1905,6452
Leeds,AL,33.54816,-86.54443,11936
Leesburg,AL,34.17982,-85.76136,1014
Leighton,AL,34.70092,-87.52892,712
Leroy,AL,31.50461,-87.98472,911
Level Plains,AL,31.29962,-85.77799,2023
Lexington,AL,34.96925,-87.37113,723
Lillian,AL,30.41298,-87.43692,1330
Linden,AL,32.30625,-87.79807,2025
Lincoln,AL,33.61316,-86.11831,6524
Lineville,AL,33.31067,-85.75441,2319
Lisman,AL,32.16876,-88.28253,505
Lipscomb,AL,33.42566,-86.92666,2155
Littleville,AL,34.59065,-87.67697,990
Livingston,AL,32.5843,-88.18725,3414
Lockhart,AL,31.01046,-86.34967,519
Locust Fork,AL,33.9076,-86.61527,1192
Loxley,AL,30.61825,-87.75305,1785
Luverne,AL,31.71655,-86.26385,2834
Lynn,AL,34.04705,-87.54974,641
Madison,AL,34.69926,-86.74833,46962
Magnolia Springs,AL,30.39964,-87.7761,791
Malvern,AL,31.13934,-85.5191,1446
Maplesville,AL,32.78897,-86.87353,704
Marbury,AL,32.70124,-86.47109,1418
Margaret,AL,33.68621,-86.47498,4554
Marion,AL,32.63235,-87.31917,3447
Mathews,AL,32.26542,-86.00385,593
McDonald Chapel,AL,33.52177,-86.9336,717
McKenzie,AL,31.54238,-86.71497,513
Meadowbrook,AL,33.40205,-86.69665,8769
Meridianville,AL,34.85148,-86.57222,6021
Midfield,AL,33.4615,-86.90888,5222
Midland City,AL,31.31906,-85.49382,2386
Mignon,AL,33.18345,-86.26109,1284
Millbrook,AL,32.47986,-86.36192,15314
Millport,AL,33.56345,-88.08142,998
Millry,AL,31.63405,-88.31335,524
Minor,AL,33.53733,-86.94055,1094
Mobile,AL,30.69436,-88.04305,183289
Monroeville,AL,31.52794,-87.32471,6110
Montevallo,AL,33.10067,-86.86416,6648
Montgomery,AL,32.36681,-86.29997,195287
Moody,AL,33.59094,-86.49082,12593
Moores Mill,AL,34.84398,-86.51832,5682
Morris,AL,33.74816,-86.8086,1934
Mosses,AL,32.17459,-86.67192,955
Moulton,AL,34.48121,-87.29335,3337
Moundville,AL,32.99762,-87.63001,2460
Mount Olive,AL,33.67094,-86.8561,4079
Mount Vernon,AL,31.08518,-88.01333,1518
Mountain Brook,AL,33.50094,-86.75221,20691
Mulga,AL,33.54983,-86.97416,819
Munford,AL,33.52983,-85.9508,1259
Muscle Shoals,AL,34.74481,-87.66753,13706
New Brockton,AL,31.38572,-85.92939,1159
New Hope,AL,34.53712,-86.39426,2800
New Market,AL,34.91003,-86.42779,1597
New Site,AL,33.03734,-85.77413,755
Newton,AL,31.33517,-85.60521,1472
Newville,AL,31.42184,-85.33771,520
North Bibb,AL,33.20401,-87.15305,1013
North Courtland,AL,34.67231,-87.32974,632
Northport,AL,33.22901,-87.57723,24772
Notasulga,AL,32.56069,-85.67245,856
Oak Grove,AL,33.19178,-86.29942,517
Oakman,AL,33.71344,-87.38862,760
Odenville,AL,33.67732,-86.39665,3695
Ohatchee,AL,33.78343,-86.00247,1146
Opelika,AL,32.64541,-85.37828,29527
Oneonta,AL,33.94815,-86.47276,6615
Opp,AL,31.28267,-86.25551,6658
Orange Beach,AL,30.29437,-87.57359,5850
Our Town,AL,32.82818,-85.96191,641
Owens Cross Roads,AL,34.58815,-86.45888,1785
Oxford,AL,33.61427,-85.83496,21249
Ozark,AL,31.45906,-85.64049,14719
Parrish,AL,33.73066,-87.28445,963
Pelham,AL,33.28567,-86.80999,22885
Pell City,AL,33.58621,-86.28609,13646
Perdido Beach,AL,30.34076,-87.50498,581
Phenix City,AL,32.47098,-85.00077,37570
Phil Campbell,AL,34.35093,-87.70642,1235
Pickensville,AL,33.22734,-88.26642,581
Piedmont,AL,33.92455,-85.61135,4714
Pike Road,AL,32.28431,-86.10302,8274
Pinckard,AL,31.31156,-85.55299,634
Pine Hill,AL,31.97959,-87.58806,919
Pine Level,AL,32.58374,-86.46553,4183
Pinson,AL,33.68899,-86.68332,7438
Pisgah,AL,34.68092,-85.84775,711
Pleasant Grove,AL,33.49094,-86.97027,10260
Point Clear,AL,30.47408,-87.91916,2125
Powell,AL,34.53183,-85.89455,957
Prattville,AL,32.46402,-86.4597,35420
Priceville,AL,34.52509,-86.89473,3179
Prichard,AL,30.7388,-88.07889,22351
Ragland,AL,33.74454,-86.15581,1682
Rainbow City,AL,33.95482,-86.04192,9580
Rainsville,AL,34.49425,-85.84775,5031
Red Bay,AL,34.43982,-88.14087,3131
Reece City,AL,34.07232,-86.03331,632
Reeltown,AL,32.60374,-85.80524,766
Reform,AL,33.37845,-88.0153,1632
Rehobeth,AL,31.12296,-85.45271,1449
Riverside,AL,33.60621,-86.20442,2300
River Falls,AL,31.35327,-86.54102,527
Roanoke,AL,33.15123,-85.37217,6005
Robertsdale,AL,30.5538,-87.71193,5894
Rock Creek,AL,33.47705,-87.08027,1456
Rock Mills,AL,33.15984,-85.28745,600
Rockford,AL,32.88957,-86.21969,449
Rogersville,AL,34.82578,-87.29676,1231
Russellville,AL,34.50787,-87.72864,9847
Saks,AL,33.69871,-85.83969,10744
Samson,AL,31.11295,-86.04605,1928
Sand Rock,AL,34.24287,-85.76858,558
Saraland,AL,30.82074,-88.07056,13906
Sardis City,AL,34.17426,-86.12275,1755
Satsuma,AL,30.85324,-88.05611,6182
Scottsboro,AL,34.67231,-86.03415,14722
Section,AL,34.57897,-85.98664,759
Selma,AL,32.40736,-87.0211,19519
Semmes,AL,30.77824,-88.25917,3886
Sheffield,AL,34.76509,-87.69864,9108
Shelby,AL,33.1104,-86.58415,1044
Silverhill,AL,30.54547,-87.75166,761
Skyline,AL,34.81397,-86.11526,839
Slocomb,AL,31.10823,-85.59438,1972
Smiths Station,AL,32.54014,-85.09855,5300
Smoke Rise,AL,33.89177,-86.82027,1825
Snead,AL,34.11954,-86.39554,843
Somerville,AL,34.47338,-86.7987,716
South Vinemont,AL,34.23899,-86.86445,757
Southside,AL,33.92454,-86.02247,8572
Spanish Fort,AL,30.67491,-87.91527,8065
Springville,AL,33.77505,-86.47191,4198
Steele,AL,33.93982,-86.20164,1078
Sterrett,AL,33.44872,-86.47998,712
Stevenson,AL,34.86869,-85.83942,1991
Stewartville,AL,33.07929,-86.24442,1767
Sulligent,AL,33.90177,-88.13448,1844
Sumiton,AL,33.75566,-87.05,2418
Summerdale,AL,30.4877,-87.69971,1128
Sylacauga,AL,33.17317,-86.25164,12657
Sylvan Springs,AL,33.51566,-87.01499,1524
Sylvania,AL,34.56231,-85.81247,1854
Talladega,AL,33.43594,-86.1058,15709
Tallassee,AL,32.53597,-85.89329,4778
Tarrant,AL,33.58344,-86.77277,6210
Taylor,AL,31.1649,-85.46827,2402
Theodore,AL,30.54769,-88.17528,6130
Thomasville,AL,31.91349,-87.73584,4051
Thorsby,AL,32.91568,-86.71582,2044
Tillmans Corner,AL,30.59019,-88.17084,17398
Town Creek,AL,34.6812,-87.40613,1065
Trafford,AL,33.81816,-86.74277,634
Triana,AL,34.5862,-86.73333,525
Trinity,AL,34.60676,-87.08835,2157
Troy,AL,31.80877,-85.96995,18853
Trussville,AL,33.61983,-86.60888,21023
Tuscaloosa,AL,33.20984,-87.56917,111338
Tuscumbia,AL,34.7312,-87.70253,8474
Tuskegee,AL,32.42415,-85.69096,8817
Union Springs,AL,32.14432,-85.71495,3919
Uniontown,AL,32.44958,-87.51417,2415
Valley,AL,32.81874,-85.17939,9464
Valley Grande,AL,32.50902,-86.98749,3849
Valley Head,AL,34.56897,-85.61497,550
Vandiver,AL,33.47066,-86.51332,1135
Vance,AL,33.17428,-87.23361,1513
Vernon,AL,33.75705,-88.10892,1895
Vestavia Hills,AL,33.44872,-86.78777,34174
Vincent,AL,33.38455,-86.41192,2120
Wadley,AL,33.12289,-85.56968,738
Walnut Grove,AL,34.06565,-86.30637,685
Warrior,AL,33.81427,-86.80944,3199
Weaver,AL,33.75205,-85.81135,3091
Webb,AL,31.26045,-85.27327,1413
Wedowee,AL,33.309,-85.48467,809
West Blocton,AL,33.11817,-87.125,1261
West Point,AL,34.23871,-86.95917,593
Westover,AL,33.34955,-86.53582,1473
Wetumpka,AL,32.54374,-86.21191,7994
White Hall,AL,32.32708,-86.71192,811
White Plains,AL,33.74732,-85.68913,811
Whitesboro,AL,34.16343,-86.06942,2138
Wilmer,AL,30.82324,-88.3614,597
Wilsonville,AL,33.23428,-86.48359,1980
Winfield,AL,33.92899,-87.81725,4570
Woodstock,AL,33.20678,-87.15,1547
Woodville,AL,34.62787,-86.27443,735
York,AL,32.48625,-88.29642,2399
Alexander,AR,34.62954,-92.44127,2848
Alma,AR,35.47787,-94.22188,5575
Altheimer,AR,34.31926,-91.84736,894
Altus,AR,35.4462,-93.76242,730
Amity,AR,34.26482,-93.46102,702
Arkadelphia,AR,34.12093,-93.05378,10745
Arkansas City,AR,33.60872,-91.20678,327
Ash Flat,AR,36.22396,-91.60848,1064
Ashdown,AR,33.67429,-94.13131,4479
Atkins,AR,35.24647,-92.93656,3051
Augusta,AR,35.28231,-91.36541,2051
Austin,AR,34.99842,-91.98376,3383
Avoca,AR,36.40202,-94.07076,512
Avilla,AR,34.68259,-92.58516,896
Bald Knob,AR,35.30981,-91.56791,2908
Barling,AR,35.32565,-94.3016,4740
Batesville,AR,35.7698,-91.64097,10668
Bay,AR,35.7423,-90.56233,1813
Bearden,AR,33.72455,-92.61571,897
Beebe,AR,35.07064,-91.87959,8106
Bella Vista,AR,36.4807,-94.27134,27999
Benton,AR,34.56454,-92.58683,34177
Bentonville,AR,36.37285,-94.20882,44499
Berryville,AR,36.36479,-93.56797,5371
Bethel Heights,AR,36.21424,-94.12937,2490
Black Rock,AR,36.1084,-91.09735,625
Blytheville,AR,35.9273,-89.91898,14694
Bonanza,AR,35.23926,-94.42605,556
Bono,AR,35.90868,-90.80262,2236
Booneville,AR,35.14009,-93.92159,3888
Bradford,AR,35.42314,-91.45596,760
Bradley,AR,33.09819,-93.6549,566
Brinkley,AR,34.88787,-91.19457,2890
Brookland,AR,35.90007,-90.58205,2977
Bryant,AR,34.59593,-92.48905,19986
Bull Shoals,AR,36.38396,-92.58155,1933
Cabot,AR,34.97453,-92.01653,25587
Caddo Valley,AR,34.18204,-93.07101,607
Calico Rock,AR,36.11951,-92.13599,1734
Camden,AR,33.58456,-92.83433,11347
Cammack Village,AR,34.77815,-92.34904,748
Caraway,AR,35.75813,-90.32232,1270
Carlisle,AR,34.78315,-91.74652,2183
Cave City,AR,35.94174,-91.54847,1868
Cave Springs,AR,36.26341,-94.23187,3076
Cedarville,AR,35.56981,-94.36688,1368
Centerton,AR,36.3598,-94.28521,12023
Charleston,AR,35.29704,-94.03632,2483
Cherokee Village,AR,36.29784,-91.51597,4603
Cherry Valley,AR,35.40203,-90.75317,615
Clarendon,AR,34.69315,-91.31374,1504
Clarksville,AR,35.47147,-93.46657,9433
Clinton,AR,35.59147,-92.46044,2538
Coal Hill,AR,35.43731,-93.67297,1025
College City,AR,36.12535,-90.93929,537
College Station,AR,34.70815,-92.22126,600
Conway,AR,35.0887,-92.4421,64980
Corning,AR,36.40784,-90.57983,3162
Cotter,AR,36.27118,-92.53544,951
Cotton Plant,AR,35.00815,-91.25124,604
Crossett,AR,33.12818,-91.96124,5220
Danville,AR,35.05398,-93.39352,2350
Dardanelle,AR,35.22314,-93.15795,4659
De Queen,AR,34.03789,-94.34132,6707
De Valls Bluff,AR,34.78482,-91.45846,587
De Witt,AR,34.29288,-91.3379,3292
Decatur,AR,36.33591,-94.46077,1773
Dennard,AR,35.75674,-92.52461,530
Dermott,AR,33.52539,-91.43595,2720
Des Arc,AR,34.97704,-91.49513,1639
Diamond City,AR,36.46451,-92.92017,781
Diaz,AR,35.63841,-91.26513,1248
Dierks,AR,34.11928,-94.01658,1092
Dover,AR,35.40147,-93.11434,1398
Dumas,AR,33.88705,-91.49179,4323
Dyer,AR,35.49231,-94.13771,860
Earle,AR,35.27509,-90.46677,2282
East End,AR,34.55065,-92.34099,6998
El Dorado,AR,33.20763,-92.66627,18386
Elaine,AR,34.30844,-90.85205,556
Elkins,AR,36.00147,-94.00825,2946
Elm Springs,AR,36.20619,-94.23437,2147
England,AR,34.54426,-91.96903,2765
Eudora,AR,33.10957,-91.26206,2102
Eureka Springs,AR,36.40118,-93.73797,2083
Fairfield Bay,AR,35.59424,-92.27793,2268
Farmington,AR,36.04202,-94.24715,6701
Fayetteville,AR,36.06258,-94.15743,82830
Flippin,AR,36.27896,-92.59711,1335
Foreman,AR,33.72178,-94.39687,951
Fordyce,AR,33.81372,-92.41293,4027
Forrest City,AR,35.00815,-90.78983,14672
Fort Smith,AR,35.38592,-94.39855,88194
Fouke,AR,33.26124,-93.88546,873
Fountain Lake,AR,34.57287,-92.98768,503
Garfield,AR,36.44841,-93.97409,527
Gassville,AR,36.28312,-92.49405,2133
Gentry,AR,36.26758,-94.48466,3397
Gibson,AR,34.88426,-92.2357,3543
Gillett,AR,34.11732,-91.37651,688
Glenwood,AR,34.32677,-93.55074,2141
Gosnell,AR,35.95979,-89.97203,2689
Goshen,AR,36.10119,-93.99131,1589
Gould,AR,33.9851,-91.56096,778
Grannis,AR,34.24067,-94.33493,562
Gravel Ridge,AR,34.86842,-92.1907,2902
Gravette,AR,36.42202,-94.45355,3232
Green Forest,AR,36.33535,-93.43602,2769
Greenbrier,AR,35.23397,-92.38765,5296
Greenland,AR,35.99425,-94.1752,1388
Greenwood,AR,35.21565,-94.25577,9322
Greers Ferry,AR,35.57702,-92.17737,871
Gurdon,AR,33.92094,-93.15406,2144
Hackett,AR,35.19037,-94.41105,818
Hamburg,AR,33.22818,-91.79763,2791
Hampton,AR,33.53789,-92.46988,1281
Hardy,AR,36.3159,-91.48264,759
Harrisburg,AR,35.56425,-90.71678,2302
Harrison,AR,36.22979,-93.10768,13138
Hartford,AR,35.02288,-94.38133,643
Hartman,AR,35.43258,-93.61547,530
Haskell,AR,34.50148,-92.63655,4480
Hazen,AR,34.78093,-91.58097,1404
Heber Springs,AR,35.49147,-92.03126,7156
Helena,AR,34.52955,-90.59177,5548
Hermitage,AR,33.4465,-92.17403,804
Higginson,AR,35.19481,-91.71264,653
Highland,AR,36.2759,-91.52403,1054
Highfill,AR,36.26147,-94.35771,632
Holiday Island,AR,36.48535,-93.73214,2373
Holland,AR,35.17147,-92.27376,546
Holly Grove,AR,34.59593,-91.19984,546
Hope,AR,33.66706,-93.59157,9891
Horatio,AR,33.93845,-94.35715,1058
Horseshoe Bend,AR,36.22923,-91.76431,2092
Hot Springs,AR,34.5037,-93.05518,35635
Hot Springs Village,AR,34.67204,-92.99879,12807
Hoxie,AR,36.05035,-90.97512,2680
Hughes,AR,34.94926,-90.47149,1323
Humphrey,AR,34.42204,-91.70624,524
Huntington,AR,35.08232,-94.26327,626
Huntsville,AR,36.08619,-93.7413,2378
Huttig,AR,33.03957,-92.18264,564
Imboden,AR,36.20257,-91.17457,640
Jacksonville,AR,34.8662,-92.11015,28643
Jasper,AR,36.00813,-93.18657,449
Johnson,AR,36.13286,-94.16548,3634
Joiner,AR,35.50786,-90.14704,540
Jonesboro,AR,35.8423,-90.70428,73907
Judsonia,AR,35.27009,-91.63986,2027
Junction City,AR,33.01625,-92.72432,547
Keiser,AR,35.67452,-90.09981,704
Kensett,AR,35.23175,-91.66764,1651
Kibler,AR,35.43037,-94.2316,943
Kirby,AR,34.25038,-93.6413,786
Knoxville,AR,35.38203,-93.36435,746
Lake City,AR,35.81619,-90.43427,2324
Lake Hamilton,AR,34.42453,-93.09518,2135
Lake Village,AR,33.32873,-91.28178,2575
Lakeview,AR,36.36868,-92.54544,726
Lamar,AR,35.44064,-93.38796,1668
Landmark,AR,34.6112,-92.3196,3555
Lavaca,AR,35.3362,-94.17326,2404
Leachville,AR,35.93591,-90.25788,1868
Leola,AR,34.16954,-92.59099,503
Lepanto,AR,35.61119,-90.32982,1834
Lewisville,AR,33.35846,-93.57768,1181
Lincoln,AR,35.94953,-94.42355,2431
Little Flock,AR,36.38591,-94.1352,2748
Little Rock,AR,34.74648,-92.28959,202591
Lockesburg,AR,33.96734,-94.16853,741
London,AR,35.32897,-93.25296,1046
Lonoke,AR,34.78398,-91.89986,4249
Lowell,AR,36.25535,-94.13076,8549
Luxora,AR,35.75619,-89.92814,1102
Madison,AR,35.01315,-90.72261,707
Magazine,AR,35.15092,-93.80687,823
Magnolia,AR,33.26707,-93.23933,11669
Malvern,AR,34.36231,-92.81295,10928
Mammoth Spring,AR,36.49562,-91.5407,969
Manila,AR,35.88007,-90.16704,3736
Mansfield,AR,35.05954,-94.25271,1096
Marianna,AR,34.77371,-90.75761,3766
Marion,AR,35.21453,-90.19648,12292
Marked Tree,AR,35.53286,-90.42066,2501
Marmaduke,AR,36.18701,-90.38316,1216
Marshall,AR,35.90896,-92.63127,1300
Marvell,AR,34.55566,-90.91289,1047
Maumelle,AR,34.86676,-92.40432,17931
Mayflower,AR,34.95703,-92.42738,2431
McAlmont,AR,34.80842,-92.18181,1873
McCrory,AR,35.2562,-91.20012,1601
McGehee,AR,33.629,-91.39956,3919
McRae,AR,35.11286,-91.82236,680
Melbourne,AR,36.05951,-91.90848,1779
Mena,AR,34.58622,-94.23966,5653
Midway,AR,36.38534,-92.46183,1084
Mineral Springs,AR,33.87512,-93.9138,1161
Monette,AR,35.89063,-90.34427,1527
Monticello,AR,33.629,-91.79096,9820
Morrilton,AR,35.15092,-92.74405,6738
Mount Ida,AR,34.55676,-93.63408,1025
Mountain Pine,AR,34.57203,-93.17324,778
Mountain View,AR,35.86841,-92.11765,2837
Mountainburg,AR,35.63564,-94.16743,619
Mountain Home,AR,36.33534,-92.38516,12330
Mulberry,AR,35.50064,-94.05159,1634
Murfreesboro,AR,34.06233,-93.6899,1580
Nashville,AR,33.94567,-93.84713,4479
Newark,AR,35.70174,-91.44152,1177
Newport,AR,35.6048,-91.2818,7767
Norphlet,AR,33.31596,-92.66293,824
North Crossett,AR,33.16568,-91.94152,3119
North Little Rock,AR,34.76954,-92.26709,66504
Oak Grove Heights,AR,36.1209,-90.51066,991
Ola,AR,35.03231,-93.22323,1250
Oppelo,AR,35.1012,-92.76767,766
Osceola,AR,35.70508,-89.96953,7233
Oxford,AR,36.22118,-91.92932,647
Ozark,AR,35.48703,-93.8277,3590
Palestine,AR,34.97232,-90.90262,623
Pangburn,AR,35.42675,-91.83681,602
Paragould,AR,36.0584,-90.49733,27900
Paris,AR,35.29203,-93.72992,3443
Parkin,AR,35.26342,-90.57122,1105
Pea Ridge,AR,36.45396,-94.1152,5242
Perryville,AR,35.00481,-92.80267,1432
Piggott,AR,36.38284,-90.19065,3655
Pine Bluff,AR,34.22843,-92.0032,44772
Piney,AR,34.50314,-93.12602,4699
Plainview,AR,34.98954,-93.2974,598
Plumerville,AR,35.16008,-92.64072,805
Pocahontas,AR,36.26146,-90.97123,6438
Pottsville,AR,35.24814,-93.04906,3082
Prairie Creek,AR,36.34202,-94.06187,2066
Prairie Grove,AR,35.97591,-94.31771,5186
Prescott,AR,33.80261,-93.38101,3133
Quitman,AR,35.38425,-92.21571,742
Rector,AR,36.26312,-90.2926,1840
Redfield,AR,34.4451,-92.1832,1541
Rison,AR,33.95843,-92.19015,1282
Rockport,AR,34.38759,-92.82545,753
Rockwell,AR,34.46426,-93.13379,3780
Rogers,AR,36.33202,-94.11854,63159
Roland,AR,34.90064,-92.49821,746
Russellville,AR,35.27842,-93.13379,29166
Salem,AR,34.62898,-92.55822,2607
Searcy,AR,35.25064,-91.73625,24196
Shannon Hills,AR,34.62009,-92.39543,3786
Sheridan,AR,34.30704,-92.40127,4812
Siloam Springs,AR,36.18814,-94.5405,16081
Smackover,AR,33.36485,-92.72488,1782
Southside,AR,35.69841,-91.62347,2231
Springdale,AR,36.18674,-94.12881,77859
Stamps,AR,33.3654,-93.49518,1551
Star City,AR,33.94288,-91.84347,2180
Stephens,AR,33.41123,-93.06961,827
Strong,AR,33.10763,-92.33486,558
Stuttgart,AR,34.50037,-91.55263,9056
Subiaco,AR,35.29287,-93.63464,562
Sulphur Springs,AR,34.18065,-92.12348,1101
Summit,AR,36.25229,-92.69072,579
Sweet Home,AR,34.68648,-92.24237,849
Swifton,AR,35.82174,-91.12846,756
Taylor,AR,33.10041,-93.46101,545
Texarkana,AR,33.44179,-94.03769,30353
Tontitown,AR,36.17786,-94.23354,2811
Traskwood,AR,34.44926,-92.65405,543
Trumann,AR,35.67369,-90.50733,7145
Tuckerman,AR,35.73063,-91.19846,1759
Tumbling Shoals,AR,35.54202,-91.96737,978
Turrell,AR,35.37981,-90.25787,575
Tyronza,AR,35.49008,-90.35871,744
Van Buren,AR,35.43676,-94.34827,23081
Vilonia,AR,35.08398,-92.20793,4439
Waldo,AR,33.35151,-93.29573,1301
Waldron,AR,34.89843,-94.09076,3442
Walnut Ridge,AR,36.0684,-90.95595,4673
Ward,AR,35.03036,-91.95042,4704
Warren,AR,33.61261,-92.06458,5804
Weiner,AR,35.62036,-90.89845,688
West Crossett,AR,33.14096,-91.99402,1256
West Fork,AR,35.92425,-94.18854,2543
West Helena,AR,34.55066,-90.64177,7679
West Memphis,AR,35.14648,-90.18454,25052
White Hall,AR,34.27399,-92.09098,5180
Wickes,AR,34.30317,-94.33827,734
Wilmar,AR,33.629,-91.93152,508
Wilmot,AR,33.05735,-91.57345,518
Wilson,AR,35.56814,-90.04203,871
Wooster,AR,35.20203,-92.45599,999
Wrightsville,AR,34.60232,-92.21681,2260
Wynne,AR,35.22453,-90.78678,8193
Yellville,AR,36.22618,-92.68489,1169
Adams Morgan,DC,38.9215,-77.0422,15830
Anacostia,DC,38.8665,-76.98386,11789
Barry Farms,DC,38.8565,-76.99136,4129
Bellevue,DC,38.82678,-77.0197,9643
Benning,DC,38.89511,-76.94886,8978
Bloomingdale,DC,38.91678,-77.01137,4980
Brentwood Village,DC,38.92094,-76.98442,11359
Brightwood,DC,38.96122,-77.02748,17624
Brookland,DC,38.93289,-76.98414,8259
Capitol Hill,DC,38.889,-77.00025,15056
Chevy Chase,DC,38.981,-77.083,9545
Cleveland Park,DC,38.93622,-77.06553,9790
Columbia Heights,DC,38.92567,-77.02942,38000
Congress Heights,DC,38.84289,-77.00025,8180
Deanwood,DC,38.89845,-76.92942,9895
Dupont Circle,DC,38.90844,-77.04414,23226
Foggy Bottom,DC,38.9015,-77.0622,22146
Fort Lincoln,DC,38.92233,-76.95636,6367
Georgetown,DC,38.90483,-77.06248,11887
Glover Park,DC,38.92094,-77.0772,8124
Hillcrest,DC,38.86206,-76.95803,10205
Ivy City,DC,38.91122,-76.9847,5264
Kenilworth,DC,38.90595,-76.94025,7679
Lincoln Heights,DC,38.89456,-76.92886,8858
Mount Pleasant,DC,38.93067,-77.04081,35842
Park View,DC,38.93206,-77.02359,18796
Pennsylvania Avenue SE,DC,38.86817,-76.95803,5151
Petworth,DC,38.94594,-77.02498,18983
Pleasant Plains,DC,38.93067,-77.03025,21174
Riggs Park,DC,38.95428,-76.99414,9125
Shaw,DC,38.91206,-77.02137,17639
Tenleytown,DC,38.94956,-77.08581,5684
Washington,DC,38.89511,-77.03637,689545
Woodley Park,DC,38.92872,-77.05581,9856
Woodridge,DC,38.93122,-76.97109,6671
Bear,DE,39.62928,-75.65826,19371
Bellefonte,DE,39.766,-75.502,1193
Bethany Beach,DE,38.53956,-75.05518,1170
Blades,DE,38.63567,-75.60993,1354
Bridgeville,DE,38.74261,-75.60437,2256
Brookside,DE,39.66706,-75.72688,14353
Camden,DE,39.11345,-75.54187,3505
Cheswold,DE,39.21928,-75.58576,1415
Claymont,DE,39.80067,-75.45964,8253
Clayton,DE,39.29067,-75.63437,3123
Dagsboro,DE,38.54928,-75.24574,859
Delaware City,DE,39.57775,-75.58945,1741
Delmar,DE,38.45651,-75.57715,1730
Dover,DE,39.15817,-75.52437,39403
Edgemoor,DE,39.75011,-75.49964,5677
Elsmere,DE,39.73928,-75.59798,6146
Felton,DE,39.00845,-75.57798,1402
Frankford,DE,38.51734,-75.23491,933
Frederica,DE,39.009,-75.46575,825
Georgetown,DE,38.69011,-75.38547,7051
Glasgow,DE,39.60483,-75.74521,14303
Greenville,DE,39.779,-75.59826,2326
Greenwood,DE,38.80706,-75.59132,1066
Harrington,DE,38.92372,-75.5777,3691
Highland Acres,DE,39.12095,-75.52187,3459
Hockessin,DE,39.78761,-75.6966,13527
Kent Acres,DE,39.13178,-75.52492,1890
Laurel,DE,38.5565,-75.57131,4075
Lewes,DE,38.77456,-75.13935,3010
Long Neck,DE,38.62011,-75.15074,1980
Middletown,DE,39.44956,-75.71632,20372
Milford,DE,38.91261,-75.42797,10252
Millsboro,DE,38.5915,-75.2913,4216
Millville,DE,38.54956,-75.12324,590
Milton,DE,38.77761,-75.30991,2824
Nassau,DE,38.75206,-75.18769,3699
New Castle,DE,39.65948,-75.56359,5382
Newark,DE,39.68372,-75.74966,33817
Newport,DE,39.71372,-75.60937,1058
North Star,DE,39.76122,-75.7191,7980
Pike Creek,DE,39.73095,-75.7041,7898
Pike Creek Valley,DE,39.73622,-75.69827,11217
Rehoboth Beach,DE,38.72095,-75.07601,1458
Riverview,DE,39.0265,-75.51076,2456
Rodney Village,DE,39.13206,-75.53242,1487
Seaford,DE,38.64123,-75.61104,7586
Selbyville,DE,38.46039,-75.22074,2397
Smyrna,DE,39.29983,-75.60465,11319
Townsend,DE,39.39511,-75.6916,2177
Wilmington,DE,39.74595,-75.54659,70898
Wilmington Manor,DE,39.68678,-75.58437,7889
Wyoming,DE,39.11817,-75.55881,1465
Aberdeen,FL,26.55063,-80.14866,2672
Alachua,FL,29.75163,-82.42483,9757
Allapattah,FL,25.81454,-80.22394,54289
Allentown,FL,30.76269,-87.04219,894
Altamonte Springs,FL,28.66111,-81.36562,43159
Altha,FL,30.57047,-85.12714,529
Alturas,FL,27.87169,-81.71508,4185
Alva,FL,26.71562,-81.61008,2596
Andover,FL,25.96843,-80.21283,9877
Andrews,FL,29.53293,-82.88169,798
Anna Maria,FL,27.53115,-82.73343,1669
Apalachicola,FL,29.726,-84.9856,2281
Apollo Beach,FL,27.77308,-82.40759,14055
Apopka,FL,28.67617,-81.51186,48382
Arcadia,FL,27.21588,-81.85842,7851
Archer,FL,29.52997,-82.519,1173
Asbury Lake,FL,30.04913,-81.82149,8700
Astatula,FL,28.70972,-81.73285,1917
Astor,FL,29.16248,-81.52535,1556
Atlantic Beach,FL,30.33441,-81.3987,13193
Atlantis,FL,26.5909,-80.10088,2106
Auburndale,FL,28.0653,-81.78869,15035
Ave Maria,FL,26.33667,-81.43806,6242
Aventura,FL,25.95648,-80.13921,37649
Avon Park,FL,27.59587,-81.50619,10086
Azalea Park,FL,28.54111,-81.30062,12556
Babson Park,FL,27.83197,-81.5223,1356
Bagdad,FL,30.5988,-87.03223,3761
Bal Harbour,FL,25.89176,-80.12699,2877
Baldwin,FL,30.30274,-81.97539,1453
Balm,FL,27.75947,-82.2612,1457
Bartow,FL,27.89641,-81.84314,18972
Bay Harbor Islands,FL,25.88759,-80.13116,6036
Bay Hill,FL,28.46806,-81.51618,4884
Bay Pines,FL,27.81419,-82.77816,2931
Bayonet Point,FL,28.32667,-82.68343,23467
Bayshore Gardens,FL,27.42532,-82.59038,16323
Beacon Square,FL,28.20862,-82.75538,7224
Bee Ridge,FL,27.28394,-82.48065,9598
Belle Glade,FL,26.68451,-80.66756,18251
Belle Glade Camp,FL,26.65757,-80.68284,1167
Belle Isle,FL,28.45834,-81.35924,6689
Belleair,FL,27.93585,-82.80621,3992
Belleair Beach,FL,27.92308,-82.84316,1609
Belleair Bluffs,FL,27.92141,-82.81705,2095
Belleview,FL,29.05526,-82.06231,4765
Bellview,FL,30.46159,-87.31497,23355
Beverly Hills,FL,28.91692,-82.45815,8445
Big Coppitt Key,FL,24.59653,-81.66009,2458
Big Pine Key,FL,24.66987,-81.35397,4252
Biscayne Park,FL,25.8826,-80.1806,3216
Bithlo,FL,28.55472,-81.10645,8268
Black Diamond,FL,28.91248,-82.48593,1101
Bloomingdale,FL,27.89364,-82.24037,22711
Blountstown,FL,30.44379,-85.04744,2497
Boca Del Mar,FL,26.34508,-80.14671,24244
Boca Pointe,FL,26.33313,-80.15949,4073
Boca Raton,FL,26.35869,-80.0831,93235
Bokeelia,FL,26.70563,-82.15898,1780
Bonifay,FL,30.79186,-85.67965,2726
Bonita Springs,FL,26.33981,-81.7787,51704
Bowling Green,FL,27.63837,-81.82397,2919
Boyette,FL,27.81753,-82.22259,6518
Boynton Beach,FL,26.52535,-80.06643,73966
Bradenton,FL,27.49893,-82.57482,54437
Bradenton Beach,FL,27.46761,-82.6983,1171
Bradley Junction,FL,27.79531,-81.98036,686
Brandon,FL,27.9378,-82.28592,103483
Branford,FL,29.95912,-82.92818,721
Brent,FL,30.46881,-87.23608,21804
Briny Breezes,FL,26.50841,-80.05087,603
Bristol,FL,30.43247,-84.97702,976
Broadview Park,FL,26.09953,-80.20866,7125
Bronson,FL,29.44774,-82.64233,1110
Brookridge,FL,28.5511,-82.49204,4420
Brooksville,FL,28.55554,-82.38991,7854
Broward Estates,FL,26.12564,-80.19338,3777
Brownsville,FL,25.82176,-80.24116,15313
Buckhead Ridge,FL,27.13033,-80.89367,1450
Buckingham,FL,26.67507,-81.73203,4036
Buenaventura Lakes,FL,28.33584,-81.35313,26079
Bunche Park,FL,25.92065,-80.23699,4080
Bunnell,FL,29.46609,-81.25784,2828
Burnt Store Marina,FL,26.76507,-82.05092,1793
Bushnell,FL,28.66499,-82.11286,2995
Butler Beach,FL,29.7983,-81.26701,4951
Callahan,FL,30.56218,-81.83066,1185
Callaway,FL,30.15298,-85.56993,14405
Campbell,FL,28.2589,-81.45646,2479
Cantonment,FL,30.60853,-87.33998,26493
Cape Canaveral,FL,28.40584,-80.60477,9912
Cape Coral,FL,26.56285,-81.94953,175229
Captiva,FL,26.52202,-82.18926,583
Carol City,FL,25.94065,-80.2456,63031
Carrabelle,FL,29.85326,-84.66435,2729
Carrollwood,FL,28.05002,-82.49287,33365
Carrollwood Village,FL,28.06752,-82.52093,40949
Carver Ranches,FL,25.98842,-80.19227,4406
Casselberry,FL,28.67778,-81.32785,27056
Cedar Grove,FL,30.17103,-85.6252,3397
Cedar Key,FL,29.13858,-83.03512,703
Celebration,FL,28.32529,-81.53313,7427
Center Hill,FL,28.64999,-81.99258,1194
Century,FL,30.97324,-87.26386,1762
Charlotte Harbor,FL,26.95839,-82.06703,3714
Charlotte Park,FL,26.91006,-82.05398,2325
Chattahoochee,FL,30.70546,-84.84574,3144
Cheval,FL,28.14862,-82.51454,10702
Chiefland,FL,29.47496,-82.85984,2218
Chipley,FL,30.78186,-85.53854,3565
Christmas,FL,28.53639,-81.01756,1146
Chumuckla,FL,30.77658,-87.23719,850
Chuluota,FL,28.64194,-81.1234,2483
Citra,FL,29.41192,-82.10982,5732
Citrus Hills,FL,28.88831,-82.4326,7470
Citrus Park,FL,28.07835,-82.56982,24252
Citrus Ridge,FL,28.33385,-81.64232,13285
Citrus Springs,FL,28.99748,-82.47065,8622
Clarcona,FL,28.61278,-81.49868,2990
Clearwater,FL,27.96585,-82.8001,117292
Clermont,FL,28.54944,-81.77285,32390
Clewiston,FL,26.75423,-80.93368,7505
Cleveland,FL,26.96173,-81.98398,2990
Cocoa,FL,28.38612,-80.742,17711
Cocoa Beach,FL,28.32055,-80.60922,11595
Coconut Creek,FL,26.25175,-80.17894,59302
Coconut Grove,FL,25.7126,-80.25699,20076
Coleman,FL,28.79971,-82.07009,843
Combee Settlement,FL,28.05835,-81.90536,5577
Conway,FL,28.50278,-81.33062,13467
Cooper City,FL,26.05731,-80.27172,35364
Coral Gables,FL,25.72149,-80.26838,51117
Coral Springs,FL,26.27119,-80.2706,129485
Coral Terrace,FL,25.74593,-80.3045,24376
Cortez,FL,27.46921,-82.68621,4241
Cottondale,FL,30.79714,-85.3766,900
Country Walk,FL,25.63399,-80.43228,15997
Country Club,FL,25.94815,-80.317,47105
Crawfordville,FL,30.17604,-84.37518,3702
Crescent Beach,FL,29.76886,-81.25368,931
Crescent City,FL,29.43025,-81.51063,1540
Crestview,FL,30.76213,-86.57051,23270
Crooked Lake Park,FL,27.82919,-81.58397,1722
Cross City,FL,29.63465,-83.12694,1707
Crystal Lake,FL,28.03558,-81.90841,5514
Crystal River,FL,28.90248,-82.5926,3089
Crystal Springs,FL,28.1814,-82.15758,1327
Cudjoe Key,FL,24.67153,-81.49842,1763
Cutler,FL,25.6151,-80.31061,18117
Cutler Ridge,FL,25.58066,-80.34672,26831
Cypress Gardens,FL,27.99391,-81.69008,8917
Cypress Lake,FL,26.53813,-81.89925,11846
Cypress Quarters,FL,27.25199,-80.81395,1215
Dade City,FL,28.36472,-82.19592,6955
Dania Beach,FL,26.05231,-80.14393,31446
Davenport,FL,28.1614,-81.60174,3534
Davie,FL,26.06287,-80.2331,100882
Daytona Beach,FL,29.21081,-81.02283,72647
Daytona Beach Shores,FL,29.17609,-80.98283,4389
DeFuniak Springs,FL,30.72102,-86.11522,5795
DeLand,FL,29.02832,-81.30312,30195
De Leon Springs,FL,29.11989,-81.35286,2614
DeBary,FL,28.88305,-81.30868,19998
Deerfield Beach,FL,26.31841,-80.09977,79768
Delray Beach,FL,26.46146,-80.07282,66255
Deltona,FL,28.90054,-81.26367,88474
Desoto Lakes,FL,27.37143,-82.48982,3646
Destin,FL,30.39353,-86.49578,13523
Doctor Phillips,FL,28.44945,-81.49229,10981
Doral,FL,25.81954,-80.35533,75874
Dover,FL,27.99419,-82.21953,3702
Duck Key,FL,24.77097,-80.91201,621
Dundee,FL,28.02252,-81.61924,4090
Dunedin,FL,28.0199,-82.77323,36164
Dunnellon,FL,29.04914,-82.46093,1777
Eagle Lake,FL,27.97836,-81.75647,2474
East Lake,FL,28.11085,-82.69482,30962
East Milton,FL,30.61519,-87.02163,11074
East Naples,FL,26.13842,-81.76648,22951
East Palatka,FL,29.6583,-81.59841,1654
East Pensacola Heights,FL,30.42881,-87.17997,54104
East Perrine,FL,25.60872,-80.33894,7156
Eastpoint,FL,29.7366,-84.87852,2337
Eatonville,FL,28.61472,-81.38062,2271
Edgewater,FL,28.98888,-80.90228,21566
Edgewood,FL,28.48612,-81.37229,2795
Eglin Village,FL,30.46298,-86.5394,7000
Egypt Lake-Leto,FL,28.01769,-82.50619,35282
El Portal,FL,25.85537,-80.1931,2491
Elfers,FL,28.21668,-82.72232,13986
Ellenton,FL,27.52171,-82.5276,4275
Eloise,FL,27.99474,-81.73813,23366
Englewood,FL,26.96201,-82.3526,14863
Ensley,FL,30.51881,-87.27275,20602
Estero,FL,26.43814,-81.80675,30799
Eustis,FL,28.85277,-81.68535,19986
Fairview Shores,FL,28.59111,-81.39424,10239
Fanning Springs,FL,29.59079,-82.92929,985
Feather Sound,FL,27.90079,-82.67349,3420
Fellsmere,FL,27.76781,-80.60144,5514
Fern Park,FL,28.64916,-81.35118,7704
Fernandina Beach,FL,30.66968,-81.46259,12339
Ferry Pass,FL,30.5102,-87.21247,28921
Fish Hawk,FL,27.85058,-82.21092,14087
Five Points,FL,30.20912,-82.63735,1265
Flagami,FL,25.76232,-80.31616,50834
Flagler Beach,FL,29.47498,-81.127,4869
Fleming Island,FL,30.0933,-81.71898,27126
Floral City,FL,28.74999,-82.29676,5217
Florida City,FL,25.44789,-80.47922,13085
Florida Ridge,FL,27.58031,-80.38672,18164
Forest City,FL,28.66678,-81.44334,13854
Fort Lauderdale,FL,26.12231,-80.14338,183146
Fort Meade,FL,27.75225,-81.80175,5975
Fort Myers,FL,26.62168,-81.84059,74013
Fort Myers Beach,FL,26.45271,-81.95011,6983
Fort Myers Shores,FL,26.70924,-81.74592,5487
Fort Pierce,FL,27.44671,-80.32561,44484
Fort Walton Beach,FL,30.42059,-86.61707,21817
Fort White,FL,29.92329,-82.71373,566
Fountainebleau,FL,25.77288,-80.34783,59764
Freeport,FL,30.49825,-86.13605,2052
Frostproof,FL,27.74586,-81.53063,3134
Fruit Cove,FL,30.11107,-81.64176,29362
Fruitland Park,FL,28.86138,-81.90647,4483
Fruitville,FL,27.32977,-82.4576,13224
Fuller Heights,FL,27.90919,-81.99814,8758
Fussels Corner,FL,28.05419,-81.86064,5561
Gainesville,FL,29.65163,-82.32483,145214
Gandy,FL,27.8685,-82.61612,2031
Garden Grove,FL,28.48027,-82.43509,674
Gateway,FL,26.57757,-81.75036,8401
Geneva,FL,28.73972,-81.11506,2940
Gibsonia,FL,28.11474,-81.97369,4571
Gibsonton,FL,27.85364,-82.38259,14234
Gifford,FL,27.67531,-80.40922,9590
Gladeview,FL,25.83926,-80.2356,11535
Glencoe,FL,29.02582,-80.972,2582
Glenvar Heights,FL,25.7076,-80.32561,16898
Golden Beach,FL,25.96509,-80.12227,972
Golden Gate,FL,26.18787,-81.69509,23961
Golden Glades,FL,25.91176,-80.20033,33145
Goldenrod,FL,28.61028,-81.28868,12039
Gonzalez,FL,30.58158,-87.29136,13273
Gotha,FL,28.52778,-81.52313,1915
Goulding,FL,30.44298,-87.22247,4102
Goulds,FL,25.56261,-80.38228,11446
Graceville,FL,30.95685,-85.5166,2222
Grand Ridge,FL,30.71291,-85.02328,872
Green Cove Springs,FL,29.99191,-81.67815,7277
Greenacres City,FL,26.62368,-80.12532,32963
Greensboro,FL,30.56961,-84.74527,605
Greenville,FL,30.46937,-83.63015,803
Greenwood,FL,30.87019,-85.16187,657
Gretna,FL,30.61714,-84.65991,1386
Grove City,FL,26.91423,-82.32704,1804
Groveland,FL,28.55805,-81.85119,11528
Gulf Breeze,FL,30.35714,-87.16386,6323
Gulf Gate Estates,FL,27.25173,-82.51471,10911
Gulf Stream,FL,26.49368,-80.05504,836
Gulfport,FL,27.74836,-82.70343,12322
Gun Club Estates,FL,26.67534,-80.10727,776
Haines City,FL,28.1145,-81.62009,22807
Hallandale Beach,FL,25.9812,-80.14838,39488
Harbor Bluffs,FL,27.90947,-82.8276,2860
Harbour Heights,FL,26.99089,-82.00231,2987
Harlem,FL,26.73757,-80.9509,2658
Harlem Heights,FL,26.51619,-81.92787,1975
Harold,FL,30.65908,-86.88024,823
Hastings,FL,29.71802,-81.50813,632
Havana,FL,30.62381,-84.41463,1688
Haverhill,FL,26.69118,-80.12004,2025
Hawthorne,FL,29.59191,-82.08732,1492
Heathrow,FL,28.76333,-81.37225,5896
Hernando,FL,28.89998,-82.37454,9054
Hernando Beach,FL,28.46944,-82.65927,2299
Hialeah,FL,25.8576,-80.27811,237069
Hialeah Gardens,FL,25.8651,-80.3245,23926
High Springs,FL,29.82691,-82.59678,5831
Highland Beach,FL,26.39952,-80.0656,3729
Highland City,FL,27.9653,-81.87786,10834
Hiland Park,FL,30.20103,-85.62687,1105
Hill 'n Dale,FL,28.51972,-82.29926,1934
Hilliard,FL,30.69107,-81.91733,3154
Hillsboro Beach,FL,26.29397,-80.07893,2004
Hobe Sound,FL,27.0595,-80.13643,11521
Holden Heights,FL,28.49667,-81.38785,3679
Holiday,FL,28.18779,-82.73955,22403
Holley,FL,30.44686,-86.90691,1630
Holly Hill,FL,29.24359,-81.03756,11943
Hollywood,FL,26.0112,-80.14949,149728
Holmes Beach,FL,27.49532,-82.71093,4199
Homestead,FL,25.46872,-80.47756,80737
Homosassa,FL,28.78137,-82.6151,2578
Homosassa Springs,FL,28.80359,-82.57593,13791
Hosford,FL,30.38705,-84.79943,650
Howey-in-the-Hills,FL,28.71694,-81.77341,1098
Hudson,FL,28.36445,-82.69343,12158
Hunters Creek,FL,28.36056,-81.42229,14321
Hypoluxo,FL,26.56646,-80.05337,2719
Immokalee,FL,26.41869,-81.4173,24154
Indialantic,FL,28.08946,-80.56561,2837
Indian Harbour Beach,FL,28.1489,-80.58839,8471
Indian River Estates,FL,27.36449,-80.30977,6220
Indian River Shores,FL,27.7167,-80.38422,4156
Indian Rocks Beach,FL,27.8753,-82.85122,4113
Indian Shores,FL,27.8628,-82.84844,1470
Indiantown,FL,27.02728,-80.48561,6083
Inglis,FL,29.03025,-82.66872,1311
Interlachen,FL,29.62421,-81.89256,1355
Inverness,FL,28.83582,-82.33037,7233
Inwood,FL,28.03697,-81.76508,6403
Iona,FL,26.52036,-81.96398,15369
Islamorada,FL,24.9243,-80.62784,7131
Isle of Normandy,FL,25.85287,-80.13505,8841
Ives Estates,FL,25.96231,-80.17671,19525
Jacksonville,FL,30.33218,-81.65565,1009833
Jacksonville Beach,FL,30.29469,-81.39314,23064
Jan-Phyl Village,FL,28.01474,-81.77175,5573
Jasmine Estates,FL,28.29306,-82.6901,18989
Jasper,FL,30.51827,-82.94819,4155
Jay,FL,30.95296,-87.15136,578
Jennings,FL,30.6041,-83.09792,870
Jensen Beach,FL,27.25449,-80.22977,11707
June Park,FL,28.07224,-80.68006,4094
Juno Beach,FL,26.87978,-80.05337,3474
Juno Ridge,FL,26.84812,-80.06226,718
Jupiter,FL,26.93422,-80.09421,62707
Jupiter Island,FL,27.03144,-80.10143,887
Kathleen,FL,28.12085,-82.02314,6332
Kendale Lakes,FL,25.70816,-80.407,56148
Kendall,FL,25.67927,-80.31727,80241
Kendall Green,FL,26.25397,-80.12393,3048
Kenneth City,FL,27.81558,-82.7201,5072
Kensington Park,FL,27.35949,-82.49649,3901
Key Biscayne,FL,25.69371,-80.16282,12990
Key Colony Beach,FL,24.72097,-81.01868,851
Key Largo,FL,25.08652,-80.44728,10433
Key West,FL,24.55524,-81.78163,25755
Keystone,FL,28.15585,-82.62121,24039
Keystone Heights,FL,29.78608,-82.03149,1433
Kings Point,FL,26.44535,-80.13977,12201
Kissimmee,FL,28.30468,-81.41667,69152
LaBelle,FL,26.76173,-81.43841,4753
Lacoochee,FL,28.46583,-82.17203,1714
Lady Lake,FL,28.91749,-81.92286,14717
Laguna Beach,FL,30.23965,-85.9241,3932
Lake Alfred,FL,28.09196,-81.72341,5475
Lake Belvedere Estates,FL,26.68923,-80.13338,3334
Lake Butler,FL,28.50167,-81.54091,15400
Lake City,FL,30.18968,-82.63929,12161
Lake Clarke Shores,FL,26.64534,-80.07588,3552
Lake Forest,FL,25.97759,-80.1831,5522
Lake Hamilton,FL,28.04446,-81.62785,1346
Lake Hart,FL,28.39278,-81.24062,542
Lake Helen,FL,28.98082,-81.23339,2687
Lake Kathryn,FL,29.01526,-81.49146,920
Lake Lorraine,FL,30.44159,-86.56523,7010
Lake Lucerne,FL,25.96509,-80.24144,9044
Lake Magdalene,FL,28.07418,-82.47176,28509
Lake Panasoffkee,FL,28.777,-82.12,3551
Lake Park,FL,26.80034,-80.06643,8538
Lake Placid,FL,27.29834,-81.37124,2164
Lake Sarasota,FL,27.29255,-82.4376,4679
Lake Mary,FL,28.75888,-81.31784,16021
Lake Wales,FL,27.90141,-81.58591,15541
Lake Worth Beach,FL,26.61708,-80.07231,37498
Lake Worth Corridor,FL,26.61649,-80.10102,20635
Lakeland,FL,28.03947,-81.9498,104401
Lakeland Highlands,FL,27.95975,-81.95008,11056
Lakes by the Bay,FL,25.57233,-80.32533,11422
Lakeside,FL,30.12996,-81.76815,30943
Lakewood Park,FL,27.54309,-80.40227,11323
Land O' Lakes,FL,28.2189,-82.45759,31996
Lantana,FL,26.58674,-80.05199,11136
Largo,FL,27.90979,-82.78842,81000
Lauderdale Lakes,FL,26.16647,-80.20838,34796
Lauderdale-by-the-Sea,FL,26.19203,-80.09643,6460
Lauderhill,FL,26.14036,-80.21338,71579
Laurel,FL,27.14378,-82.46158,8171
Laurel Hill,FL,30.96574,-86.45967,582
Lawtey,FL,30.04413,-82.07177,719
Lealman,FL,27.82114,-82.67927,19879
Lecanto,FL,28.85165,-82.4876,5882
Leesburg,FL,28.81082,-81.87786,21993
Lehigh Acres,FL,26.62535,-81.6248,86784
Leisure City,FL,25.49539,-80.42922,26324
Lely,FL,26.10065,-81.72842,3451
Lely Resort,FL,26.08093,-81.69786,4646
Lemon Grove,FL,27.55837,-81.67814,657
Lighthouse Point,FL,26.27564,-80.08727,11104
Limestone Creek,FL,26.94284,-80.14115,1014
Live Oak,FL,30.29495,-82.98402,6931
Lochmoor Waterway Estates,FL,26.64424,-81.90981,4204
Lockhart,FL,28.61944,-81.44257,13060
Longboat Key,FL,27.41254,-82.65899,7266
Longwood,FL,28.70305,-81.3384,14085
Loughman,FL,28.24196,-81.56674,2680
Lower Grand Lagoon,FL,30.14409,-85.75076,3881
Loxahatchee Groves,FL,26.68368,-80.27977,3397
Lutz,FL,28.15112,-82.46148,19344
Lynn Haven,FL,30.24548,-85.64826,20156
Macclenny,FL,30.28218,-82.12206,6487
Madeira Beach,FL,27.79808,-82.79732,4380
Madison,FL,30.46938,-83.41293,2880
Maitland,FL,28.62778,-81.36312,17463
Malabar,FL,28.00363,-80.56561,2936
Malone,FL,30.95769,-85.16215,2145
Manasota Key,FL,26.92534,-82.35204,1229
Manatee Road,FL,29.51302,-82.91429,2244
Mango,FL,27.97974,-82.30648,11313
Mangonia Park,FL,26.76034,-80.07365,1979
Marathon,FL,24.71375,-81.09035,8750
Marco,FL,25.9726,-81.72898,14879
Marco Island,FL,25.94121,-81.71842,17690
Margate,FL,26.24453,-80.20644,57234
Marianna,FL,30.77436,-85.22687,9100
Marion Oaks,FL,29.00859,-82.18315,19034
Mary Esther,FL,30.41015,-86.66509,4238
Masaryktown,FL,28.44167,-82.45704,1040
Mascotte,FL,28.57833,-81.88675,5473
Mayo,FL,30.053,-83.17486,1237
McGregor,FL,26.56091,-81.91453,7406
Meadow Woods,FL,28.38556,-81.36646,25558
Medley,FL,25.84065,-80.32644,851
Medulla,FL,27.9678,-81.97342,8892
Melbourne,FL,28.08363,-80.60811,84678
Melbourne Beach,FL,28.06835,-80.56033,3219
Melbourne Village,FL,28.08529,-80.66644,691
Melrose Park,FL,26.11342,-80.19338,7492
Memphis,FL,27.53587,-82.56121,7848
Merritt Island,FL,28.359,-80.69,34743
Mexico Beach,FL,29.94809,-85.41995,1167
Miami,FL,25.77427,-80.19366,487014
Miami Beach,FL,25.79065,-80.13005,92312
Miami Gardens,FL,25.94204,-80.2456,113187
Miami Lakes,FL,25.90871,-80.30866,30972
Miami Shores,FL,25.86315,-80.19283,10831
Miami Springs,FL,25.82232,-80.2895,14490
Micanopy,FL,29.50469,-82.27982,630
Micco,FL,27.88058,-80.50033,9052
Midway,FL,30.40648,-87.00553,16115
Middleburg,FL,30.06885,-81.86038,13008
Milton,FL,30.63241,-87.03969,9628
Mims,FL,28.66527,-80.84478,7058
Minneola,FL,28.57444,-81.74619,10735
Miramar,FL,25.98731,-80.23227,137132
Miramar Beach,FL,30.37437,-86.35856,6146
Molino,FL,30.72408,-87.31414,1277
Monticello,FL,30.54515,-83.8713,2411
Montverde,FL,28.60028,-81.67396,1607
Moore Haven,FL,26.83312,-81.09312,1794
Mount Dora,FL,28.80249,-81.64452,13519
Mount Plymouth,FL,28.80805,-81.53313,4011
Mulberry,FL,27.8953,-81.97342,3976
Myrtle Grove,FL,30.42103,-87.30747,15870
Naples,FL,26.14234,-81.79596,21512
Naples Manor,FL,26.0887,-81.7262,5562
Naples Park,FL,26.26175,-81.80925,5967
Naranja,FL,25.51816,-80.42283,13509
Navarre,FL,30.40159,-86.86357,31378
Neptune Beach,FL,30.31191,-81.39647,7269
New Port Richey,FL,28.24418,-82.71927,15842
New Smyrna Beach,FL,29.02582,-80.927,24298
Newberry,FL,29.64635,-82.6065,5564
Niceville,FL,30.51686,-86.48217,14714
Nocatee,FL,27.16033,-81.88231,4524
Nokomis,FL,27.11922,-82.44426,3167
Norland,FL,25.94898,-80.21227,23604
North Andrews Gardens,FL,26.19147,-80.14421,10056
North Bay Village,FL,25.84621,-80.15394,8302
North Brooksville,FL,28.57305,-82.40815,3544
North DeLand,FL,29.04943,-81.29812,1450
North Fort Myers,FL,26.66729,-81.88009,39407
North Key Largo,FL,25.26734,-80.32339,1244
North Lauderdale,FL,26.2173,-80.22588,43703
North Miami,FL,25.89009,-80.18671,62435
North Miami Beach,FL,25.93315,-80.16255,43971
North Palm Beach,FL,26.81756,-80.08199,12015
North Port,FL,27.04422,-82.23593,62345
North Redington Beach,FL,27.81614,-82.82066,1463
North River Shores,FL,27.21755,-80.26977,3079
North Sarasota,FL,27.37393,-82.51843,6982
Oak Hill,FL,28.86443,-80.8545,1846
Oak Ridge,FL,28.47112,-81.42452,22685
Oakland,FL,28.555,-81.63313,2829
Oakland Park,FL,26.17231,-80.13199,44319
Ocala,FL,29.1872,-82.14009,58218
Ocean City,FL,30.44103,-86.61356,5550
Ocean Ridge,FL,26.52702,-80.04837,1904
Ocoee,FL,28.56917,-81.54396,43608
Odessa,FL,28.1939,-82.59176,7267
Ojus,FL,25.94843,-80.1506,18036
Okeechobee,FL,27.24393,-80.82978,5608
Oldsmar,FL,28.03418,-82.6651,14170
Olga,FL,26.71896,-81.7123,1952
Olympia Heights,FL,25.72677,-80.35533,13488
Opa-locka,FL,25.90232,-80.25033,16565
Orange City,FL,28.94888,-81.29867,11210
Orange Park,FL,30.16607,-81.70648,8702
Orangetree,FL,26.29286,-81.58842,4406
Oriole Beach,FL,30.37381,-87.09136,1420
Orlando,FL,28.53834,-81.37924,334854
Orlovista,FL,28.53834,-81.46035,6123
Ormond Beach,FL,29.28581,-81.05589,40970
Ormond-by-the-Sea,FL,29.34914,-81.06645,7406
Osprey,FL,27.19616,-82.49037,6100
Oviedo,FL,28.67,-81.20812,38551
Pace,FL,30.59936,-87.16108,20039
Page Park,FL,26.57924,-81.86203,514
Pahokee,FL,26.82006,-80.66534,6071
Paisley,FL,28.9836,-81.54174,818
Palatka,FL,29.64858,-81.63758,10390
Palm Aire,FL,26.20619,-80.19171,1702
Palm Bay,FL,28.03446,-80.58866,119760
Palm Beach,FL,26.70562,-80.03643,8612
Palm Beach Gardens,FL,26.82339,-80.13865,52923
Palm Beach Shores,FL,26.77812,-80.0356,1208
Palm City,FL,27.16783,-80.26616,23120
Palm Coast,FL,29.58497,-81.20784,82893
Palm Harbor,FL,28.07807,-82.76371,57439
Palm Shores,FL,28.18446,-80.65283,900
Palm Springs,FL,26.6359,-80.09615,22341
Palm Springs North,FL,25.9351,-80.33383,5253
Palm Valley,FL,30.17746,-81.38758,20019
Palmetto,FL,27.52143,-82.57232,13249
Palmetto Bay,FL,25.62177,-80.32477,24439
Palmetto Estates,FL,25.62149,-80.362,13498
Palmona Park,FL,26.68646,-81.89648,1146
Panacea,FL,30.03743,-84.38768,816
Panama City,FL,30.15946,-85.65983,38286
Panama City Beach,FL,30.17659,-85.80549,12624
Paradise Heights,FL,28.62361,-81.54396,1215
Parker,FL,30.13104,-85.60326,4603
Parkland,FL,26.31008,-80.23727,30177
Paxton,FL,30.9818,-86.30855,749
Pebble Creek,FL,28.14835,-82.34565,7622
Pelican Bay,FL,26.2312,-81.80564,6346
Pembroke Park,FL,25.98787,-80.17477,6333
Pembroke Pines,FL,26.00315,-80.22394,166611
Penney Farms,FL,29.97969,-81.81037,815
Pensacola,FL,30.42131,-87.21691,53724
Perry,FL,30.11766,-83.58274,7055
Pierson,FL,29.23942,-81.46563,1772
Pine Castle,FL,28.47195,-81.36785,10805
Pine Hills,FL,28.55778,-81.4534,60076
Pine Island Center,FL,26.61369,-82.11815,1854
Pine Island Ridge,FL,26.09481,-80.27394,5218
Pine Lakes,FL,28.9411,-81.43007,862
Pine Manor,FL,26.57285,-81.87814,3428
Pine Ridge,FL,28.93831,-82.47343,9598
Pinecrest,FL,25.66705,-80.30811,19452
Pinellas Park,FL,27.8428,-82.69954,51617
Pinewood,FL,25.86898,-80.21699,16520
Placid Lakes,FL,27.24144,-81.40702,3716
Plant City,FL,28.01888,-82.11469,37406
Plantation,FL,26.13421,-80.23184,92560
Plantation Mobile Home Park,FL,26.70312,-80.13227,1260
Poinciana,FL,28.14029,-81.45841,53193
Point Baker,FL,30.69019,-87.05358,2991
Polk City,FL,28.18251,-81.82397,1907
Pomona Park,FL,29.50025,-81.59147,879
Pompano Beach,FL,26.23786,-80.12477,107762
Pompano Beach Highlands,FL,26.28286,-80.10699,7192
Ponce Inlet,FL,29.09637,-80.937,3157
Ponce de Leon,FL,30.72297,-85.93744,549
Ponte Vedra Beach,FL,30.23969,-81.38564,35400
Port Charlotte,FL,26.97617,-82.09064,54392
Port LaBelle,FL,26.75645,-81.40508,3530
Port Orange,FL,29.13832,-80.99561,59866
Port Richey,FL,28.27168,-82.71955,2761
Port Saint Joe,FL,29.81188,-85.30297,3445
Port Saint John,FL,28.47695,-80.78867,12267
Port Saint Lucie,FL,27.29393,-80.35033,164603
Port Salerno,FL,27.14422,-80.2006,10091
Pretty Bayou,FL,30.19659,-85.6966,3206
Princeton,FL,25.53844,-80.40894,39308
Progress Village,FL,27.9003,-82.36454,5392
Punta Gorda,FL,26.92978,-82.04537,18150
Punta Gorda Isles,FL,26.91756,-82.07842,18306
Punta Rassa,FL,26.48786,-82.01231,1750
Quincy,FL,30.58714,-84.58325,7830
Reddick,FL,29.36664,-82.19732,518
Redington Beach,FL,27.80864,-82.81121,1471
Redington Shores,FL,27.82614,-82.82899,2205
Richmond Heights,FL,25.63149,-80.36894,8541
Richmond West,FL,25.6105,-80.42971,35884
Ridge Manor,FL,28.5075,-82.17036,4513
Ridge Wood Heights,FL,27.28727,-82.51315,4795
Ridgecrest,FL,27.8975,-82.80529,2558
Rio,FL,27.21949,-80.23921,965
River Park,FL,27.31421,-80.34727,5222
Riverview,FL,27.86614,-82.32648,71050
Riviera Beach,FL,26.77534,-80.0581,34005
Rock Island,FL,26.15509,-80.17699,3076
Rockledge,FL,28.35084,-80.72533,24926
Roeville,FL,30.67686,-86.99358,608
Roseland,FL,27.83586,-80.49311,1472
Rotonda West,FL,26.88368,-82.29009,8759
Royal Palm Beach,FL,26.7084,-80.2306,37633
Royal Palm Estates,FL,26.681,-80.133,3025
Ruskin,FL,27.72086,-82.43315,17208
Safety Harbor,FL,27.99085,-82.69316,17454
Saint Augustine,FL,29.89469,-81.31452,12975
Saint Augustine Beach,FL,29.85053,-81.26535,6176
Saint Augustine Shores,FL,29.8108,-81.31035,7359
Saint Cloud,FL,28.2489,-81.28118,35183
Saint George,FL,28.05641,-82.72788,2709
Saint James City,FL,26.49758,-82.07843,3784
Saint Leo,FL,28.33723,-82.25842,1340
Saint Lucie,FL,27.48948,-80.33977,590
Saint Pete Beach,FL,27.72531,-82.74121,9346
St. Petersburg,FL,27.77086,-82.67927,257083
Samoset,FL,27.46948,-82.54149,3854
San Antonio,FL,28.33611,-82.27453,1308
San Carlos Park,FL,26.4673,-81.80147,16824
Sanibel,FL,26.44897,-82.02231,7236
Sanford,FL,28.80055,-81.27312,58111
Santa Rosa Beach,FL,30.39603,-86.22883,32459
Sarasota,FL,27.33643,-82.53065,55118
Sarasota Springs,FL,27.30894,-82.47954,14395
Satellite Beach,FL,28.17612,-80.59005,10633
Sawgrass,FL,30.19274,-81.37064,4880
Schall Circle,FL,26.71562,-80.11504,1117
Scott Lake,FL,25.94148,-80.23199,14425
Sea Ranch Lakes,FL,26.20258,-80.09393,670
Seaside,FL,30.32103,-86.14161,2000
Sebastian,FL,27.81641,-80.47061,24007
Sebring,FL,27.49559,-81.44091,10497
Seffner,FL,27.98363,-82.27565,7579
Seminole,FL,27.83975,-82.79121,18153
Seminole Manor,FL,26.58368,-80.10032,2621
Seville,FL,29.31692,-81.49257,614
Sewall's Point,FL,27.19949,-80.20227,2149
Shady Hills,FL,28.41,-82.54288,11523
Shalimar,FL,30.44575,-86.57912,796
Sharpes,FL,28.43223,-80.76005,3411
Siesta Key,FL,27.26785,-82.54526,6565
Silver Lake,FL,28.84193,-81.79841,1879
Silver Springs,FL,29.21664,-82.05759,10334
Silver Springs Shores,FL,29.10442,-82.02064,6539
Sky Lake,FL,28.45723,-81.39146,6153
Sneads,FL,30.70801,-84.92552,1776
Solana,FL,26.94701,-82.02592,742
Sorrento,FL,28.80777,-81.56368,861
South Bay,FL,26.66396,-80.71617,5101
South Beach,FL,27.59115,-80.34422,3501
South Bradenton,FL,27.4631,-82.58176,22178
South Apopka,FL,28.66194,-81.50952,5728
South Brooksville,FL,28.53582,-82.38403,4007
South Daytona,FL,29.16582,-81.0045,12584
South Gate Ridge,FL,27.28644,-82.49676,5688
South Highpoint,FL,27.91697,-82.71288,5195
South Miami,FL,25.7076,-80.29338,12242
South Miami Heights,FL,25.59761,-80.38061,36770
South Palm Beach,FL,26.58896,-80.03865,1424
South Pasadena,FL,27.75503,-82.7376,5081
South Patrick Shores,FL,28.20223,-80.6095,5875
South Sarasota,FL,27.28616,-82.53288,4950
South Venice,FL,27.05311,-82.42426,13949
Southchase,FL,28.39306,-81.3834,15921
Southgate,FL,27.3081,-82.50982,7173
Southwest Ranches,FL,26.0587,-80.33727,7852
Spring Hill,FL,28.47688,-82.52546,98621
Springfield,FL,30.15326,-85.61132,9442
Stacey Street,FL,26.6984,-80.12365,858
Starke,FL,29.94413,-82.10983,5397
Steinhatchee,FL,29.67106,-83.38764,1047
Stock Island,FL,24.56709,-81.73842,3919
Stuart,FL,27.19755,-80.25283,16462
Sugarmill Woods,FL,28.73221,-82.50621,8287
Sun City Center,FL,27.71809,-82.35176,19258
Suncoast Estates,FL,26.71174,-81.86897,4384
Sunny Isles Beach,FL,25.95065,-80.12282,22123
Sunrise,FL,26.13397,-80.1131,84439
Sunset,FL,25.70594,-80.35228,16389
Sunshine Ranches,FL,26.04592,-80.32894,1884
Surfside,FL,25.87843,-80.1256,6024
Sweetwater,FL,25.76343,-80.37311,20840
Taft,FL,28.42973,-81.36507,2205
Tallahassee,FL,30.43826,-84.28073,201731
Tamarac,FL,26.21286,-80.24977,64681
Tamiami,FL,25.75871,-80.39839,55271
Tampa,FL,27.94752,-82.45843,414547
Tangelo Park,FL,28.45584,-81.4459,2231
Tangerine,FL,28.76499,-81.63063,2865
Tarpon Springs,FL,28.14612,-82.75677,24605
Tavares,FL,28.80416,-81.72563,15430
Tavernier,FL,25.01152,-80.51506,2136
Taylor Creek,FL,27.21671,-80.7895,4348
Tedder,FL,26.28425,-80.12227,2299
Temple Terrace,FL,28.0353,-82.38926,25731
Tequesta,FL,26.959,-80.088,5629
Terra Mar,FL,26.21619,-80.09532,2909
The Crossings,FL,25.67066,-80.40117,22758
The Hammocks,FL,25.67149,-80.4445,51003
The Meadows,FL,27.36171,-82.46898,3994
The Villages,FL,28.93408,-81.95994,51442
Thonotosassa,FL,28.06141,-82.30231,13014
Three Lakes,FL,25.64205,-80.39839,15047
Three Oaks,FL,26.47008,-81.79397,3592
Tice,FL,26.67479,-81.81508,4470
Tierra Verde,FL,27.69197,-82.72343,3721
Tiger Point,FL,30.37853,-87.05552,3090
Tildenville,FL,28.542,-81.604,511
Timber Pines,FL,28.47028,-82.60316,5386
Titusville,FL,28.61222,-80.80755,45393
Town 'n' Country,FL,28.01057,-82.57732,78442
Treasure Island,FL,27.76919,-82.76899,6887
Trenton,FL,29.61329,-82.81762,2066
Twin Lakes,FL,26.18092,-80.16005,2073
Umatilla,FL,28.92943,-81.66563,3702
Union Park,FL,28.56806,-81.28618,9765
University Park,FL,25.74649,-80.36755,26995
Upper Grand Lagoon,FL,30.16326,-85.74076,13963
Utopia,FL,27.29005,-82.36009,732
Valparaiso,FL,30.50853,-86.50273,5023
Valrico,FL,27.93789,-82.23644,35545
Vamo,FL,27.222,-82.49787,4727
Venice,FL,27.09978,-82.45426,22211
Venice Gardens,FL,27.07311,-82.4076,7104
Vernon,FL,30.62297,-85.71215,679
Vero Beach,FL,27.63864,-80.39727,16358
Villages of Oriole,FL,26.4623,-80.15282,4755
Villano Beach,FL,29.93858,-81.30202,2678
Vineyards,FL,26.22373,-81.72798,3375
Virginia Gardens,FL,25.81038,-80.30227,2487
Wabasso,FL,27.74836,-80.43616,609
Wabasso Beach,FL,27.76475,-80.39894,1853
Wahneta,FL,27.9528,-81.72702,5091
Waldo,FL,29.78969,-82.16732,1030
Wallace,FL,30.67741,-87.17997,1785
Warm Mineral Springs,FL,27.05978,-82.26009,5061
Warrington,FL,30.38409,-87.27497,14531
Washington Park,FL,26.13259,-80.18116,1672
Watertown,FL,30.19245,-82.61457,2829
Wauchula,FL,27.54726,-81.81147,4935
Waverly,FL,27.97891,-81.61397,767
Webster,FL,28.60999,-82.05508,995
Wedgefield,FL,28.48778,-81.07729,6705
Weeki Wachee Gardens,FL,28.53361,-82.62954,1146
Wekiwa Springs,FL,28.69861,-81.42563,21998
Welaka,FL,29.47914,-81.67147,681
Wellborn,FL,30.23106,-82.81957,2724
Wellington,FL,26.65868,-80.24144,62560
Wesley Chapel,FL,28.23973,-82.32787,44092
West Bradenton,FL,27.50254,-82.61399,4192
Westchase,FL,28.05502,-82.60982,21747
West DeLand,FL,29.01582,-81.33312,3535
West Gate,FL,26.70257,-80.0981,7975
West Hollywood,FL,26.02065,-80.18394,60806
West Little River,FL,25.85704,-80.23699,34699
West Melbourne,FL,28.07168,-80.65339,20679
West Miami,FL,25.76343,-80.29616,5965
West Palm Beach,FL,26.71534,-80.05337,120932
West Park,FL,25.98454,-80.19894,15097
West Pensacola,FL,30.42659,-87.27969,21339
West Perrine,FL,25.60594,-80.36283,10602
West Samoset,FL,27.46948,-82.55676,5583
West Vero Corridor,FL,27.63775,-80.48576,7138
West and East Lealman,FL,27.81993,-82.68944,21924
Westchester,FL,25.75482,-80.32727,29862
Weston,FL,26.10037,-80.39977,69959
Westview,FL,25.88204,-80.24199,9650
Westwood Lake,FL,25.72927,-80.37283,11838
Wewahitchka,FL,30.1127,-85.20047,1995
Whiskey Creek,FL,26.57258,-81.89009,4655
White City,FL,27.37393,-80.33394,3719
White Springs,FL,30.32967,-82.75902,773
Whitfield,FL,27.41171,-82.56593,2882
Wildwood,FL,28.86542,-82.04058,6590
Williamsburg,FL,28.41445,-81.44285,7646
Williston,FL,29.38747,-82.44677,2746
Williston Highlands,FL,29.34052,-82.5415,2275
Willow Oak,FL,27.91614,-82.01786,6732
Wilton Manors,FL,26.16036,-80.13893,12385
Wimauma,FL,27.71253,-82.29898,6373
Windermere,FL,28.49556,-81.5348,3249
Winston,FL,28.03169,-82.01481,9050
Winter Beach,FL,27.7192,-80.42061,2067
Winter Garden,FL,28.56528,-81.58618,40356
Winter Haven,FL,28.02224,-81.73286,37689
Winter Park,FL,28.6,-81.33924,29943
Winter Springs,FL,28.69889,-81.30812,34789
Wiscon,FL,28.54083,-82.46204,706
Woodlawn Beach,FL,30.38825,-86.9908,1785
Woodville,FL,30.31409,-84.2474,2978
Wright,FL,30.45575,-86.63829,23127
Yalaha,FL,28.7386,-81.80869,1364
Yankeetown,FL,29.02997,-82.71594,501
Youngstown,FL,30.36436,-85.43826,4324
Yulee,FL,30.6319,-81.60649,11491
Zellwood,FL,28.73111,-81.60118,2817
Zephyrhills,FL,28.23362,-82.18119,14611
Zolfo Springs,FL,27.49337,-81.79592,1803
Abbeville,GA,31.99212,-83.30682,2815
Acworth,GA,34.06635,-84.67837,22131
Adairsville,GA,34.3687,-84.93411,4778
Adel,GA,31.13727,-83.42408,5316
Adrian,GA,32.53072,-82.5893,657
Ailey,GA,32.1874,-82.56569,552
Alamo,GA,32.14712,-82.77792,3330
Alapaha,GA,31.3852,-83.22293,656
Albany,GA,31.57851,-84.15574,74843
Allenhurst,GA,31.7841,-81.60761,665
Alma,GA,31.53937,-82.46236,3536
Alpharetta,GA,34.07538,-84.29409,63693
Alto,GA,34.46732,-83.57378,1167
Americus,GA,32.07239,-84.23269,16028
Appling,GA,33.54608,-82.3173,0
Arabi,GA,31.83157,-83.73795,563
Aragon,GA,34.04565,-85.05606,1243
Arcade,GA,34.07789,-83.56155,1799
Arlington,GA,31.4399,-84.72492,1406
Ashburn,GA,31.70601,-83.65322,3820
Athens,GA,33.96095,-83.37794,127315
Atlanta,GA,33.749,-84.38798,510823
Auburn,GA,34.01372,-83.82768,7524
Augusta,GA,33.47097,-81.97484,43459
Austell,GA,33.81261,-84.63438,7107
Avondale Estates,GA,33.77149,-84.26714,3139
Baconton,GA,31.37962,-84.16102,871
Bainbridge,GA,30.9038,-84.57547,12507
Baldwin,GA,34.49177,-83.53739,3286
Ball Ground,GA,34.33815,-84.37659,1720
Barnesville,GA,33.05457,-84.15575,6625
Baxley,GA,31.77825,-82.34846,4440
Belvedere Park,GA,33.75483,-84.26742,15152
Berkeley Lake,GA,33.98371,-84.18658,2024
Berlin,GA,31.06824,-83.62378,559
Bethlehem,GA,33.93206,-83.71378,671
Bibb City,GA,32.4957,-84.99188,506
Blackshear,GA,31.30605,-82.24207,3581
Blairsville,GA,34.8762,-83.95824,554
Blakely,GA,31.37768,-84.93409,4871
Bloomingdale,GA,32.13242,-81.299,2764
Blue Ridge,GA,34.86397,-84.32409,1286
Blythe,GA,33.29264,-82.20151,701
Bogart,GA,33.94928,-83.53461,1042
Bonanza,GA,33.46567,-84.33659,3135
Boston,GA,30.79186,-83.78989,1323
Bowdon,GA,33.53789,-85.25328,2072
Bowman,GA,34.20483,-83.0307,820
Braselton,GA,34.10927,-83.76267,9476
Bremen,GA,33.72122,-85.1455,6355
Brookhaven,GA,33.85844,-84.3402,51910
Brooklet,GA,32.37963,-81.66317,1457
Brooks,GA,33.29095,-84.45937,547
Broxton,GA,31.62519,-82.88681,1190
Brunswick,GA,31.15013,-81.49147,16157
Buchanan,GA,33.8026,-85.18856,1156
Buena Vista,GA,32.31904,-84.51714,2206
Buford,GA,34.12066,-84.00435,13748
Butler,GA,32.55709,-84.23825,1885
Byromville,GA,32.20211,-83.90851,520
Byron,GA,32.65376,-83.75963,5105
Cadwell,GA,32.33962,-83.04209,530
Cairo,GA,30.87751,-84.20214,9752
Calhoun,GA,34.50259,-84.95105,16309
Camilla,GA,31.23129,-84.21046,5089
Canon,GA,34.34622,-83.10987,803
Canton,GA,34.23676,-84.49076,25469
Carnesville,GA,34.36983,-83.23516,580
Carrollton,GA,33.58011,-85.07661,26203
Cartersville,GA,34.16533,-84.80231,20319
Cave Spring,GA,34.1076,-85.33634,1175
Cedartown,GA,34.01123,-85.25593,9750
Centerville,GA,32.63014,-83.68963,7575
Chamblee,GA,33.89205,-84.29881,28244
Chatsworth,GA,34.76591,-84.76994,4351
Chattanooga Valley,GA,34.93285,-85.35551,3846
Chester,GA,32.39378,-83.15293,1568
Chickamauga,GA,34.87119,-85.29079,3107
Clarkesville,GA,34.6126,-83.52489,1746
Clarkston,GA,33.80955,-84.23964,12215
Claxton,GA,32.16158,-81.904,2334
Clayton,GA,34.87815,-83.40099,2234
Clermont,GA,34.47788,-83.77351,922
Cleveland,GA,34.59704,-83.76324,3773
Cochran,GA,32.38683,-83.35461,4363
Cohutta,GA,34.95952,-84.95272,637
Colbert,GA,34.03789,-83.21265,600
College Park,GA,33.65344,-84.44937,14601
Collins,GA,32.1813,-82.10901,582
Colquitt,GA,31.17129,-84.73325,1886
Columbus,GA,32.46098,-84.98771,206922
Comer,GA,34.06372,-83.12543,1138
Commerce,GA,34.204,-83.45711,6762
Conley,GA,33.64483,-84.32576,6228
Conyers,GA,33.66761,-84.01769,15875
Coolidge,GA,31.0113,-83.86628,526
Cordele,GA,31.96351,-83.78239,10943
Cornelia,GA,34.51149,-83.52712,4223
Country Club Estates,GA,31.21273,-81.46427,8545
Covington,GA,33.59678,-83.86018,13916
Crawford,GA,33.8829,-83.1546,826
Crawfordville,GA,33.55402,-82.89598,508
Cumming,GA,34.20732,-84.14019,5718
Cusseta,GA,32.30543,-84.7727,11267
Cuthbert,GA,31.77127,-84.78937,3670
Dacula,GA,33.98872,-83.89796,5330
Dahlonega,GA,34.53259,-83.98491,6394
Dalton,GA,34.7698,-84.97022,33853
Dallas,GA,33.92371,-84.84077,12870
Danielsville,GA,34.12428,-83.22126,577
Darien,GA,31.37023,-81.43399,1858
Dasher,GA,30.74743,-83.2207,963
Davisboro,GA,32.97904,-82.60791,1986
Dawson,GA,31.77382,-84.448,4353
Dawsonville,GA,34.42121,-84.11908,2525
Dearing,GA,33.41319,-82.38513,547
Decatur,GA,33.77483,-84.29631,21957
Deenwood,GA,31.235,-82.375,2146
Demorest,GA,34.5651,-83.54517,2050
Dexter,GA,32.43239,-83.06126,570
Dock Junction,GA,31.20245,-81.51677,7721
Doerun,GA,31.31963,-83.91712,773
Donalsonville,GA,31.04046,-84.87909,2675
Doraville,GA,33.89816,-84.28326,10896
Douglas,GA,31.50881,-82.84987,11718
Douglasville,GA,33.7515,-84.74771,32897
Druid Hills,GA,33.78038,-84.33604,14568
Dublin,GA,32.54044,-82.90375,16197
Dudley,GA,32.54239,-83.07043,570
Duluth,GA,34.00288,-84.14464,29193
Dunwoody,GA,33.94621,-84.33465,48733
East Dublin,GA,32.54822,-82.87181,2392
East Ellijay,GA,34.68397,-84.4727,556
East Griffin,GA,33.24373,-84.22881,1451
East Point,GA,33.67955,-84.43937,35467
East Newnan,GA,33.35067,-84.7766,1321
Eastman,GA,32.19767,-83.17765,5285
Eatonton,GA,33.3268,-83.3885,6520
Edison,GA,31.55823,-84.73825,1478
Elberton,GA,34.11159,-82.86863,4453
Ellaville,GA,32.23821,-84.30908,1879
Ellijay,GA,34.69481,-84.48215,1680
Emerson,GA,34.12704,-84.75549,1535
Enigma,GA,31.41297,-83.32905,1293
Eton,GA,34.82508,-84.76327,902
Euharlee,GA,34.14482,-84.933,4261
Evans,GA,33.53375,-82.13067,29011
Experiment,GA,33.26539,-84.28159,2894
Fair Oaks,GA,33.91649,-84.54465,8225
Fairburn,GA,33.56706,-84.58104,13967
Fairmount,GA,34.4362,-84.69993,736
Fairview,GA,34.94563,-85.2844,6769
Fayetteville,GA,33.44873,-84.45493,16990
Fitzgerald,GA,31.71491,-83.25265,9013
Flemington,GA,31.85965,-81.564,718
Flovilla,GA,33.25373,-83.89852,634
Flowery Branch,GA,34.1851,-83.92518,6683
Folkston,GA,30.83095,-82.01131,5247
Forest Park,GA,33.62205,-84.36909,19383
Forsyth,GA,33.0343,-83.93824,4013
Fort Gaines,GA,31.60924,-85.04933,1129
Fort Oglethorpe,GA,34.94896,-85.2569,9803
Fort Valley,GA,32.55376,-83.88741,8597
Franklin,GA,33.27762,-85.098,969
Franklin Springs,GA,34.28483,-83.14432,1154
Gainesville,GA,34.29788,-83.82407,38712
Garden City,GA,32.11437,-81.154,8999
Georgetown,GA,31.98326,-81.22733,11823
Gibson,GA,33.23348,-82.59541,657
Glennville,GA,31.93659,-81.92845,5086
Glenwood,GA,32.1799,-82.66958,739
Gordon,GA,32.88209,-83.33238,1956
Grantville,GA,33.23484,-84.83577,3183
Gray,GA,33.00958,-83.53378,3269
Grayson,GA,33.89427,-83.95574,3147
Greensboro,GA,33.57568,-83.18238,3403
Greenville,GA,33.02874,-84.71298,862
Gresham Park,GA,33.70344,-84.31437,7432
Griffin,GA,33.24678,-84.26409,23211
Grovetown,GA,33.45042,-82.19818,13093
Gumlog,GA,34.49177,-83.09654,2146
Guyton,GA,32.3363,-81.3915,1856
Hagan,GA,32.15603,-81.93373,967
Hahira,GA,30.99131,-83.37266,2899
Hamilton,GA,32.75791,-84.87493,1158
Hampton,GA,33.38706,-84.28298,7372
Hannahs Mill,GA,32.93291,-84.34936,3298
Hapeville,GA,33.66011,-84.4102,6650
Hardwick,GA,33.0682,-83.22349,3930
Harlem,GA,33.41458,-82.31262,2967
Hartwell,GA,34.35288,-82.93209,4514
Hawkinsville,GA,32.28377,-83.47212,5471
Hazlehurst,GA,31.86963,-82.5943,4196
Helen,GA,34.70148,-83.73157,532
Helena,GA,32.07379,-82.91459,2883
Hephzibah,GA,33.31403,-82.09679,3936
Hiawassee,GA,34.94926,-83.75739,906
Hinesville,GA,31.84688,-81.59595,33398
Hiram,GA,33.87566,-84.76216,3792
Hoboken,GA,31.18106,-82.13484,531
Hogansville,GA,33.17318,-84.91494,3110
Holly Springs,GA,34.17399,-84.50132,10719
Homeland,GA,30.85637,-82.02264,871
Homer,GA,34.33372,-83.49905,1144
Homerville,GA,31.0366,-82.74708,2480
Hoschton,GA,34.0965,-83.76128,1433
Indian Springs,GA,33.24262,-83.92074,2413
Irondale,GA,33.48067,-84.35881,7446
Irwinton,GA,32.81126,-83.17265,562
Isle of Hope,GA,31.98188,-81.06094,2402
Ivey,GA,32.90709,-83.29071,926
Jackson,GA,33.29457,-83.96602,4983
Jasper,GA,34.46787,-84.42909,3762
Jefferson,GA,34.11705,-83.57239,10195
Jeffersonville,GA,32.68765,-83.34656,1050
Jekyll Island,GA,31.07021,-81.42272,866
Jesup,GA,31.60785,-81.88634,9633
Jonesboro,GA,33.5215,-84.35381,4746
Kennesaw,GA,34.02343,-84.61549,33584
Kingsland,GA,30.79996,-81.68983,16487
Kingston,GA,33.48014,-82.07901,666
Knoxville,GA,32.72431,-83.99769,69
LaGrange,GA,33.03929,-85.03133,29588
LaFayette,GA,34.7048,-85.2819,7173
Lake City,GA,33.6065,-84.3352,2727
Lake Park,GA,30.68215,-83.17959,730
Lakeland,GA,31.04104,-83.07515,3322
Lakeview,GA,34.97924,-85.25884,4839
Lakeview Estates,GA,33.70678,-84.03158,2695
Lavonia,GA,34.43594,-83.10682,2165
Lawrenceville,GA,33.95621,-83.98796,30493
Leary,GA,31.48573,-84.5138,589
Leesburg,GA,31.73212,-84.17074,2983
Lexington,GA,33.86984,-83.11182,227
Lilburn,GA,33.8901,-84.14297,12655
Lincoln Park,GA,32.86791,-84.33047,833
Lincolnton,GA,33.79235,-82.47902,1479
Lindale,GA,34.18676,-85.17467,4191
Lithia Springs,GA,33.794,-84.66049,15491
Lithonia,GA,33.71233,-84.10519,2022
Locust Grove,GA,33.34595,-84.10908,5790
Loganville,GA,33.839,-83.90074,11248
Lookout Mountain,GA,34.97758,-85.35774,1579
Louisville,GA,33.00154,-82.41124,2358
Lovejoy,GA,33.43622,-84.31437,6487
Ludowici,GA,31.70799,-81.74234,2081
Lula,GA,34.3876,-83.66629,2879
Lumber City,GA,31.92935,-82.67958,1254
Lumpkin,GA,32.05099,-84.79909,1093
Luthersville,GA,33.21012,-84.74438,824
Lyerly,GA,34.40398,-85.40329,529
Lyons,GA,32.20435,-82.32179,4375
Mableton,GA,33.81872,-84.58243,37115
Macon,GA,32.84069,-83.6324,91351
Madison,GA,33.59568,-83.46794,4026
Manchester,GA,32.85985,-84.61993,4095
Marietta,GA,33.9526,-84.54993,59067
Marshallville,GA,32.45626,-83.94019,1333
Martinez,GA,33.51736,-82.07567,35795
Maysville,GA,34.25288,-83.56155,1866
McCaysville,GA,34.98619,-84.37131,1083
McDonough,GA,33.44734,-84.14686,23417
McIntyre,GA,32.84626,-83.19071,620
McRae,GA,32.06795,-82.9007,5740
Meigs,GA,31.07241,-84.08907,1030
Metter,GA,32.39712,-82.06012,4111
Midway,GA,31.80577,-81.43066,2007
Milan,GA,32.0174,-83.06265,766
Milledgeville,GA,33.08014,-83.2321,18931
Millen,GA,32.80405,-81.94928,2925
Milner,GA,33.11679,-84.19659,601
Monroe,GA,33.79484,-83.71323,13641
Montezuma,GA,32.30516,-84.02741,3189
Montgomery,GA,31.94049,-81.12205,4523
Monticello,GA,33.30485,-83.68323,2615
Morgan,GA,31.53767,-84.59936,1849
Morrow,GA,33.58317,-84.33937,7338
Morven,GA,30.94158,-83.49933,532
Mount Airy,GA,34.51871,-83.50073,1292
Moultrie,GA,31.17991,-83.78906,14377
Mount Vernon,GA,32.17851,-82.59458,2276
Mount Zion,GA,33.63428,-85.18717,1737
Mountain City,GA,34.91815,-83.38544,1061
Mountain Park,GA,33.84427,-84.12936,11554
Nahunta,GA,31.20439,-81.98123,1060
Nashville,GA,31.20742,-83.25015,4854
Nelson,GA,34.38204,-84.37103,1347
Newborn,GA,33.51706,-83.69601,734
Newnan,GA,33.38067,-84.79966,37291
Newton,GA,31.31296,-84.33574,594
Nicholls,GA,31.51742,-82.63486,3331
Nicholson,GA,34.114,-83.43155,1718
Norcross,GA,33.94121,-84.21353,16634
Norman Park,GA,31.26907,-83.68712,963
North Decatur,GA,33.79038,-84.30603,16698
North Druid Hills,GA,33.81677,-84.31326,18947
North High Shoals,GA,33.82012,-83.506,699
Oakwood,GA,34.2276,-83.88435,4178
Ochlocknee,GA,30.97415,-84.05502,679
Ocilla,GA,31.59447,-83.2513,3387
Odum,GA,31.66604,-82.0279,505
Oglethorpe,GA,32.29377,-84.06102,1211
Omega,GA,31.34102,-83.5935,1230
Oxford,GA,33.619,-83.86741,2197
Palmetto,GA,33.51789,-84.66965,4733
Panthersville,GA,33.70733,-84.27187,9749
Pavo,GA,30.95991,-83.73795,617
Peachtree City,GA,33.39678,-84.59576,35240
Peachtree Corners,GA,33.9701,-84.22159,40978
Pearson,GA,31.2977,-82.85237,2112
Pelham,GA,31.12802,-84.15304,3708
Pembroke,GA,32.13634,-81.62348,2445
Perry,GA,32.45821,-83.73157,15457
Phillipsburg,GA,31.43963,-83.51933,707
Pine Lake,GA,33.79372,-84.20603,763
Pine Mountain,GA,32.86485,-84.8541,1358
Pineview,GA,32.11017,-83.501,503
Plains,GA,32.03405,-84.39269,740
Pooler,GA,32.11548,-81.24706,23133
Port Wentworth,GA,32.14909,-81.16317,7637
Portal,GA,32.53822,-81.93234,617
Porterdale,GA,33.57511,-83.8938,1483
Poulan,GA,31.51296,-83.78767,803
Powder Springs,GA,33.85955,-84.68382,14826
Preston,GA,32.06599,-84.53742,419
Putney,GA,31.47018,-84.11768,2898
Quitman,GA,30.78492,-83.55988,3871
Raoul,GA,34.44954,-83.59434,2558
Ray City,GA,31.07464,-83.19932,1053
Redan,GA,33.74538,-84.13158,33015
Reed Creek,GA,34.44594,-82.92487,2604
Reidsville,GA,32.08686,-82.1179,2616
Remerton,GA,30.84409,-83.31043,1127
Resaca,GA,34.58036,-84.94328,775
Reynolds,GA,32.55987,-84.0963,1026
Riceboro,GA,31.73549,-81.43344,771
Richland,GA,32.08793,-84.66742,1496
Richmond Hill,GA,31.93827,-81.30344,11935
Rincon,GA,32.29603,-81.23539,9843
Ringgold,GA,34.91591,-85.10912,3700
Riverdale,GA,33.57261,-84.41326,15989
Roberta,GA,32.72181,-84.01324,996
Rochelle,GA,31.95101,-83.45627,1120
Rockmart,GA,34.0026,-85.04161,4300
Rome,GA,34.25704,-85.16467,36323
Roswell,GA,34.02316,-84.36159,94501
Rossville,GA,34.98313,-85.28607,3997
Royston,GA,34.28705,-83.11015,2574
Russell,GA,33.97872,-83.70017,1203
Rutledge,GA,33.62595,-83.61239,793
Rydal,GA,34.33537,-84.71549,4087
St. Marys,GA,30.73051,-81.54649,17968
Saint Simon Mills,GA,31.17079,-81.40732,13915
Saint Simons Island,GA,31.15051,-81.36954,13000
Sandersville,GA,32.98154,-82.81014,5752
Sandy Springs,GA,33.92427,-84.37854,105330
Sardis,GA,32.79652,-84.63881,1229
Savannah,GA,32.08354,-81.09983,147780
Scottdale,GA,33.78983,-84.26409,10631
Screven,GA,31.48633,-82.01706,767
Senoia,GA,33.30234,-84.55382,4073
Shannon,GA,34.33676,-85.07134,1862
Shellman,GA,31.75628,-84.6152,989
Skidaway Island,GA,31.93494,-81.04705,8341
Smithville,GA,31.90045,-84.25185,585
Smyrna,GA,33.88399,-84.51438,56146
Snellville,GA,33.85733,-84.01991,19733
Social Circle,GA,33.65623,-83.71823,4383
Soperton,GA,32.37712,-82.59236,3087
Sparks,GA,31.16686,-83.43738,2007
Sparta,GA,33.2757,-82.97626,1293
Springfield,GA,32.37241,-81.3115,2889
Statenville,GA,30.70327,-83.02764,1040
Statesboro,GA,32.44879,-81.78317,30721
Statham,GA,33.96511,-83.59655,2624
Sterling,GA,31.27245,-81.56149,2534
Stillmore,GA,32.44212,-82.21512,528
Stockbridge,GA,33.54428,-84.23381,28202
Stone Mountain,GA,33.80816,-84.1702,6109
Sugar Hill,GA,34.10649,-84.03352,21747
Summerville,GA,34.48064,-85.34773,4452
Sunnyside,GA,31.23938,-82.34207,1303
Sunset Village,GA,32.89791,-84.40381,846
Suwanee,GA,34.05149,-84.0713,18694
Swainsboro,GA,32.59739,-82.33374,7471
Sycamore,GA,31.67435,-83.63739,674
Sylvania,GA,32.75044,-81.63678,2538
Sylvester,GA,31.53092,-83.83693,6049
Talbotton,GA,32.67764,-84.53937,887
Tallapoosa,GA,33.74455,-85.28801,3171
Talmo,GA,31.31326,-82.56903,572
Temple,GA,33.73705,-85.03244,4313
Tennille,GA,32.93599,-82.81153,1773
Thomasville,GA,30.83658,-83.97878,18742
Thomaston,GA,32.88819,-84.32659,9032
Thomson,GA,33.47069,-82.50457,6689
Thunderbolt,GA,32.03354,-81.04983,2622
Tifton,GA,31.45046,-83.5085,16725
Tignall,GA,33.86762,-82.74125,513
Toccoa,GA,34.57732,-83.33239,8283
Trenton,GA,34.87202,-85.50913,2238
Trion,GA,34.54397,-85.31051,1785
Tucker,GA,33.85455,-84.21714,27581
Tunnel Hill,GA,34.84063,-85.04273,877
Twin City,GA,32.58294,-82.15512,1674
Ty Ty,GA,31.47185,-83.64684,727
Tybee Island,GA,32.00022,-80.84567,3102
Tyrone,GA,33.47123,-84.59715,7194
Unadilla,GA,32.26155,-83.73657,3666
Union City,GA,33.58706,-84.54243,20805
Union Point,GA,33.61568,-83.0746,1709
Unionville,GA,31.43491,-83.50961,1845
Uvalda,GA,32.03574,-82.50819,585
Valdosta,GA,30.83334,-83.28032,55724
Varnell,GA,34.90119,-84.97383,1790
Vidalia,GA,32.21769,-82.41346,10679
Vienna,GA,32.09156,-83.79545,3777
Villa Rica,GA,33.73205,-84.91911,14904
Vinings,GA,33.86483,-84.46437,9734
Waco,GA,33.70288,-85.18328,518
Wadley,GA,32.86682,-82.40402,2031
Waleska,GA,34.31648,-84.55215,802
Walnut Grove,GA,33.74261,-83.8524,1378
Walthourville,GA,31.7741,-81.63261,3974
Warner Robins,GA,32.61574,-83.62664,73490
Warrenton,GA,33.40708,-82.66208,1812
Washington,GA,33.73679,-82.73931,3981
Watkinsville,GA,33.8629,-83.40877,2872
Waycross,GA,31.21368,-82.3557,14053
Waynesboro,GA,33.08987,-82.01567,5704
Waverly Hall,GA,32.68347,-84.73826,823
West Point,GA,32.87791,-85.18327,3728
White,GA,34.28287,-84.74521,724
Whitemarsh Island,GA,32.02882,-81.01678,6792
Whitesburg,GA,33.494,-84.91383,596
Willacoochee,GA,31.34076,-83.04598,1393
Wilmington Island,GA,32.00355,-80.97372,15138
Winder,GA,33.99261,-83.72017,15447
Winterville,GA,33.96706,-83.27821,1172
Woodbine,GA,30.96396,-81.72416,1285
Woodbury,GA,32.98374,-84.5827,909
Woodstock,GA,34.10149,-84.51938,29898
Wrens,GA,33.20765,-82.39179,2051
Wrightsville,GA,32.72933,-82.71986,3642
Yonah,GA,34.64121,-83.75351,507
Young Harris,GA,34.93315,-83.84712,1325
Zebulon,GA,33.10235,-84.3427,1153
Albers,IL,38.54338,-89.61231,1174
Albion,IL,38.37755,-88.05615,1932
Alhambra,IL,38.88838,-89.73148,661
Alorton,IL,38.58977,-90.12011,1933
Altamont,IL,39.06199,-88.74811,2308
Alton,IL,38.8906,-90.18428,27003
Anna,IL,37.46033,-89.24703,4321
Arcola,IL,39.68476,-88.30644,2884
Argenta,IL,39.98198,-88.82285,912
Arthur,IL,39.71476,-88.47228,2288
Ashland,IL,39.88783,-90.00789,1256
Ashley,IL,38.32949,-89.19091,507
Ashmore,IL,39.53309,-88.02226,766
Assumption,IL,39.52032,-89.04897,1116
Athens,IL,39.96088,-89.72399,1938
Atwood,IL,39.79948,-88.46228,1191
Auburn,IL,39.59172,-89.74649,4793
Ava,IL,37.88838,-89.49482,637
Aviston,IL,38.60672,-89.60759,2084
Barry,IL,39.69421,-91.03902,1274
Bartelso,IL,38.53644,-89.46647,601
Beckemeyer,IL,38.6056,-89.43592,1016
Bement,IL,39.92198,-88.57201,1683
Benld,IL,39.09282,-89.80398,1488
Benton,IL,37.99672,-88.92007,7041
Bethalto,IL,38.90921,-90.04066,9349
Bethany,IL,39.64559,-88.73813,1322
Belleville,IL,38.52005,-89.98399,42034
Blue Mound,IL,39.70115,-89.12314,1111
Bluffs,IL,39.75199,-90.53513,677
Bluford,IL,38.33088,-88.72589,673
Breese,IL,38.6106,-89.52703,4506
Bridgeport,IL,41.83809,-87.65116,33878
Brighton,IL,39.03977,-90.14066,2198
Brooklyn,IL,38.65866,-90.16594,715
Brookport,IL,37.12367,-88.63033,930
Brownstown,IL,38.99588,-88.95284,747
Bunker Hill,IL,39.04282,-89.95177,1716
Cahokia,IL,38.57088,-90.19011,14402
Cairo,IL,37.00533,-89.17646,1733
Cambria,IL,37.78144,-89.11925,1265
Carbondale,IL,37.72727,-89.21675,26399
Carlinville,IL,39.27977,-89.88177,5665
Carlyle,IL,38.61033,-89.37258,3224
Carmi,IL,38.09088,-88.15865,5119
Carrier Mills,IL,37.68422,-88.63283,1625
Carrollton,IL,39.30227,-90.40706,2429
Carterville,IL,37.76005,-89.0773,5818
Casey,IL,39.2992,-87.99253,2709
Caseyville,IL,38.63672,-90.02566,4045
Central City,IL,41.23781,-88.28173,1359
Centralia,IL,38.52505,-89.1334,12655
Centreville,IL,38.58338,-90.12511,5027
Cerro Gordo,IL,39.89059,-88.72813,1353
Chapin,IL,39.88142,-88.77396,575
Charleston,IL,39.49615,-88.17615,21196
Chatham,IL,41.74115,-87.61255,31392
Chester,IL,37.91366,-89.82205,8588
Chrisman,IL,39.80365,-87.67364,1272
Christopher,IL,37.97255,-89.05341,2779
Cisne,IL,38.51588,-88.43755,659
Clay City,IL,38.68866,-88.35421,929
Cobden,IL,37.53144,-89.25342,1139
Coello,IL,37.99422,-89.0673,553
Coffeen,IL,39.08921,-89.39064,665
Collinsville,IL,38.67033,-89.98455,24754
Columbia,IL,38.44366,-90.20122,10191
Coulterville,IL,38.18644,-89.60565,913
Cowden,IL,39.24838,-88.86229,583
Crainville,IL,37.75199,-89.06785,1381
Creal Springs,IL,37.61949,-88.83673,532
Crossville,IL,38.16171,-88.06531,724
Dahlgren,IL,38.1981,-88.6845,506
Dalton City,IL,39.71198,-88.80452,527
De Soto,IL,37.81755,-89.22786,1575
Decatur,IL,39.84031,-88.9548,73254
Dieterich,IL,39.06199,-88.37977,609
Divernon,IL,39.56561,-89.65732,1156
Dongola,IL,37.36116,-89.16591,712
Du Quoin,IL,38.01144,-89.23619,5949
Dupo,IL,38.51616,-90.21039,3921
East Alton,IL,38.88033,-90.11122,6176
East Saint Louis,IL,38.6245,-90.15094,27006
Edinburg,IL,39.65727,-89.38953,1051
Edwardsville,IL,38.81144,-89.95316,24992
Effingham,IL,39.12004,-88.54338,12604
Eldorado,IL,37.81366,-88.4381,4064
Elizabethtown,IL,37.44588,-88.30504,287
Elkville,IL,37.91005,-89.23592,904
Elsah,IL,38.95616,-90.35984,632
Energy,IL,37.77394,-89.02646,1145
Enfield,IL,38.09949,-88.33754,580
Equality,IL,37.73394,-88.34338,556
Evansville,IL,38.09033,-89.93844,675
Fairfield,IL,42.21919,-88.06147,5255
Fairmont City,IL,38.64977,-90.09316,2502
Fairview Heights,IL,38.58894,-89.99038,16827
Farina,IL,38.83421,-88.77228,512
Farmersville,IL,39.44339,-89.65176,703
Findlay,IL,39.52254,-88.75368,653
Flora,IL,38.66894,-88.4856,4944
Forsyth,IL,39.93254,-88.95119,3584
Franklin,IL,39.62033,-90.044,597
Freeburg,IL,38.42755,-89.91371,4241
Galatia,IL,37.8406,-88.60922,917
Georgetown,IL,42.13975,-89.82873,3493
Germantown,IL,38.55366,-89.53842,1285
Gillespie,IL,39.12977,-89.81954,3176
Glen Carbon,IL,38.74838,-89.98316,12966
Girard,IL,39.44644,-89.78093,2027
Godfrey,IL,38.9556,-90.18678,17759
Golconda,IL,37.36727,-88.48643,629
Goreville,IL,37.5545,-88.97229,1062
Grafton,IL,38.97005,-90.4315,653
Grand Tower,IL,37.62644,-89.49787,588
Grandview,IL,39.81644,-89.61871,1427
Granite City,IL,38.70144,-90.14872,29054
Grayville,IL,38.25755,-87.99364,1626
Greenfield,IL,39.34366,-90.21261,1020
Greenup,IL,39.24782,-88.16337,1495
Greenville,IL,38.89227,-89.41314,6666
Griggsville,IL,39.70894,-90.72457,1176
Hamel,IL,38.88894,-89.84538,806
Hardin,IL,39.15671,-90.6179,934
Harrisburg,IL,37.73838,-88.54061,8891
Harrison,IL,37.79672,-89.33703,970
Harristown,IL,39.85393,-89.08397,1332
Hartford,IL,38.83338,-90.09594,1382
Herrin,IL,37.80311,-89.02757,12910
Highland,IL,38.73949,-89.6712,9848
Hillsboro,IL,39.16128,-89.4954,5726
Holiday Shores,IL,38.92199,-89.94066,2882
Hoyleton,IL,38.44172,-89.27425,510
Hurst,IL,37.83311,-89.14286,797
Hutsonville,IL,39.10949,-87.65641,545
Illiopolis,IL,39.85365,-89.24203,880
Ina,IL,38.15116,-88.90396,2360
Irvington,IL,38.43922,-89.16285,636
Jacksonville,IL,39.73394,-90.22901,19103
Jerome,IL,39.76755,-89.68066,1651
Jerseyville,IL,39.12005,-90.32845,8469
Johnston City,IL,37.82061,-88.92757,3500
Jonesboro,IL,37.45172,-89.26814,1768
Kansas,IL,39.55281,-87.93948,744
Kincaid,IL,39.58866,-89.41454,1437
Kinmundy,IL,38.77338,-88.84672,772
Lawrenceville,IL,38.72921,-87.68169,4427
Lebanon,IL,38.60394,-89.80732,4467
Leland Grove,IL,39.777,-89.67927,1523
Liberty,IL,39.87949,-91.10792,513
Litchfield,IL,39.17533,-89.65426,6897
Livingston,IL,38.96755,-89.76398,827
Loami,IL,39.67561,-89.84677,754
Long Creek,IL,39.81198,-88.84757,1302
Louisville,IL,38.77227,-88.50255,1116
Lovington,IL,39.71559,-88.63256,1108
Macon,IL,39.71282,-88.99702,1131
Madison,IL,38.68255,-90.15705,3868
Makanda,IL,37.61755,-89.20897,545
Marine,IL,38.78644,-89.77759,935
Marion,IL,37.73061,-88.93313,17803
Marissa,IL,38.25005,-89.7501,1856
Marshall,IL,39.39143,-87.69364,3880
Martinsville,IL,39.33559,-87.88198,1135
Maryville,IL,38.72366,-89.95593,7902
Mascoutah,IL,38.49033,-89.79315,7975
Mattoon,IL,39.48309,-88.37283,18113
McLeansboro,IL,38.09338,-88.53561,2792
Mechanicsburg,IL,39.80949,-89.39731,629
Meredosia,IL,39.83116,-90.55957,1018
Metropolis,IL,37.15117,-88.732,6334
Millstadt,IL,38.46144,-90.09178,3896
Mitchell,IL,38.76199,-90.08538,1356
Morrisonville,IL,39.42005,-89.45565,1028
Mound City,IL,37.08533,-89.16257,544
Mounds,IL,37.11422,-89.19785,745
Mount Carmel,IL,38.41088,-87.76142,7027
Mount Olive,IL,39.07227,-89.72731,2013
Mount Sterling,IL,39.98727,-90.76346,1968
Mount Vernon,IL,38.31727,-88.90312,15087
Mount Zion,IL,39.77143,-88.87424,5862
Moweaqua,IL,39.62476,-89.01897,1751
Mulberry Grove,IL,38.92505,-89.26896,598
Murphysboro,IL,37.7645,-89.33509,7768
Murrayville,IL,39.5856,-90.25206,572
Nashville,IL,38.34366,-89.38064,3132
Neoga,IL,39.31948,-88.45283,1613
New Athens,IL,38.32644,-89.87705,1951
New Baden,IL,38.53505,-89.70065,3313
New Berlin,IL,39.72533,-89.91066,1350
Newman,IL,39.79865,-87.98587,854
Niantic,IL,39.85393,-89.16619,673
Noble,IL,38.69755,-88.22365,668
Nokomis,IL,39.30116,-89.28508,2185
Norris City,IL,37.98116,-88.32921,1247
O'Fallon,IL,38.59227,-89.91121,29002
Oakland,IL,39.65392,-88.02615,881
Oblong,IL,39.00199,-87.90892,1427
Odin,IL,38.61727,-89.05229,1040
Okawville,IL,38.43422,-89.55037,1399
Olive Branch,IL,37.16866,-89.35175,650
Olney,IL,38.73088,-88.08532,9005
Oreana,IL,39.93865,-88.86563,837
Palestine,IL,39.00365,-87.6128,1331
Palmyra,IL,41.8517,-89.57788,731
Pana,IL,39.38893,-89.08008,5607
Paris,IL,39.61115,-87.69614,8432
Patoka,IL,38.75533,-89.09534,566
Pawnee,IL,39.59172,-89.58037,2713
Payson,IL,39.81699,-91.24237,1011
Percy,IL,38.01644,-89.61871,930
Pesotum,IL,39.91475,-88.27338,544
Pierron,IL,38.78005,-89.59814,565
Pinckneyville,IL,38.08033,-89.38203,5385
Pittsburg,IL,37.77699,-88.84951,559
Pittsfield,IL,39.60783,-90.80513,4485
Pleasant Hill,IL,40.61309,-88.74701,989
Pleasant Plains,IL,39.87283,-89.92122,804
Pocahontas,IL,38.82782,-89.54008,745
Pontoon Beach,IL,38.73172,-90.08038,5637
Prairie du Rocher,IL,38.08311,-90.09595,574
Quincy,IL,39.9356,-91.40987,40780
Ramsey,IL,39.14449,-89.10868,1026
Raymond,IL,39.31949,-89.57204,977
Red Bud,IL,38.21172,-89.99427,3586
Ridge Farm,IL,39.89559,-87.65197,853
Ridgway,IL,37.79921,-88.26115,816
Riverton,IL,39.84422,-89.53954,3462
Robinson,IL,39.00532,-87.73919,7631
Rochester,IL,39.74949,-89.53176,3779
Roodhouse,IL,39.48394,-90.37151,1730
Rosewood Heights,IL,38.88783,-90.08483,4038
Rosiclare,IL,37.42366,-88.34615,1082
Roxana,IL,38.84838,-90.07622,1483
Royalton,IL,37.87699,-89.11452,1138
Saint Elmo,IL,39.02727,-88.84811,1426
Saint Francisville,IL,38.59116,-87.64669,697
Saint Jacob,IL,38.71394,-89.76815,1098
Saint Libory,IL,38.36255,-89.70982,615
Salem,IL,38.62699,-88.94562,7287
Sandoval,IL,38.6156,-89.11423,1230
Schram City,IL,39.16421,-89.4637,570
Sesser,IL,38.09172,-89.05035,1906
Shawneetown,IL,37.7131,-88.1867,1164
Shelbyville,IL,39.40643,-88.79007,4599
Sherman,IL,39.89366,-89.60482,4605
Shiloh,IL,38.56144,-89.89732,12961
Shipman,IL,39.11755,-90.04427,603
Sidell,IL,39.90976,-87.82114,592
Smithton,IL,38.40866,-89.99205,3719
South Jacksonville,IL,39.70866,-90.22818,3261
South Roxana,IL,38.82949,-90.06288,1997
Southern View,IL,39.75727,-89.65371,1635
Spaulding,IL,39.86616,-89.54038,869
Sparta,IL,38.12311,-89.70177,4419
Springfield,IL,39.80172,-89.64371,114394
Staunton,IL,39.01227,-89.79121,5018
Steeleville,IL,38.00727,-89.65843,1993
Stewardson,IL,39.2631,-88.62978,716
Stonington,IL,39.64004,-89.19286,890
Sullivan,IL,39.59948,-88.60784,4494
Sumner,IL,38.71699,-87.86142,3183
Swansea,IL,38.53394,-89.98899,13543
Tamaroa,IL,38.13783,-89.23008,613
Taylor Springs,IL,39.13088,-89.49203,673
Taylorville,IL,39.54894,-89.29453,10873
Teutopolis,IL,39.1331,-88.47199,1586
Thayer,IL,39.53811,-89.76315,681
Thompsonville,IL,37.91755,-88.76228,536
Tilden,IL,38.21199,-89.6826,893
Toledo,IL,39.27365,-88.24365,1221
Tolono,IL,39.98614,-88.25894,3479
Tower Hill,IL,39.38782,-88.96063,590
Trenton,IL,38.6056,-89.68204,2667
Troy,IL,38.72921,-89.88315,10036
Tuscola,IL,39.7992,-88.2831,4443
Upper Alton,IL,38.91144,-90.15066,29251
Valier,IL,38.01533,-89.04257,659
Valmeyer,IL,38.30561,-90.27651,1263
Vandalia,IL,38.9606,-89.09368,7112
Venice,IL,38.67227,-90.16983,1915
Vienna,IL,37.41533,-88.89784,1647
Villa Grove,IL,39.86281,-88.16227,2495
Virden,IL,39.50089,-89.76787,3407
Virginia,IL,39.95116,-90.21234,1516
Wamac,IL,38.50894,-89.14063,1143
Warrensburg,IL,39.93282,-89.06203,1163
Washington Park,IL,38.63505,-90.09289,3990
Waterloo,IL,38.33589,-90.14983,10236
Watson,IL,39.02532,-88.56977,745
Wayne City,IL,38.34533,-88.58783,1012
Waverly,IL,39.59172,-89.95288,1268
West City,IL,37.99394,-88.93507,654
West Frankfort,IL,37.89783,-88.93146,8067
West Salem,IL,38.52088,-88.00476,872
Westfield,IL,39.45642,-87.99615,580
White Hall,IL,39.43699,-90.40318,2410
Williamsville,IL,39.95422,-89.54871,1496
Willisville,IL,37.98394,-89.58954,608
Wilsonville,IL,39.07088,-89.85621,566
Winchester,IL,39.62977,-90.45624,1513
Windsor,IL,39.44087,-88.59478,1162
Witt,IL,39.25644,-89.34814,872
Wood River,IL,38.86116,-90.09761,10294
Woodlawn,IL,41.77948,-87.59949,24150
Woodson,IL,39.62894,-90.21901,512
Worden,IL,38.93144,-89.83899,1028
Zeigler,IL,37.89949,-89.05202,1765
Advance,IN,39.99588,-86.62,511
Austin,IN,38.75839,-85.80803,4295
Avoca,IN,38.91199,-86.54777,583
Avon,IN,39.76282,-86.39972,16451
Bainbridge,IN,39.76116,-86.81195,742
Bargersville,IN,39.52088,-86.16777,6846
Batesville,IN,39.30005,-85.22218,6611
Bedford,IN,38.86116,-86.48721,13347
Beech Grove,IN,39.72199,-86.08998,14548
Bicknell,IN,38.77421,-87.30779,2892
Bloomfield,IN,39.02699,-86.93751,2336
Bloomington,IN,39.16533,-86.52639,84067
Boonville,IN,38.04921,-87.27417,6180
Borden,IN,38.46673,-85.9458,891
Brazil,IN,39.52365,-87.12502,8109
Bright,IN,39.21839,-84.85606,5693
Broad Ripple,IN,39.86671,-86.14165,17041
Brooklyn,IN,39.53921,-86.36916,1601
Brookville,IN,39.42311,-85.01274,2566
Brownsburg,IN,39.84338,-86.39777,24996
Brownstown,IN,38.87894,-86.04192,2952
Cambridge City,IN,39.81255,-85.17163,1784
Campbellsburg,IN,38.65144,-86.26109,578
Cannelton,IN,37.91144,-86.74443,1517
Carlisle,IN,38.96838,-87.40557,692
Carmel,IN,39.97837,-86.11804,88713
Carthage,IN,39.73838,-85.57192,890
Cayuga,IN,39.94865,-87.45974,1118
Centerville,IN,39.81782,-84.99635,2576
Chandler,IN,38.04171,-87.36806,3385
Charlestown,IN,38.45312,-85.67024,8088
Clarksville,IN,38.29674,-85.75996,21866
Clay City,IN,39.27671,-87.11279,840
Clayton,IN,39.68921,-86.5225,995
Clermont,IN,39.80977,-86.32249,1408
Clinton,IN,39.65698,-87.39807,4811
Cloverdale,IN,39.51477,-86.7939,2090
Coatesville,IN,39.68782,-86.67028,542
Columbus,IN,39.20144,-85.92138,46690
Connersville,IN,39.64116,-85.14107,13010
Corydon,IN,38.21201,-86.12192,3144
Country Squire Lakes,IN,39.03478,-85.69858,3571
Crothersville,IN,38.80061,-85.84164,1597
Cumberland,IN,39.77615,-85.9572,5467
Cynthiana,IN,38.18754,-87.7103,539
Dale,IN,40.01671,-86.4,1544
Dana,IN,39.80781,-87.49502,581
Danville,IN,39.7606,-86.52639,9614
Darmstadt,IN,38.09921,-87.57891,1462
Dillsboro,IN,39.01783,-85.05884,1320
Dublin,IN,39.81227,-85.20885,769
Dugger,IN,39.07004,-87.2614,898
Edinburgh,IN,39.35422,-85.96666,4546
Elberfeld,IN,38.15977,-87.44835,642
Elizabethtown,IN,39.13505,-85.81331,518
Ellettsville,IN,39.23393,-86.625,6544
Elnora,IN,38.87838,-87.08584,656
English,IN,38.3345,-86.46415,630
Evansville,IN,37.97476,-87.55585,119943
Fairland,IN,39.58588,-85.86359,587
Fairview Park,IN,39.68031,-87.41752,1386
Farmersburg,IN,39.24865,-87.38196,1094
Ferdinand,IN,38.22394,-86.86222,2200
Fillmore,IN,39.66755,-86.75334,526
Fishers,IN,39.95559,-86.01387,76794
Fort Branch,IN,38.25116,-87.58113,2809
Fortville,IN,39.93226,-85.84804,3957
Fountain City,IN,39.9556,-84.91746,780
Freelandville,IN,38.86477,-87.30585,643
French Lick,IN,38.54894,-86.61999,1794
Galena,IN,38.35173,-85.94164,1818
Geneva,IN,40.59199,-84.95719,1320
Georgetown,IN,40.7406,-86.50473,4705
Gosport,IN,39.35088,-86.66695,803
Grandview,IN,37.93366,-86.98111,727
Greencastle,IN,39.64449,-86.86473,10401
Greendale,IN,39.11256,-84.86412,4431
Greenfield,IN,39.78504,-85.76942,21497
Greensburg,IN,39.33727,-85.48358,11819
Greenville,IN,38.37256,-85.98636,730
Greenwood,IN,39.61366,-86.10665,55586
Hagerstown,IN,39.91116,-85.16163,1728
Hanover,IN,38.71423,-85.47357,3543
Harmony,IN,39.53671,-87.10585,656
Harrodsburg,IN,39.01338,-86.545,691
Hatfield,IN,37.90255,-87.22417,813
Haubstadt,IN,38.20504,-87.57419,1660
Hayden,IN,38.98311,-85.74053,521
Henryville,IN,38.54173,-85.76774,1905
Hidden Valley,IN,39.16228,-84.84301,5387
Highland,IN,41.55365,-87.45198,22936
Holland,IN,38.24561,-87.03611,618
Homecroft,IN,39.67005,-86.13138,743
Hope,IN,39.30394,-85.77137,2167
Huntingburg,IN,38.29894,-86.955,6035
Hymera,IN,39.18643,-87.30168,774
Indianapolis,IN,39.76838,-86.15804,887642
Ingalls,IN,39.95699,-85.80526,2382
Jamestown,IN,39.92671,-86.62889,942
Jasonville,IN,39.1631,-87.19918,2165
Jasper,IN,38.39144,-86.93111,15451
Jeffersonville,IN,38.27757,-85.73718,46960
Knightstown,IN,39.7956,-85.52636,2120
Knightsville,IN,39.52587,-87.11252,872
Ladoga,IN,39.91366,-86.80112,984
Lanesville,IN,38.23701,-85.9858,569
Laurel,IN,39.50088,-85.18635,505
Lawrence,IN,39.83865,-86.02526,47809
Lawrenceburg,IN,39.09089,-84.84995,4960
Liberty,IN,39.6356,-84.93107,2038
Linton,IN,39.03477,-87.16585,5284
Loogootee,IN,38.67699,-86.91417,2722
Lynnville,IN,38.19616,-87.29668,921
Lyons,IN,38.98921,-87.08223,724
Madison,IN,38.73589,-85.37996,12040
Marengo,IN,38.36923,-86.34359,811
Markleville,IN,39.97782,-85.6147,519
Martinsville,IN,39.42783,-86.42833,11690
McCordsville,IN,39.9081,-85.92276,5773
Medora,IN,38.82505,-86.16998,698
Melody Hill,IN,38.02615,-87.51585,3628
Memphis,IN,38.4834,-85.76163,695
Meridian Hills,IN,39.89004,-86.15721,1682
Middlebury,IN,41.67533,-85.7061,3562
Milan,IN,39.12117,-85.13135,1886
Milltown,IN,38.34228,-86.27609,799
Milroy,IN,39.49699,-85.46969,604
Mitchell,IN,38.73283,-86.4736,4252
Monroe City,IN,38.61533,-87.35446,536
Monrovia,IN,39.57894,-86.48222,1427
Montezuma,IN,39.79282,-87.37085,983
Mooresville,IN,39.61282,-86.37416,9623
Moores Hill,IN,39.11339,-85.08801,587
Morgantown,IN,39.37144,-86.2611,985
Morristown,IN,39.67338,-85.69859,1358
Mount Vernon,IN,40.66949,-85.82415,7208
Nashville,IN,39.20727,-86.2511,1077
New Albany,IN,38.28562,-85.82413,36732
New Castle,IN,39.92894,-85.37025,17621
New Harmony,IN,38.12977,-87.93503,767
New Market,IN,39.95254,-86.9214,630
New Palestine,IN,39.72199,-85.88915,2221
New Salisbury,IN,38.31368,-86.09497,613
New Washington,IN,38.56312,-85.53968,566
New Whiteland,IN,39.5581,-86.09526,5906
Newburgh,IN,37.94449,-87.40529,3277
Newport,IN,39.8842,-87.40863,489
North Madison,IN,38.76784,-85.39663,12435
North Salem,IN,39.85977,-86.6425,526
North Terre Haute,IN,39.52781,-87.3603,4305
North Vernon,IN,39.00617,-85.62358,6619
Oak Park,IN,38.30562,-85.69635,5209
Oakland City,IN,38.33866,-87.34501,2430
Oaktown,IN,38.87116,-87.44141,601
Odon,IN,38.84283,-86.9914,1401
Oldenburg,IN,39.33977,-85.20441,666
Oolitic,IN,38.90088,-86.52527,1156
Orleans,IN,38.66172,-86.45166,2129
Osgood,IN,39.12922,-85.29163,1610
Owensville,IN,38.27199,-87.6878,1285
Palmyra,IN,38.40784,-86.10997,934
Paoli,IN,38.55617,-86.46832,3629
Paragon,IN,39.39505,-86.5625,660
Parkers Settlement,IN,38.04671,-87.71613,711
Patoka,IN,38.40699,-87.58558,729
Pendleton,IN,39.99754,-85.74664,4219
Petersburg,IN,38.49199,-87.27862,2347
Pittsboro,IN,39.86393,-86.46694,3205
Plainfield,IN,39.70421,-86.39944,30590
Poseyville,IN,38.17004,-87.78308,1029
Princes Lakes,IN,39.35366,-86.09805,1330
Princeton,IN,38.35532,-87.56752,8626
Richmond,IN,39.82894,-84.89024,35854
Rising Sun,IN,38.9495,-84.85384,2205
Roachdale,IN,39.84893,-86.80223,895
Rockport,IN,37.88311,-87.04944,2223
Rockville,IN,39.76254,-87.22918,2545
Rocky Ripple,IN,39.8481,-86.17249,627
Rosedale,IN,39.62282,-87.28335,702
Rushville,IN,39.60921,-85.44636,6077
Saint Bernice,IN,39.7092,-87.52141,646
Saint Leon,IN,39.292,-84.95801,678
Saint Mary-of-the-Woods,IN,39.51087,-87.46724,797
Saint Meinrad,IN,38.17117,-86.80916,706
Saint Paul,IN,39.4281,-85.62831,1031
Salem,IN,38.60561,-86.10109,6217
Santa Claus,IN,38.12005,-86.91416,2474
Scottsburg,IN,38.68561,-85.77025,6674
Seelyville,IN,39.49198,-87.26724,1022
Sellersburg,IN,38.39812,-85.75496,8659
Seymour,IN,38.95922,-85.89025,19478
Shelbyville,IN,39.52144,-85.77692,19133
Shelburn,IN,39.17837,-87.39363,1223
Shirley,IN,39.89199,-85.57692,827
Shoals,IN,38.66644,-86.79111,782
Southport,IN,39.66505,-86.12776,1712
Speedway,IN,39.80227,-86.26721,12127
Spencer,IN,39.28671,-86.76251,2271
Spiceland,IN,39.83838,-85.43886,868
Staunton,IN,39.48754,-87.18891,519
Sullivan,IN,39.09532,-87.40585,4155
Sunman,IN,39.237,-85.09468,1039
Taylorsville,IN,39.29588,-85.95083,919
Tell City,IN,37.95144,-86.76777,7255
Tecumseh,IN,39.56309,-87.42169,658
Terre Haute,IN,39.4667,-87.41391,60825
Trafalgar,IN,39.41616,-86.15082,1150
Utica,IN,38.33368,-85.65357,802
Versailles,IN,39.072,-85.2519,2100
Vevay,IN,38.74784,-85.06717,1679
Vincennes,IN,38.67727,-87.52863,18012
Waldron,IN,39.45366,-85.66692,804
Warren Park,IN,39.78199,-86.05026,1539
Washington,IN,38.65922,-87.17279,12078
Waterloo,IN,41.43199,-85.01997,2248
West Baden Springs,IN,38.56533,-86.6111,564
West College Corner,IN,39.56755,-84.81607,644
West Terre Haute,IN,39.46504,-87.45002,2217
Westport,IN,39.17589,-85.57303,1422
Whiteland,IN,39.55005,-86.07971,4320
Whitestown,IN,39.99726,-86.34583,6013
Winslow,IN,38.38227,-87.21279,847
Worthington,IN,39.12504,-86.97945,1428
Zionsville,IN,39.95087,-86.26194,26296
Abilene,KS,38.91722,-97.21391,6558
Alma,KS,39.01667,-96.28916,802
Altamont,KS,37.19034,-95.29719,1047
Americus,KS,38.50696,-96.26194,884
Andale,KS,37.79057,-97.62949,992
Andover,KS,37.7139,-97.13643,12745
Anthony,KS,37.15336,-98.03117,2230
Arkansas City,KS,37.06197,-97.03837,12136
Arma,KS,37.54394,-94.70024,1451
Ashland,KS,37.18864,-99.76568,816
Atchison,KS,39.56305,-95.12164,10712
Attica,KS,37.24141,-98.22674,591
Auburn,KS,38.90611,-95.8161,1218
Augusta,KS,37.68668,-96.9767,9299
Baldwin City,KS,38.77501,-95.18636,4669
Basehor,KS,39.14167,-94.93858,5402
Baxter Springs,KS,37.02368,-94.7355,4028
Bellaire,KS,37.76251,-97.26699,3934
Belle Plaine,KS,37.39391,-97.28115,1621
Belleville,KS,39.82445,-97.63254,1907
Beloit,KS,39.45612,-98.10616,3790
Bennington,KS,39.03056,-97.5942,653
Bentley,KS,37.88612,-97.51699,523
Benton,KS,37.7889,-97.10865,876
Blue Rapids,KS,39.68194,-96.65974,983
Bonner Springs,KS,39.05973,-94.88358,7606
Bucklin,KS,37.54724,-99.63429,794
Buhler,KS,38.13445,-97.77005,1332
Burden,KS,37.3128,-96.7542,533
Burlingame,KS,38.75389,-95.83499,892
Burlington,KS,38.19447,-95.74276,2615
Burrton,KS,38.0239,-97.66977,895
Caldwell,KS,37.03225,-97.60699,1030
Caney,KS,37.01146,-95.93526,2080
Canton,KS,38.38612,-97.42809,734
Carbondale,KS,38.81862,-95.68915,1396
Cedar Vale,KS,37.1042,-96.50001,533
Centralia,KS,39.72583,-96.12722,509
Chanute,KS,37.67921,-95.4572,9252
Chapman,KS,38.97222,-97.02251,1376
Cheney,KS,37.63001,-97.78255,2159
Cherokee,KS,37.34589,-94.80885,713
Cherryvale,KS,37.27034,-95.55248,2230
Chetopa,KS,37.03729,-95.08996,1082
Claflin,KS,38.52501,-98.53368,630
Clay Center,KS,37.51946,-96.77114,4300
Clearwater,KS,37.5028,-97.50449,2537
Clifton,KS,39.56722,-97.27864,537
Clyde,KS,39.59111,-97.39892,689
Coffeyville,KS,37.0373,-95.61637,9669
Coldwater,KS,37.26891,-99.32678,806
Columbus,KS,37.16923,-94.84412,3146
Colwich,KS,37.77918,-97.53644,1378
Concordia,KS,39.57084,-97.66254,5218
Conway Springs,KS,37.3903,-97.64227,1237
Cottonwood Falls,KS,38.37224,-96.54278,872
Council Grove,KS,38.66112,-96.49195,2086
De Soto,KS,38.97917,-94.96858,6074
Derby,KS,37.54557,-97.26893,23509
Douglass,KS,37.51946,-97.01281,1695
Downs,KS,39.49862,-98.54201,855
Eastborough,KS,37.68807,-97.26366,768
Edgerton,KS,38.76473,-95.00802,1736
Edwardsville,KS,39.06112,-94.81968,4390
Effingham,KS,39.52222,-95.40081,521
El Dorado,KS,37.81724,-96.86225,12931
Ellinwood,KS,38.35557,-98.58091,2066
Ellis,KS,38.93807,-99.56067,2064
Ellsworth,KS,38.73056,-98.22811,3057
Elwood,KS,39.75555,-94.87247,1188
Emporia,KS,38.4039,-96.18166,24649
Enterprise,KS,38.90278,-97.11696,820
Erie,KS,37.56811,-95.24331,1105
Eskridge,KS,38.85889,-96.10916,512
Eureka,KS,37.82392,-96.28917,2450
Eudora,KS,38.94334,-95.09858,6378
Fairway,KS,39.02223,-94.6319,3970
Fort Scott,KS,37.83976,-94.7083,7838
Frankfort,KS,39.70555,-96.41696,701
Fredonia,KS,37.53394,-95.82665,2326
Galena,KS,37.0759,-94.63967,2930
Galva,KS,38.38195,-97.53754,880
Frontenac,KS,37.4556,-94.68913,3422
Gardner,KS,38.81084,-94.92719,20868
Garden Plain,KS,37.65835,-97.68366,897
Garnett,KS,38.28058,-95.24192,3258
Gas,KS,37.92365,-95.34609,522
Girard,KS,37.51116,-94.83802,2760
Goddard,KS,37.65974,-97.57533,4719
Goessel,KS,38.2464,-97.34892,510
Grandview Plaza,KS,39.02916,-96.78917,1662
Great Bend,KS,38.36446,-98.76481,15717
Greensburg,KS,37.6028,-99.29261,798
Halstead,KS,38.0014,-97.50865,2093
Hanover,KS,39.89389,-96.87947,668
Harper,KS,37.28669,-98.02589,1397
Haven,KS,37.8989,-97.78283,1225
Haviland,KS,37.61946,-99.1065,695
Hays,KS,38.87918,-99.32677,21092
Haysville,KS,37.56446,-97.35227,11212
Herington,KS,38.67112,-96.94251,2396
Hesston,KS,38.13834,-97.43143,3813
Hiawatha,KS,39.8525,-95.53582,3095
Highland,KS,39.85972,-95.2697,1010
Hill City,KS,39.36473,-99.84206,1467
Hillsboro,KS,38.35196,-97.20447,2869
Hoisington,KS,38.51807,-98.77814,2623
Holton,KS,39.46527,-95.73637,3263
Horton,KS,39.66056,-95.52637,1721
Howard,KS,37.47031,-96.26361,621
Hoyt,KS,39.24777,-95.70637,653
Humboldt,KS,37.8106,-95.43693,1856
Hutchinson,KS,38.06084,-97.92977,41569
Independence,KS,37.22424,-95.70831,8958
Inman,KS,38.23195,-97.77338,1361
Iola,KS,37.92448,-95.39998,5470
Jetmore,KS,38.08446,-99.89346,852
Junction City,KS,39.02861,-96.8314,24621
Kansas City,KS,39.11417,-94.62746,152933
Kechi,KS,37.79585,-97.27949,1996
Kingman,KS,37.64585,-98.11367,3086
Kinsley,KS,37.92307,-99.40984,1422
Kiowa,KS,37.01725,-98.48535,1011
La Crosse,KS,38.5314,-99.30872,1262
La Cygne,KS,38.35002,-94.76135,1111
La Harpe,KS,37.91698,-95.29915,543
Lake Quivira,KS,39.04028,-94.77663,936
Lansing,KS,39.24861,-94.90024,11767
Larned,KS,38.18057,-99.09871,3967
Lawrence,KS,38.97167,-95.23525,93917
LeRoy,KS,38.08392,-95.63443,548
Leavenworth,KS,39.31111,-94.92246,35980
Leawood,KS,38.96667,-94.6169,34579
Lebo,KS,38.41668,-95.85304,905
Lecompton,KS,39.04444,-95.3947,640
Lenexa,KS,38.95362,-94.73357,52490
Leon,KS,37.6903,-96.78225,701
Lincoln,KS,39.04084,-98.14477,1274
Lindsborg,KS,38.57362,-97.67448,3383
Linn Valley,KS,38.37752,-94.7094,806
Little River,KS,38.39807,-98.012,544
Logan,KS,39.66167,-99.57039,554
Louisburg,KS,38.61946,-94.68079,4276
Lyndon,KS,38.61001,-95.68443,1023
Lyons,KS,38.34501,-98.20173,3725
Macksville,KS,37.95918,-98.96871,538
Madison,KS,38.13558,-96.13583,652
Maize,KS,37.77918,-97.46727,4362
Manhattan,KS,39.18361,-96.57167,56308
Mankato,KS,39.78723,-98.21005,840
Maple Hill,KS,39.08472,-96.02805,621
Marion,KS,38.34835,-97.01725,1842
Marquette,KS,38.55556,-97.83366,622
Marysville,KS,39.84111,-96.64724,3323
McLouth,KS,39.19583,-95.2083,854
McPherson,KS,38.37084,-97.66421,13144
Medicine Lodge,KS,37.28113,-98.58036,1988
Meriden,KS,39.18889,-95.5697,790
Merriam,KS,39.02362,-94.69357,11288
Milford,KS,39.16833,-96.91251,592
Miltonvale,KS,39.34833,-97.44614,515
Minneapolis,KS,39.12194,-97.7067,2002
Mission,KS,39.02778,-94.65579,9491
Mission Hills,KS,39.01778,-94.6169,3601
Moran,KS,37.91615,-95.17025,520
Mound City,KS,38.14281,-94.81357,680
Moundridge,KS,38.20307,-97.51921,1696
Mount Hope,KS,37.86862,-97.66505,813
Mulberry,KS,37.55699,-94.6219,507
Mulvane,KS,37.47446,-97.24393,6314
Neodesha,KS,37.41839,-95.68026,2357
Ness City,KS,38.45279,-99.90651,1407
Newton,KS,38.04668,-97.34504,19216
Nickerson,KS,38.14723,-98.08367,1036
North Newton,KS,38.07223,-97.34559,1803
Norton,KS,39.83389,-99.89151,2841
Nortonville,KS,39.41666,-95.33358,616
Ogden,KS,39.11111,-96.70612,2104
Olathe,KS,38.8814,-94.81913,134305
Olpe,KS,38.26252,-96.16694,538
Onaga,KS,39.48888,-96.17,697
Osage City,KS,38.6339,-95.82582,2844
Osawatomie,KS,38.49724,-94.95052,4297
Osborne,KS,39.43914,-98.69624,1369
Oskaloosa,KS,39.21528,-95.31275,1086
Oswego,KS,37.16757,-95.10996,1766
Ottawa,KS,38.61557,-95.26775,12387
Overbrook,KS,38.78056,-95.5572,1024
Overland Park,KS,38.98223,-94.67079,186515
Oxford,KS,37.27419,-97.16893,1024
Ozawkie,KS,39.23333,-95.46692,633
Paola,KS,38.57224,-94.87913,5527
Park City,KS,37.80001,-97.31838,7618
Parsons,KS,37.34034,-95.26108,10090
Peabody,KS,38.16946,-97.1067,1144
Perry,KS,39.07583,-95.39331,909
Phillipsburg,KS,39.75612,-99.32399,2524
Pittsburg,KS,37.41088,-94.70496,20409
Plainville,KS,39.23473,-99.29816,1895
Pleasanton,KS,38.17781,-94.71135,1175
Pomona,KS,38.59584,-95.45359,969
Prairie Village,KS,38.99167,-94.63357,21877
Pratt,KS,37.64391,-98.73759,6849
Pretty Prairie,KS,37.78001,-98.01978,681
Riley,KS,39.29889,-96.83084,994
Riverton,KS,37.07506,-94.70467,929
Roeland Park,KS,39.03751,-94.63218,6827
Rose Hill,KS,37.55835,-97.13504,3995
Rossville,KS,39.13611,-95.95166,1137
Russell,KS,38.89527,-98.86103,4534
Sabetha,KS,39.90222,-95.80082,2585
Saint George,KS,39.19111,-96.42028,639
Saint John,KS,38.00224,-98.76009,1295
Saint Marys,KS,39.19416,-96.0711,2627
Saint Paul,KS,37.51894,-95.17331,629
Salina,KS,38.84028,-97.61142,47813
Scranton,KS,38.78167,-95.7386,687
Sedan,KS,37.12672,-96.18694,1041
Sedgwick,KS,37.91668,-97.42254,1707
Seneca,KS,39.83416,-96.06417,2034
Shawnee,KS,39.04167,-94.72024,65046
Silver Lake,KS,39.10417,-95.8586,1430
Smith Center,KS,39.77918,-98.78507,1616
Solomon,KS,38.91944,-97.37114,1054
South Hutchinson,KS,38.02807,-97.94033,2556
Spearville,KS,37.85002,-99.75679,805
Spring Hill,KS,38.74306,-94.82552,5981
Stafford,KS,37.96224,-98.60064,986
Sterling,KS,38.21001,-98.20701,2293
Tonganoxie,KS,39.10972,-95.08775,5248
Towanda,KS,37.79752,-96.99976,1428
Topeka,KS,39.04833,-95.67804,125963
Troy,KS,39.78305,-95.08997,988
Udall,KS,37.38752,-97.11421,732
Valley Center,KS,37.83473,-97.37338,7222
Valley Falls,KS,39.34333,-95.46025,1157
Vassar,KS,38.64723,-95.62248,530
Victoria,KS,38.85279,-99.1476,1226
WaKeeney,KS,39.02501,-99.87957,1811
Wakefield,KS,39.21333,-97.00557,980
Wamego,KS,39.20194,-96.305,4627
Washington,KS,39.81806,-97.05086,1085
Waterville,KS,39.69111,-96.74752,651
Wathena,KS,39.75916,-94.94969,1336
Waverly,KS,38.39391,-95.60304,564
Weir,KS,37.31005,-94.7719,647
Wellington,KS,37.2653,-97.37171,7987
Wellsville,KS,38.71834,-95.08164,1818
Westmoreland,KS,39.39389,-96.41361,774
Westwood,KS,39.04056,-94.6169,1719
White City,KS,38.79556,-96.73584,581
Whitewater,KS,37.96474,-97.14753,710
Wichita,KS,37.69224,-97.33754,396119
Wilroads Gardens,KS,37.72419,-99.93319,609
Wilson,KS,38.82501,-98.47534,760
Winchester,KS,39.32222,-95.26692,535
Winfield,KS,37.23975,-96.99559,12204
Yates Center,KS,37.88115,-95.73332,1331
Adairville,KY,36.66754,-86.85194,889
Albany,KY,36.6909,-85.13468,2012
Alexandria,KY,38.95951,-84.38799,9009
Anchorage,KY,38.26674,-85.53302,2420
Annville,KY,37.31925,-83.97048,1095
Artemus,KY,36.83342,-83.84159,590
Ashland,KY,38.47841,-82.63794,21108
Auburn,KY,36.86421,-86.71027,1352
Audubon Park,KY,38.20396,-85.72524,1508
Augusta,KY,38.77174,-84.00576,1163
Auxier,KY,37.73704,-82.75821,669
Bancroft,KY,38.28313,-85.61163,508
Barbourmeade,KY,38.29729,-85.60329,1258
Barbourville,KY,36.86648,-83.88881,3174
Bardstown,KY,37.80923,-85.4669,13091
Bardwell,KY,36.87061,-89.00979,694
Barlow,KY,37.05172,-89.04673,672
Beattyville,KY,37.57175,-83.70686,1244
Beaver Dam,KY,37.40199,-86.87583,3618
Bedford,KY,38.59256,-85.31773,608
Beechmont,KY,37.17449,-87.0325,689
Beechwood Village,KY,38.25479,-85.63135,1365
Bellefonte,KY,38.49258,-82.69016,866
Bellemeade,KY,38.25229,-85.59218,894
Bellevue,KY,39.10645,-84.47883,5892
Benton,KY,36.85728,-88.35031,4357
Berea,KY,37.56869,-84.29632,14882
Betsy Layne,KY,37.55149,-82.63349,688
Bloomfield,KY,37.91034,-85.31662,1052
Blue Ridge Manor,KY,38.24313,-85.56302,794
Booneville,KY,37.4762,-83.67491,76
Bowling Green,KY,36.99032,-86.4436,63616
Brandenburg,KY,37.99896,-86.16941,2852
Breckinridge Center,KY,37.68282,-87.86308,2080
Brodhead,KY,37.40425,-84.41383,1205
Bromley,KY,39.082,-84.56022,809
Brooks,KY,38.06118,-85.70968,2401
Brooksville,KY,38.68257,-84.06576,638
Brownsboro Farm,KY,38.30285,-85.59607,664
Brownsville,KY,37.19255,-86.26775,826
Buckner,KY,38.38368,-85.43996,5837
Buechel,KY,38.19507,-85.6519,7287
Burgin,KY,37.75341,-84.76661,965
Burkesville,KY,36.79034,-85.37052,1515
Burlington,KY,39.02756,-84.72411,15926
Burnside,KY,36.98897,-84.59994,843
Butler,KY,38.78646,-84.36966,588
Cadiz,KY,36.86505,-87.8353,2626
Calhoun,KY,37.53894,-87.25833,762
Calvert City,KY,37.03339,-88.35004,2532
Camargo,KY,37.99425,-83.8877,1124
Campbellsburg,KY,38.52368,-85.20273,828
Campbellsville,KY,37.3434,-85.34191,11237
Campton,KY,37.73425,-83.54741,431
Caneyville,KY,37.42422,-86.48831,620
Cannonsburg,KY,38.38869,-82.70266,856
Carlisle,KY,38.31202,-84.02743,2010
Carrollton,KY,38.6809,-85.1794,3886
Catlettsburg,KY,38.4048,-82.60044,1808
Cave City,KY,37.13672,-85.95692,2394
Cawood,KY,36.78398,-83.22823,731
Cecilia,KY,37.6659,-85.95663,572
Central City,KY,37.29393,-87.12333,5892
Clarkson,KY,37.49533,-86.22136,895
Claryville,KY,38.91923,-84.39549,2355
Clay,KY,37.47671,-87.82002,1141
Clay City,KY,37.85925,-83.91853,1095
Clinton,KY,36.66728,-88.9934,1318
Cloverport,KY,37.83339,-86.63276,1156
Coal Run Village,KY,37.51316,-82.55849,1602
Cold Spring,KY,39.02173,-84.43994,6170
Coldstream,KY,38.31479,-85.52385,1137
Columbia,KY,37.10284,-85.30635,4644
Corbin,KY,36.9487,-84.09688,7389
Corydon,KY,37.74338,-87.70391,707
Covington,KY,39.08367,-84.50855,40997
Crab Orchard,KY,37.46453,-84.5066,833
Crescent Springs,KY,39.05145,-84.58161,4010
Crestview Hills,KY,39.02728,-84.58494,3340
Crestwood,KY,38.32424,-85.47246,4847
Crittenden,KY,38.78284,-84.60522,3848
Crofton,KY,37.04782,-87.485,754
Cumberland,KY,36.97815,-82.9885,2103
Cynthiana,KY,38.39035,-84.2941,6423
Danville,KY,37.64563,-84.77217,16690
Dawson Springs,KY,37.16727,-87.69251,2737
Dayton,KY,39.11284,-84.47272,5433
Dixon,KY,37.51782,-87.69029,898
Douglass Hills,KY,38.23785,-85.55274,5669
Drakesboro,KY,37.21754,-87.04888,509
Dry Ridge,KY,38.68201,-84.58994,2205
Earlington,KY,37.27421,-87.51194,1395
East Bernstadt,KY,37.18953,-84.11771,716
Eddyville,KY,37.0945,-88.0803,2577
Edgewood,KY,39.01867,-84.58189,8769
Edmonton,KY,36.98006,-85.61219,1568
Elizabethtown,KY,37.69395,-85.85913,29678
Elk Creek,KY,38.10034,-85.37107,1539
Elkfork,KY,37.96481,-83.13295,1539
Elkhorn City,KY,37.304,-82.35098,937
Elkton,KY,36.81004,-87.15417,2175
Elsmere,KY,39.01256,-84.60467,8536
Eminence,KY,38.37007,-85.18051,2535
Erlanger,KY,39.01673,-84.60078,18797
Evarts,KY,36.86592,-83.19045,962
Fairdale,KY,38.10507,-85.75885,8148
Falmouth,KY,38.67674,-84.33021,2127
Ferguson,KY,37.06674,-84.59994,943
Fern Creek,KY,38.15979,-85.58774,18409
Fincastle,KY,38.30785,-85.54218,848
Flat Lick,KY,36.82898,-83.7702,960
Flatwoods,KY,38.52258,-82.71711,7335
Fleming-Neon,KY,37.19232,-82.70571,728
Flemingsburg,KY,38.4223,-83.73381,2894
Florence,KY,38.99895,-84.62661,32227
Fordsville,KY,37.63616,-86.71749,530
Fort Mitchell,KY,39.0595,-84.54744,8306
Fort Thomas,KY,39.07506,-84.44716,16398
Fort Wright,KY,39.05173,-84.53411,5781
Francisville,KY,39.10506,-84.72439,7944
Frankfort,KY,38.20091,-84.87328,28391
Franklin,KY,36.72226,-86.57722,8787
Frenchburg,KY,37.95092,-83.62575,531
Fulton,KY,36.50423,-88.87423,2235
Garrison,KY,38.60619,-83.17323,866
Georgetown,KY,38.2098,-84.55883,32356
Glasgow,KY,36.99588,-85.91192,14470
Glenview,KY,38.3084,-85.65024,544
Goshen,KY,38.40312,-85.57413,909
Graymoor-Devondale,KY,38.27313,-85.62302,2950
Grayson,KY,38.33258,-82.9485,4058
Green Spring,KY,38.31618,-85.61385,740
Greensburg,KY,37.26089,-85.49885,2123
Greenup,KY,38.57313,-82.83017,1157
Greenville,KY,37.20115,-87.17889,4395
Guthrie,KY,36.64838,-87.16639,1437
Hanson,KY,37.41727,-87.48083,736
Hardin,KY,36.76478,-88.29531,599
Hardinsburg,KY,37.78006,-86.46053,2333
Harlan,KY,36.84314,-83.32185,1639
Harrodsburg,KY,37.7623,-84.84329,8394
Hartford,KY,37.45116,-86.90916,2750
Hawesville,KY,37.90006,-86.75499,1002
Hazard,KY,37.24954,-83.19323,5341
Hebron,KY,39.06589,-84.70106,5929
Hebron Estates,KY,38.04951,-85.66607,1145
Henderson,KY,37.83615,-87.59001,28890
Hendron,KY,37.0395,-88.62922,4687
Hickman,KY,36.57117,-89.18618,2202
Highland Heights,KY,39.03312,-84.45189,7183
Highview,KY,38.14285,-85.62413,15167
Hillview,KY,38.06979,-85.68551,8080
Hindman,KY,37.33593,-82.98044,741
Hodgenville,KY,37.57395,-85.73996,3256
Hollow Creek,KY,38.15257,-85.6244,810
Hollyvilla,KY,38.09368,-85.74552,551
Hopkinsville,KY,36.86561,-87.49117,32205
Horse Cave,KY,37.1795,-85.90692,2344
Houston Acres,KY,38.21424,-85.61385,503
Hurstbourne Acres,KY,38.22118,-85.58913,1874
Hurstbourne,KY,38.23813,-85.58829,4359
Hyden,KY,37.16093,-83.37324,351
Independence,KY,38.94312,-84.54411,26819
Indian Hills,KY,38.27257,-85.66274,2959
Indian Hills Cherokee Section,KY,38.27951,-85.64996,1011
Inez,KY,37.86648,-82.53876,684
Irvine,KY,37.70064,-83.97381,2416
Irvington,KY,37.88034,-86.28386,1184
Jackson,KY,37.82508,-84.87079,2356
Jamestown,KY,36.98479,-85.06301,1804
Jeffersontown,KY,38.19424,-85.5644,26946
Jeffersonville,KY,37.97369,-83.84186,1704
Jenkins,KY,37.17344,-82.63099,2103
Junction City,KY,37.58674,-84.79384,2283
Kevil,KY,37.08505,-88.88673,620
Knottsville,KY,37.77172,-86.90416,6270
La Center,KY,37.07672,-88.97368,1005
La Grange,KY,38.40757,-85.37885,8619
Kuttawa,KY,37.05894,-88.13253,661
Lakeside Park,KY,39.03562,-84.56911,2779
Lancaster,KY,37.61952,-84.578,3864
Langdon Place,KY,38.28756,-85.58315,969
Lawrenceburg,KY,38.0373,-84.89662,11103
Lebanon,KY,37.56979,-85.25274,5680
Lebanon Junction,KY,37.83451,-85.7319,1917
Ledbetter,KY,37.04756,-88.47699,1683
Leitchfield,KY,37.48005,-86.29386,6873
Lewisburg,KY,36.98643,-86.94722,807
Lewisport,KY,37.937,-86.90221,1698
Lexington,KY,37.98869,-84.47772,320347
Lexington-Fayette,KY,38.0498,-84.45855,314488
Liberty,KY,37.31841,-84.9394,2160
Livermore,KY,37.4931,-87.13194,1354
London,KY,37.12898,-84.08326,8126
Loretto,KY,37.63534,-85.4008,722
Louisa,KY,38.11425,-82.60321,2455
Louisville,KY,38.25424,-85.75941,624444
Loyall,KY,36.85203,-83.35407,654
Ludlow,KY,39.09256,-84.54744,4551
Lynch,KY,36.9662,-82.92238,709
Lyndon,KY,38.25674,-85.60163,11372
Lynnview,KY,38.1784,-85.70968,940
Madisonville,KY,37.3281,-87.49889,19539
Magnolia,KY,37.44395,-85.74357,524
Manchester,KY,37.1537,-83.76186,1401
Marion,KY,37.33283,-88.08113,2986
Martin,KY,37.57288,-82.75266,602
Masonville,KY,37.67505,-87.03472,1014
Massac,KY,37.029,-88.686,4505
Mayfield,KY,36.74172,-88.63672,10080
Maysville,KY,38.64119,-83.74437,8819
McKee,KY,37.43036,-83.99798,789
McRoberts,KY,37.2076,-82.67182,784
Meadow Vale,KY,38.28313,-85.57191,758
Meads,KY,38.41258,-82.70905,288649
Middlesboro,KY,36.60842,-83.71658,10730
Middletown,KY,38.24535,-85.53885,7874
Midway,KY,38.15091,-84.68383,1701
Millersburg,KY,38.30202,-84.14743,796
Milton,KY,38.72367,-85.3694,572
Heritage Creek,KY,38.12368,-85.71968,1076
Monticello,KY,36.82979,-84.84911,6090
Morehead,KY,37.27115,-87.17638,7622
Morganfield,KY,37.68338,-87.91669,3578
Morgantown,KY,37.2256,-86.6836,2475
Mortons Gap,KY,37.23671,-87.47528,852
Mount Olivet,KY,38.53146,-84.03687,346
Mount Sterling,KY,38.05647,-83.94326,7208
Mount Vernon,KY,38.02563,-84.49522,2583
Mount Washington,KY,38.05006,-85.54579,14028
Muldraugh,KY,37.93702,-85.99163,985
Munfordville,KY,37.27228,-85.89108,1640
Murray,KY,36.61033,-88.31476,18954
Murray Hill,KY,38.29035,-85.58829,605
New Castle,KY,38.4334,-85.16968,926
New Haven,KY,37.65784,-85.59107,887
Newburg,KY,38.16007,-85.65968,19967
Newport,KY,39.09145,-84.49578,15354
Nicholasville,KY,37.88063,-84.573,29754
North Corbin,KY,36.96064,-84.09326,1773
North Middletown,KY,38.14508,-84.11132,650
Northfield,KY,38.28701,-85.64107,1051
Nortonville,KY,37.19088,-87.45278,1190
Oak Grove,KY,37.34421,-86.75471,7989
Oakbrook,KY,38.99978,-84.68522,9036
Okolona,KY,38.14118,-85.68774,17134
Old Washington,KY,38.61591,-83.80853,795
Olive Hill,KY,38.30008,-83.17407,1599
Orchard Grass Hills,KY,38.32368,-85.52135,1711
Owensboro,KY,37.77422,-87.11333,59042
Owenton,KY,38.53672,-84.84338,1550
Owingsville,KY,38.1448,-83.76408,1581
Paintsville,KY,37.81454,-82.80711,4249
Park City,KY,37.09394,-86.04637,555
Park Hills,KY,39.07145,-84.53217,3007
Park Lake,KY,38.34507,-85.47329,571
Paris,KY,38.2098,-84.25299,9870
Parkway Village,KY,38.21257,-85.74024,665
Pembroke,KY,36.77588,-87.35556,889
Perryville,KY,37.65035,-84.95162,761
Petersburg,KY,39.06922,-84.86828,620
Pewee Valley,KY,38.31062,-85.48746,1529
Phelps,KY,37.51288,-82.15013,893
Pikeville,KY,37.47927,-82.51876,7012
Pine Knot,KY,36.65091,-84.43855,1621
Pineville,KY,36.76203,-83.69492,1762
Pioneer Village,KY,38.06062,-85.67774,2840
Pippa Passes,KY,37.33482,-82.87405,643
Plantation,KY,38.2834,-85.59107,859
Plano,KY,36.88032,-86.41832,1117
Pleasure Ridge Park,KY,38.14535,-85.8583,25813
Pleasureville,KY,38.3459,-85.11523,844
Powderly,KY,37.23699,-87.15916,732
Prestonsburg,KY,37.66565,-82.77155,3347
Princeton,KY,37.10922,-87.88196,6174
Prospect,KY,38.34507,-85.61552,4881
Providence,KY,38.57451,-85.22107,3492
Raceland,KY,38.54008,-82.7285,2387
Radcliff,KY,37.84035,-85.94913,22387
Ravenna,KY,37.68453,-83.95298,590
Reidland,KY,37.01756,-88.53143,4491
Richmond,KY,37.74786,-84.29465,33533
Robards,KY,37.67393,-87.54667,513
Rolling Fields,KY,38.26785,-85.67163,662
Rolling Hills,KY,38.28257,-85.5744,959
Russell,KY,38.5173,-82.69766,3260
Russell Springs,KY,37.05618,-85.08857,2511
Russellville,KY,36.84532,-86.88722,7056
Ryland Heights,KY,38.95756,-84.463,1042
Saint Matthews,KY,38.25285,-85.65579,17472
Saint Regis Park,KY,38.22674,-85.61663,1454
Salem,KY,37.06896,-84.98551,746
Salyersville,KY,37.75259,-83.06878,1816
Sandy Hook,KY,38.08647,-83.12628,630
Science Hill,KY,37.17702,-84.63578,696
Scottsville,KY,36.75338,-86.19054,4411
Sebree,KY,37.60699,-87.52862,1559
Seneca Gardens,KY,38.22896,-85.67746,712
Shelbyville,KY,38.21201,-85.22357,15253
Shepherdsville,KY,37.9884,-85.71579,11967
Shively,KY,38.20007,-85.82274,15713
Silver Grove,KY,39.03451,-84.39022,1120
Simpsonville,KY,38.22257,-85.35523,2702
Smithland,KY,37.13894,-88.40337,295
Smiths Grove,KY,37.05255,-86.20776,736
Somerset,KY,37.09202,-84.60411,11439
South Wallins,KY,36.81509,-83.41074,859
South Shore,KY,38.72091,-82.95823,1101
Southgate,KY,39.072,-84.47272,3856
Spring Valley,KY,38.29701,-85.61135,671
Springfield,KY,37.68534,-85.22218,3055
Saint Dennis,KY,38.1884,-85.8458,9177
Stamping Ground,KY,38.27174,-84.68634,730
Stanford,KY,37.53119,-84.66189,3675
Stanton,KY,37.84564,-83.85825,2666
Stearns,KY,36.69897,-84.47744,1416
Strathmoor Village,KY,38.22313,-85.67774,663
Sturgis,KY,37.54671,-87.98391,1912
Summersville,KY,37.32617,-85.54441,568
Symsonia,KY,36.92034,-88.52004,615
Taylor Mill,KY,38.99756,-84.49633,6769
Taylorsville,KY,38.03173,-85.34245,1028
Tompkinsville,KY,36.70228,-85.69164,2289
Union,KY,38.9459,-84.6805,5795
Uniontown,KY,37.77532,-87.93058,967
Upton,KY,37.46506,-85.8933,665
Van Lear,KY,37.77121,-82.75794,1079
Valley Station,KY,38.11118,-85.87024,22756
Vanceburg,KY,38.59924,-83.3188,1448
Verona,KY,38.8184,-84.66078,1455
Versailles,KY,38.05258,-84.72995,9146
Villa Hills,KY,39.06339,-84.593,7468
Vine Grove,KY,37.81007,-85.98135,5760
Walton,KY,38.87562,-84.61022,3907
Warsaw,KY,38.7834,-84.90162,1695
Watterson Park,KY,38.19229,-85.68329,1001
Wellington,KY,38.21646,-85.66913,579
West Buechel,KY,38.19701,-85.66329,1269
West Liberty,KY,37.92148,-83.25962,3330
West Point,KY,37.99952,-85.94357,868
Westwood,KY,38.48314,-82.66988,4746
Wheelwright,KY,37.3326,-82.72099,551
White Plains,KY,37.18366,-87.38361,872
Whitesburg,KY,37.11843,-82.82683,2006
Whitesville,KY,37.68311,-86.87138,538
Whitley City,KY,36.72341,-84.47049,1170
Wickliffe,KY,36.96478,-89.08923,685
Wilder,KY,39.05645,-84.48689,3088
Williamsburg,KY,36.74342,-84.15966,5293
Williamstown,KY,38.63812,-84.5605,3943
Wilmore,KY,37.86202,-84.66161,6247
Winchester,KY,37.99008,-84.17965,18446
Winding Falls,KY,38.28313,-85.64385,644
Windy Hills,KY,38.27396,-85.63441,2428
Wingo,KY,36.64228,-88.73894,640
Woodland Hills,KY,38.24035,-85.52413,696
Woodlawn Park,KY,38.26146,-85.62913,974
Worthington,KY,38.31562,-85.56163,1643
Worthington Hills,KY,38.30896,-85.5269,1496
Wurtland,KY,38.55036,-82.77794,1043
Abbeville,LA,29.97465,-92.13429,12434
Abita Springs,LA,30.47864,-90.04008,2499
Addis,LA,30.3538,-91.26539,4589
Albany,LA,30.50436,-90.58231,1104
Alexandria,LA,31.31129,-92.44514,47889
Ama,LA,29.95215,-90.29647,1316
Amelia,LA,29.66632,-91.10204,2459
Amite,LA,30.72657,-90.50898,4640
Anacoco,LA,31.25213,-93.34128,845
Arabi,LA,29.95437,-90.00535,3635
Arcadia,LA,32.54904,-92.92016,2861
Arnaudville,LA,30.3977,-91.93151,1069
Avondale,LA,29.91298,-90.20369,4954
Baker,LA,30.58824,-91.16816,13695
Baldwin,LA,29.83798,-91.54428,2345
Ball,LA,31.41546,-92.4118,3990
Banks Springs,LA,32.0821,-92.09291,1192
Barataria,LA,29.72327,-90.12369,1109
Basile,LA,30.4852,-92.59597,1816
Bastrop,LA,32.77828,-91.91144,10713
Batchelor,LA,30.84046,-91.66151,2389
Baton Rouge,LA,30.44332,-91.18747,227470
Bawcomville,LA,32.47042,-92.16736,3588
Bayou Boeuf,LA,29.86937,-90.59675,14195
Bayou Cane,LA,29.6241,-90.7512,19355
Bayou Gauche,LA,29.78743,-90.41314,2071
Bayou Goula,LA,30.20992,-91.16899,612
Bayou Vista,LA,29.68965,-91.27094,4652
Belle Chasse,LA,29.85493,-89.99063,12679
Belle Rose,LA,30.05048,-91.04149,1902
Benton,LA,32.69487,-93.74185,2015
Bernice,LA,32.82209,-92.65793,1648
Berwick,LA,29.69465,-91.21899,4765
Blanchard,LA,32.58098,-93.89268,2935
Bogalusa,LA,30.79102,-89.84869,11933
Boothville,LA,29.34355,-89.41978,854
Bordelonville,LA,31.10546,-91.90734,525
Bossier City,LA,32.51599,-93.73212,68094
Bourg,LA,29.55355,-90.60231,2579
Boutte,LA,29.90243,-90.38814,3075
Boyce,LA,31.39046,-92.66931,979
Breaux Bridge,LA,30.27353,-91.89928,8395
Bridge City,LA,29.93326,-90.17007,7706
Broussard,LA,30.14715,-91.96123,11303
Brownsfield,LA,30.54658,-91.12066,5401
Brownsville,LA,32.48709,-92.1543,4317
Brusly,LA,30.39436,-91.25372,2785
Bunkie,LA,30.95325,-92.18263,4066
Buras,LA,29.35189,-89.52422,945
Cade,LA,30.08742,-91.9054,1723
Calhoun,LA,32.51265,-92.35847,679
Cameron,LA,29.79772,-93.32515,406
Campti,LA,31.8935,-93.11822,1044
Carencro,LA,30.31714,-92.04901,8575
Carlyss,LA,30.16882,-93.37599,4670
Carville,LA,30.21742,-91.09621,1108
Catahoula,LA,30.21464,-91.709,1094
Cecilia,LA,30.33714,-91.85317,1980
Central,LA,30.55435,-91.03677,28295
Chackbay,LA,29.88354,-90.79732,5177
Chalmette,LA,29.94296,-89.96537,16751
Charenton,LA,29.88159,-91.52511,1903
Chatham,LA,32.30626,-92.45042,544
Chauvin,LA,29.43855,-90.59537,2912
Cheneyville,LA,31.01491,-92.28735,608
Choctaw,LA,29.8391,-90.69092,879
Choudrant,LA,32.53015,-92.51431,955
Church Point,LA,30.40298,-92.21513,4521
Claiborne,LA,32.51598,-92.1918,11507
Clarks,LA,32.02655,-92.13903,1006
Clayton,LA,31.72266,-91.54318,686
Clinton,LA,30.86574,-91.01566,1577
Colfax,LA,31.51906,-92.70682,1524
Columbia,LA,32.10516,-92.07791,382
Convent,LA,30.02076,-90.82982,711
Cotton Valley,LA,32.81931,-93.41767,974
Cottonport,LA,30.98408,-92.05346,1953
Covington,LA,30.47549,-90.10042,9928
Coushatta,LA,32.01488,-93.34212,1852
Crescent,LA,30.2477,-91.28733,959
Crowley,LA,30.21409,-92.37458,13144
Cullen,LA,32.96903,-93.45073,1125
Cut Off,LA,29.54272,-90.33814,5976
DeQuincy,LA,30.45048,-93.43322,3161
DeRidder,LA,30.84631,-93.28905,10890
Delcambre,LA,29.94826,-91.98873,1866
Delhi,LA,32.45764,-91.49317,2900
Denham Springs,LA,30.4874,-90.95753,10125
Des Allemands,LA,29.82382,-90.47508,2505
Destrehan,LA,29.94322,-90.35345,11535
Deville,LA,31.3574,-92.16541,1764
Donaldsonville,LA,30.10114,-90.99412,7792
Doyline,LA,32.53571,-93.411,795
Dubach,LA,32.6991,-92.6566,979
Dulac,LA,29.38883,-90.71398,1463
Duson,LA,30.23576,-92.1854,1775
Eastwood,LA,32.55626,-93.56712,4093
Eden Isle,LA,30.22853,-89.79867,7041
Edgard,LA,30.04326,-90.56009,2441
Egan,LA,30.23687,-92.50597,631
Elizabeth,LA,30.86853,-92.79293,553
Elmwood,LA,29.95659,-90.1898,4635
Elton,LA,30.48131,-92.6957,1127
Empire,LA,29.38772,-89.59728,993
Epps,LA,32.60403,-91.4779,837
Erath,LA,29.95826,-92.03596,2107
Erwinville,LA,30.53102,-91.40789,2192
Estelle,LA,29.84576,-90.10674,16377
Estherwood,LA,30.18076,-92.4643,959
Eunice,LA,30.49437,-92.41763,10310
Farmerville,LA,32.77347,-92.4057,3862
Ferriday,LA,31.63017,-91.55456,3375
Fifth Ward,LA,31.13019,-92.17291,800
Florien,LA,31.44379,-93.4574,629
Folsom,LA,30.63019,-90.1873,792
Fordoche,LA,30.59602,-91.6165,904
Forest Hill,LA,31.04186,-92.53125,796
Fort Jesup,LA,31.61295,-93.40295,509
Franklin,LA,29.79604,-91.5015,7302
Franklinton,LA,30.84731,-90.15527,3782
French Settlement,LA,30.29599,-90.7963,1130
Galliano,LA,29.44216,-90.29925,7676
Gardere,LA,30.34575,-91.14011,10580
Garyville,LA,30.05604,-90.61926,2811
Gibsland,LA,32.54404,-93.05294,948
Gilbert,LA,32.04932,-91.65818,566
Gillis,LA,30.37381,-93.20099,657
Glenmora,LA,30.97658,-92.58514,1320
Golden Meadow,LA,29.37911,-90.26008,2060
Gonzales,LA,30.23853,-90.9201,10678
Grambling,LA,32.52765,-92.71404,5209
Gramercy,LA,30.04742,-90.68981,3457
Grand Coteau,LA,30.41992,-92.04651,938
Grand Isle,LA,29.23662,-89.98729,1399
Grand Point,LA,30.06131,-90.75343,2473
Gray,LA,29.69771,-90.78648,5584
Grayson,LA,32.04988,-92.1093,524
Greensburg,LA,30.83074,-90.67176,685
Greenwood,LA,32.44293,-93.97296,3191
Gretna,LA,29.91465,-90.05396,17880
Grosse Tete,LA,30.41103,-91.43372,631
Gueydan,LA,30.02604,-92.50847,1396
Hackberry,LA,29.99605,-93.3421,1261
Hahnville,LA,29.97659,-90.40897,3344
Hammond,LA,30.50463,-90.46293,20480
Harahan,LA,29.94048,-90.20313,9350
Harrisonburg,LA,31.77211,-91.82152,337
Harvey,LA,29.90354,-90.07729,20348
Haughton,LA,32.53265,-93.50406,3334
Hayes,LA,30.10882,-92.92015,780
Haynesville,LA,32.96208,-93.14016,2174
Henderson,LA,30.31325,-91.79039,1740
Hessmer,LA,31.05963,-92.12124,780
Homer,LA,32.79192,-93.05503,3005
Houma,LA,29.59577,-90.71953,34287
Independence,LA,30.63551,-90.50335,1810
Inniswold,LA,30.40491,-91.08344,6180
Iota,LA,30.33131,-92.49569,1480
Iowa,LA,30.23687,-93.01376,3219
Jackson,LA,30.8374,-91.21761,3788
Jean Lafitte,LA,29.73604,-90.12674,1972
Jeanerette,LA,29.91104,-91.66345,5527
Jefferson,LA,29.96604,-90.15313,11193
Jena,LA,31.68323,-92.13374,3417
Jennings,LA,30.22243,-92.65708,10180
Jonesboro,LA,32.24127,-92.71599,4587
Jonesville,LA,31.62656,-91.81818,2181
Junction City,LA,33.01375,-92.72516,566
Kaplan,LA,29.99798,-92.28485,4617
Kenner,LA,29.99409,-90.24174,67091
Kentwood,LA,30.93824,-90.50898,2340
Killian,LA,30.35881,-90.5862,1304
Killona,LA,30.00604,-90.48286,793
Kinder,LA,30.48548,-92.8507,2442
Kraemer,LA,29.86687,-90.627,934
Krotz Springs,LA,30.53686,-91.75289,1203
Labadieville,LA,29.83743,-90.95621,1854
Lacombe,LA,30.31353,-89.94313,8679
Lafayette,LA,30.22409,-92.01984,121374
Lafitte,LA,29.66688,-90.10841,972
Lake Arthur,LA,30.08076,-92.67153,2742
Lake Charles,LA,30.21309,-93.2044,76070
Lake Providence,LA,32.80499,-91.17098,3715
Lakeshore,LA,32.53514,-92.02958,1930
Lakeview,LA,32.52321,-93.82935,948
Laplace,LA,30.06698,-90.48147,29872
Larose,LA,29.57244,-90.38175,7400
Lawtell,LA,30.51853,-92.18485,1198
Lecompte,LA,31.09463,-92.40041,1189
Leesville,LA,31.14352,-93.261,6333
Lemannville,LA,30.10937,-90.92038,860
Leonville,LA,30.47047,-91.97845,1101
Livingston,LA,30.50213,-90.74787,1917
Livonia,LA,30.55908,-91.55594,1410
Lockport,LA,29.64605,-90.53925,2531
Lockport Heights,LA,29.65049,-90.54647,1286
Logansport,LA,31.97545,-93.99797,1564
Longville,LA,30.6052,-93.23183,635
Loreauville,LA,30.05659,-91.73706,899
Luling,LA,29.93215,-90.36647,12119
Lydia,LA,29.92394,-91.78305,952
Lutcher,LA,30.04048,-90.69898,3373
Madisonville,LA,30.40436,-90.15702,813
Mamou,LA,30.63381,-92.4193,3181
Mandeville,LA,30.35825,-90.06563,12345
Mangham,LA,32.30904,-91.77485,647
Mansfield,LA,32.03766,-93.70018,4946
Mansura,LA,31.05797,-92.04901,1385
Many,LA,31.56878,-93.48406,2790
Maringouin,LA,30.4913,-91.51955,1061
Marion,LA,32.90152,-92.24208,755
Marksville,LA,31.12797,-92.06624,5533
Marrero,LA,29.89937,-90.10035,33141
Martin,LA,32.08544,-93.22017,562
Mathews,LA,29.68632,-90.54675,2209
Maurice,LA,30.10854,-92.12457,1266
Melville,LA,30.69297,-91.744,1050
Mer Rouge,LA,32.77513,-91.79263,590
Meraux,LA,29.93017,-89.91623,5816
Mermentau,LA,30.18993,-92.58264,654
Merrydale,LA,30.5013,-91.10844,9772
Merryville,LA,30.75437,-93.54045,1115
Metairie,LA,29.98409,-90.15285,138481
Metairie Terrace,LA,29.97854,-90.16396,142489
Midway,LA,31.69212,-92.15236,1291
Milton,LA,30.10381,-92.07651,3030
Minden,LA,32.61543,-93.28684,12690
Minorca,LA,31.57933,-91.48179,2317
Monroe,LA,32.50931,-92.1193,49598
Montegut,LA,30.07076,-90.50203,1786
Montgomery,LA,31.66739,-92.89071,721
Montz,LA,30.00687,-90.46869,1918
Mooringsport,LA,32.68765,-93.96102,786
Moreauville,LA,31.03463,-91.97568,904
Morgan City,LA,29.69937,-91.20677,11835
Morganza,LA,30.73852,-91.59428,594
Morse,LA,30.12187,-92.49819,804
Moss Bluff,LA,30.3027,-93.19071,11557
Napoleonville,LA,29.94048,-91.02482,639
Natalbany,LA,30.54622,-90.48619,2984
Natchez,LA,31.67544,-93.04461,588
Natchitoches,LA,31.76072,-93.08627,18365
New Iberia,LA,30.00354,-91.81873,30754
New Llano,LA,31.11491,-93.27155,2468
New Orleans,LA,29.95465,-90.07507,362701
New Roads,LA,30.70157,-91.43622,4697
New Sarpy,LA,29.97817,-90.38963,1464
Newellton,LA,32.07265,-91.24095,1074
Norco,LA,29.99909,-90.4123,3074
North Vacherie,LA,29.99687,-90.70565,2346
Oak Grove,LA,32.86096,-91.38845,1662
Oak Hills Place,LA,30.35992,-91.0876,8195
Oakdale,LA,30.81603,-92.66042,7710
Oberlin,LA,30.6202,-92.76265,1752
Oil City,LA,32.74403,-93.97157,997
Old Jefferson,LA,30.38269,-91.01705,6980
Olla,LA,31.90294,-92.24319,1386
Opelousas,LA,30.53353,-92.08151,16591
Ossun,LA,30.27603,-92.11235,2144
Paincourtville,LA,29.9902,-91.0551,911
Paradis,LA,29.87965,-90.43397,1298
Parks,LA,30.21437,-91.83206,677
Patterson,LA,29.69326,-91.30205,6106
Paulina,LA,30.02631,-90.71315,1178
Pearl River,LA,30.37603,-89.7484,2530
Pierre Part,LA,29.9652,-91.20316,3169
Pine Prairie,LA,30.78381,-92.42541,1592
Pineville,LA,31.3224,-92.4343,14403
Pitkin,LA,30.9363,-92.93626,576
Plain Dealing,LA,32.90514,-93.69684,969
Plaquemine,LA,30.29005,-91.23497,6871
Pleasant Hill,LA,31.81989,-93.51434,718
Ponchatoula,LA,30.4388,-90.44148,7068
Port Allen,LA,30.45214,-91.21011,5130
Port Barre,LA,30.5602,-91.95401,2119
Port Sulphur,LA,29.48049,-89.69395,1760
Port Vincent,LA,30.33381,-90.84954,749
Poydras,LA,29.86937,-89.88895,2351
Prairieville,LA,30.30297,-90.97205,26895
Presquille,LA,29.56383,-90.6462,1807
Prien,LA,30.18187,-93.27377,7810
Provencal,LA,31.65295,-93.20211,608
Raceland,LA,29.72743,-90.59898,10193
Rayne,LA,30.23493,-92.26846,8016
Rayville,LA,32.47736,-91.75485,3664
Reddell,LA,30.67409,-92.42624,733
Reserve,LA,30.05381,-90.55175,9766
Richmond,LA,32.38792,-91.18205,543
Richwood,LA,32.44876,-92.08486,3474
Ridgecrest,LA,31.60294,-91.5279,666
Ringgold,LA,32.32849,-93.27989,1432
River Ridge,LA,29.9602,-90.21563,13494
Roanoke,LA,30.23687,-92.74709,546
Rosedale,LA,30.44131,-91.45205,776
Roseland,LA,30.76491,-90.51176,1203
Rosepine,LA,30.91991,-93.28239,1634
Ruston,LA,32.52321,-92.63793,22340
Saint Francisville,LA,30.7799,-91.3765,1765
Saint Gabriel,LA,30.2577,-91.09927,6677
Saint James,LA,29.98187,-90.83176,828
Saint Joseph,LA,31.91849,-91.23345,1176
Saint Martinville,LA,30.1252,-91.83345,6114
Saint Rose,LA,29.94687,-90.32313,8122
Sarepta,LA,32.89292,-93.44851,864
Schriever,LA,29.74215,-90.81037,6853
Scott,LA,30.23576,-92.09457,9018
Shenandoah,LA,30.4013,-91.00094,18399
Shreveport,LA,32.52515,-93.75018,187593
Sibley,LA,32.53932,-93.29628,1184
Sicily Island,LA,31.84655,-91.65624,508
Simmesport,LA,30.98352,-91.80012,2117
Simpson,LA,31.24574,-93.01544,618
Simsboro,LA,32.5346,-92.78849,859
Slaughter,LA,30.71741,-91.1415,963
Slidell,LA,30.27519,-89.78117,27942
Sorrel,LA,29.88909,-91.61678,766
Sorrento,LA,30.18436,-90.85926,1582
South Vacherie,LA,29.94283,-90.69348,3642
Springhill,LA,33.00597,-93.46684,5097
Starks,LA,30.31548,-93.66183,664
Start,LA,32.48653,-91.85929,905
Sterlington,LA,32.69625,-92.08597,2463
Stonewall,LA,32.28183,-93.82407,2093
Sulphur,LA,30.23659,-93.37738,20189
Sunset,LA,30.41131,-92.06845,2967
Supreme,LA,29.85937,-90.98121,1052
Swartz,LA,32.56875,-91.98513,4536
Tallulah,LA,32.40848,-91.18678,6995
Tangipahoa,LA,30.87602,-90.51204,808
Terrytown,LA,29.91021,-90.03257,23319
Thibodaux,LA,29.79576,-90.82287,14584
Tickfaw,LA,30.5776,-90.48443,744
Timberlane,LA,29.87743,-90.03202,10243
Union,LA,30.08714,-90.90482,892
Urania,LA,31.86378,-92.29597,1316
Ventress,LA,30.68185,-91.40817,890
Vidalia,LA,31.56544,-91.42595,4112
Vienna Bend,LA,31.73239,-93.041,1251
Village Saint George,LA,30.36214,-91.06733,7104
Ville Platte,LA,30.68797,-92.27152,7264
Vinton,LA,30.19076,-93.58127,3355
Violet,LA,29.89576,-89.89784,4973
Vivian,LA,32.87153,-93.9874,3626
Waggaman,LA,29.91854,-90.21091,10015
Walker,LA,30.48797,-90.86149,6318
Wallace,LA,30.04326,-90.66731,671
Wallace Ridge,LA,31.70961,-91.82735,710
Washington,LA,30.61631,-92.05706,956
Waterproof,LA,31.80488,-91.38345,609
Watson,LA,30.57574,-90.95316,1047
Welcome,LA,30.05937,-90.86843,800
Welsh,LA,30.23604,-92.82265,3227
West Ferriday,LA,31.64044,-91.57318,1478
West Monroe,LA,32.51848,-92.14764,12966
Westlake,LA,30.24215,-93.25071,4615
Westwego,LA,29.90604,-90.1423,8542
Westminster,LA,30.4138,-91.0876,3008
White Castle,LA,30.16992,-91.14705,1825
Wilson,LA,30.92018,-91.11566,574
Winnfield,LA,31.92558,-92.64131,4565
Winnsboro,LA,32.16321,-91.72068,4762
Wisner,LA,31.98099,-91.65568,931
Woodmere,LA,29.85798,-90.08035,12080
Woodworth,LA,31.14658,-92.49736,1084
Zachary,LA,30.64852,-91.1565,16448
Youngsville,LA,30.09965,-91.99012,11961
Zwolle,LA,31.63156,-93.64407,1972
Aberdeen,MD,39.50956,-76.16412,15580
Abingdon,MD,39.46233,-76.27912,4826
Accokeek,MD,38.66762,-77.02831,10573
Adamstown,MD,39.31094,-77.47471,2372
Adelphi,MD,39.00317,-76.97192,15086
Algonquin,MD,38.5829,-76.10577,1241
Annapolis,MD,38.97859,-76.49184,40812
Aquasco,MD,38.58512,-76.72497,981
Arbutus,MD,39.25455,-76.69997,20483
Arden on the Severn,MD,39.06594,-76.57885,1953
Arlington,MD,39.34857,-76.68324,3065
Armistead Gardens,MD,39.30177,-76.54941,3779
Arnold,MD,39.03206,-76.50274,23106
Aspen Hill,MD,39.07955,-77.07303,48759
Baden,MD,38.65928,-76.77775,2128
Baltimore,MD,39.29038,-76.61219,585708
Baltimore Highlands,MD,39.23316,-76.63663,7019
Ballenger Creek,MD,39.3726,-77.43526,18274
Bartonsville,MD,39.3926,-77.35804,1451
Beechfield,MD,39.27177,-76.69275,4013
Bel Air,MD,39.53594,-76.34829,10190
Beltsville,MD,39.03483,-76.90747,16772
Bennsville,MD,38.60929,-77.0122,11923
Berlin,MD,38.32262,-75.21769,5065
Berwyn Heights,MD,38.994,-76.91053,3280
Bethesda,MD,38.98067,-77.10026,60858
Beverly Hills,MD,39.33927,-76.57024,637
Bishopville,MD,38.44261,-75.19352,531
Bladensburg,MD,38.93928,-76.93386,9640
Boonsboro,MD,39.50621,-77.65249,3455
Bowie,MD,38.94278,-76.73028,58025
Bowleys Quarters,MD,39.33539,-76.39024,6755
Bowling Green,MD,39.6237,-78.80446,1077
Bowmans Addition,MD,39.69175,-78.74835,627
Braddock Heights,MD,39.41871,-77.5036,2608
Brandywine,MD,38.69678,-76.84775,6719
Brentwood,MD,38.94317,-76.95664,3191
Brock Hall,MD,38.85011,-76.76108,9552
Brooklyn,MD,39.23039,-76.60219,9549
Brooklyn Park,MD,39.22844,-76.61636,14373
Brookmont,MD,38.94206,-77.12026,3468
Brunswick,MD,39.31427,-77.62777,6116
Bryans Road,MD,38.62706,-77.07303,7244
Bryantown,MD,38.55512,-76.84191,655
Buckeystown,MD,39.33482,-77.43165,1019
Burtonsville,MD,39.11122,-76.93248,8323
Butcher's Hill,MD,39.28955,-76.5883,1970
Butlertown,MD,39.28261,-76.10439,505
Cabin John,MD,38.97539,-77.15803,2280
California,MD,38.3004,-76.50745,11857
Calvert Beach,MD,38.46596,-76.47717,808
Calverton,MD,39.05761,-76.93581,17724
Cambridge,MD,38.56317,-76.07883,12507
Camp Springs,MD,38.804,-76.90664,19096
Canton,MD,39.28039,-76.56663,12731
Cape Saint Claire,MD,39.04317,-76.44496,8747
Capitol Heights,MD,38.88511,-76.91581,4574
Carney,MD,39.39427,-76.52358,29941
Catonsville,MD,39.27205,-76.73192,41567
Cavetown,MD,39.64426,-77.58582,1473
Cecilton,MD,39.404,-75.86744,671
Cedarcroft,MD,39.36705,-76.60969,626
Cedarville,MD,38.6629,-76.80219,717
Cedonia,MD,39.33221,-76.53206,3168
Centreville,MD,39.04178,-76.06633,4627
Charlestown,MD,39.57373,-75.97495,1198
Charlotte Hall,MD,38.48096,-76.77802,1420
Charles Village,MD,39.32316,-76.6133,8267
Cherry Hill,MD,39.25483,-76.63441,7647
Chesapeake Beach,MD,38.68623,-76.53468,5873
Chesapeake City,MD,39.53095,-75.80744,691
Chesapeake Ranch Estates,MD,38.34624,-76.41773,10519
Chester,MD,38.97539,-76.2894,4167
Chestertown,MD,39.209,-76.06661,5093
Cheswolde,MD,39.364,-76.68914,7592
Cheverly,MD,38.92817,-76.91581,6485
Chevy Chase,MD,39.00287,-77.07115,9545
Chevy Chase Section Five,MD,38.98372,-77.07414,693
Chevy Chase Section Three,MD,38.979,-77.07387,801
Chevy Chase View,MD,39.01983,-77.08248,977
Chevy Chase Village,MD,38.96928,-77.07887,2060
Chillum,MD,38.96372,-76.99081,33513
Church Hill,MD,39.14122,-75.9855,747
Perkins Homes,MD,39.28761,-76.59691,858
Clarksburg,MD,39.23872,-77.27943,13766
Clover Hill,MD,39.45621,-77.42887,3542
Cloverly,MD,39.10816,-76.99775,15126
Clinton,MD,38.76511,-76.89831,35970
Cockeysville,MD,39.48122,-76.64386,20776
Cold Spring,MD,39.34844,-76.65775,1108
Colesville,MD,39.07566,-77.00192,14647
College Park,MD,38.98067,-76.93692,32301
Colmar Manor,MD,38.93317,-76.94581,1469
Columbia,MD,39.24038,-76.83942,99615
Coral Hills,MD,38.87039,-76.92108,9895
Cordova,MD,38.87567,-75.99605,562
Cottage City,MD,38.93817,-76.94831,1370
Cresaptown,MD,39.59287,-78.83335,4592
Crofton,MD,39.00178,-76.68747,27348
Crisfield,MD,37.98346,-75.85382,2655
Croom,MD,38.75262,-76.76386,2631
Crownsville,MD,39.02844,-76.60135,1757
Curtis Bay,MD,39.22677,-76.58802,3759
Cumberland,MD,39.65287,-78.76252,20130
Damascus,MD,39.28844,-77.20387,15257
Darnestown,MD,39.10344,-77.29082,6802
Davidsonville,MD,38.92289,-76.6283,8000
Deale,MD,38.77651,-76.55524,4945
Denton,MD,38.88456,-75.82716,4349
Derwood,MD,39.11733,-77.16109,2381
Dickeyville,MD,39.319,-76.70358,729
District Heights,MD,38.85761,-76.88942,6144
Drum Point,MD,38.32679,-76.42606,2731
Dundalk,MD,39.25066,-76.52052,63597
Dunkirk,MD,38.72178,-76.66052,2509
Dunkirk Town Center,MD,38.72039,-76.65857,2520
East Riverdale,MD,38.958,-76.911,15509
Easton,MD,38.77428,-76.07633,16617
Eckhart Mines,MD,39.65259,-78.89697,932
Eden,MD,38.28068,-75.65104,823
Edgemere,MD,39.24205,-76.44802,8669
Edgewater,MD,38.938,-76.557,9023
Edgewood,MD,39.41872,-76.2944,25562
Edmondson Village,MD,39.29511,-76.68164,3642
Edmonston,MD,38.94678,-76.93109,1518
Eldersburg,MD,39.40371,-76.95026,30531
Elkton,MD,39.60678,-75.83327,15782
Elkridge,MD,39.21261,-76.71358,15593
Ellerslie,MD,39.72064,-78.77419,572
Ellicott City,MD,39.26733,-76.79831,65834
Emmitsburg,MD,39.70454,-77.32693,3021
Essex,MD,39.30927,-76.47496,39262
Fairland,MD,39.07622,-76.95775,23681
Fairmount Heights,MD,38.90095,-76.91553,1570
Fairplay,MD,39.53649,-77.74749,580
Fallstaff,MD,39.36844,-76.70664,4313
Fallston,MD,39.51455,-76.41107,8958
Federalsburg,MD,38.69428,-75.77216,2661
Fells Point,MD,39.28261,-76.5933,5057
Ferndale,MD,39.18316,-76.64024,16746
Finzel,MD,39.71453,-78.9453,547
Forest Glen,MD,39.01455,-77.0547,6582
Forest Heights,MD,38.80956,-76.99803,2573
Forest Park,MD,39.32594,-76.68191,1255
Forestville,MD,38.84511,-76.87497,12353
Fort George G Mead Junction,MD,39.12594,-76.78914,9505
Fort Washington,MD,38.70734,-77.02303,23717
Four Corners,MD,39.02039,-77.01275,7945
Frederick,MD,39.41427,-77.41054,69479
Friendly,MD,38.75178,-76.97859,9250
Friendship Village,MD,38.96289,-77.08887,4791
Frostburg,MD,39.65814,-78.92836,8667
Fruitland,MD,38.32206,-75.6202,5215
Fulton,MD,39.15094,-76.92303,2049
Funkstown,MD,39.60899,-77.70444,884
Gaithersburg,MD,39.14344,-77.20137,67456
Galena,MD,39.34067,-75.87883,598
Galesville,MD,38.84317,-76.54357,684
Gambrills,MD,39.081,-76.658,2800
Garrett Park,MD,39.03816,-77.09303,1044
Garrison,MD,39.40594,-76.76053,8823
Germantown,MD,39.17316,-77.27165,86395
Glassmanor,MD,38.819,-76.99859,17295
Glen Burnie,MD,39.16261,-76.62469,67639
Glenarden,MD,38.92928,-76.86164,6326
Glenmont,MD,39.05789,-77.0497,13529
Glenn Dale,MD,38.98761,-76.82053,13466
Goddard,MD,38.98955,-76.85331,6177
Golden Beach,MD,38.48985,-76.68218,3796
Grantsville,MD,39.69508,-79.15114,765
Grasonville,MD,38.95817,-76.21023,3425
Green Haven,MD,39.13955,-76.54774,19326
Green Valley,MD,39.30927,-77.29721,12262
Greenbelt,MD,39.00455,-76.87553,24272
Greensboro,MD,38.97372,-75.80493,1873
Guilford,MD,39.33483,-76.61802,1990
Gwynn Oak,MD,39.33261,-76.69275,47092
Hagerstown,MD,39.64176,-77.71999,40432
Halfway,MD,39.62065,-77.75888,10701
Hampden,MD,39.33094,-76.63497,7346
Hampstead,MD,39.60483,-76.84998,6359
Hampton,MD,39.42288,-76.58469,5052
Hancock,MD,39.69898,-78.17973,1550
Hanover,MD,39.19289,-76.72414,38088
Queen Anne,MD,38.89872,-76.6783,1280
Havre de Grace,MD,39.54928,-76.09162,13504
Hebron,MD,38.42012,-75.68771,1092
Herald Harbor,MD,39.05372,-76.56913,2603
Highfield-Cascade,MD,39.71616,-77.48282,1112
Highland,MD,39.179,-76.95748,1034
Highlandtown,MD,39.2865,-76.56885,2915
Hillandale,MD,39.0265,-76.97414,6043
Hillcrest Heights,MD,38.83289,-76.95942,16469
Hillsmere Shores,MD,38.94011,-76.49496,2872
Homeland,MD,39.35816,-76.62441,3186
Howard Park,MD,39.33122,-76.69469,5057
Hughesville,MD,38.53262,-76.78386,2197
Hunt Valley,MD,39.49983,-76.64108,23915
Hunting Ridge,MD,39.29261,-76.70192,1326
Huntingtown,MD,38.61595,-76.61302,2587
Huntingtown Town Center,MD,38.62095,-76.61607,3311
Hurlock,MD,38.62428,-75.85438,2092
Hyattsville,MD,38.95594,-76.94553,18501
Idlewood,MD,39.37011,-76.58913,2495
Ilchester,MD,39.25094,-76.76469,23476
Indian Head,MD,38.60012,-77.1622,3857
Irvington,MD,39.28288,-76.68608,4548
Jarrettsville,MD,39.60455,-76.47774,2916
Jefferson,MD,39.36205,-77.53165,2111
Joppatowne,MD,39.414,-76.358,12616
Keedysville,MD,39.48621,-77.69971,1159
Kemp Mill,MD,39.039,-77.01914,12564
Kenilworth Park,MD,39.35427,-76.59802,1166
Kensington,MD,39.02567,-77.07637,2330
Kent Narrows,MD,38.96872,-76.23856,567
Kettering,MD,38.88456,-76.81469,12790
Kingstown,MD,39.20483,-76.05133,1733
Kingsville,MD,39.44872,-76.41774,4318
La Plata,MD,38.52929,-76.97525,9125
La Vale,MD,39.65564,-78.81058,3551
Lake Arbor,MD,38.90789,-76.82969,9776
Lake Shore,MD,39.10705,-76.48496,19477
Lakeland,MD,39.25816,-76.6508,4848
Landover,MD,38.934,-76.89664,23078
Landover Hills,MD,38.94317,-76.8922,1811
Langley Park,MD,38.98872,-76.98136,18755
Lanham,MD,38.96875,-76.8634,10157
Lansdowne,MD,39.24511,-76.66052,8409
Largo,MD,38.89761,-76.83025,10709
Lauraville,MD,39.34669,-76.57154,3759
Laurel,MD,39.09928,-76.84831,26215
Layhill,MD,39.09233,-77.04442,5169
Leitersburg,MD,39.6926,-77.62277,573
Leonardtown,MD,38.29124,-76.63579,3633
Lexington Park,MD,38.26679,-76.45384,11626
Libertytown,MD,39.4851,-77.24026,950
Linganore,MD,39.411,-77.302,8543
Linthicum,MD,39.20511,-76.65275,10324
Little Italy,MD,39.28677,-76.60108,674
Loch Lynn Heights,MD,39.39315,-79.3731,536
Lochearn,MD,39.34066,-76.72219,25333
Lonaconing,MD,39.56592,-78.9803,1144
Londontowne,MD,38.93345,-76.54941,8018
Long Beach,MD,38.46096,-76.46884,1821
Lusby,MD,38.355,-76.437,1835
Lutherville,MD,39.42122,-76.62608,6504
Manchester,MD,39.66121,-76.88498,5408
Marlboro Meadows,MD,38.83622,-76.71497,3672
Marlow Heights,MD,38.83345,-76.95164,5618
Marlton,MD,38.77373,-76.78997,9031
Martins Additions,MD,38.97928,-77.06942,933
Maryland City,MD,39.09205,-76.81775,16093
Maugansville,MD,39.69287,-77.74472,3071
Mayo,MD,38.88761,-76.5119,8298
Mays Chapel,MD,39.43316,-76.64941,11420
Mechanicsville,MD,38.4429,-76.74385,1508
Mellwood,MD,38.81039,-76.82414,3051
Middle River,MD,39.33427,-76.43941,25191
Middletown,MD,39.44371,-77.54471,4469
Milford Mill,MD,39.34788,-76.76997,29042
Millington,MD,39.25817,-75.83716,617
Mitchellville,MD,38.92,-76.808,10967
Mondawmin,MD,39.31761,-76.65941,2900
Montgomery Village,MD,39.17677,-77.19526,32032
Morningside,MD,38.83011,-76.89136,2086
Morrell Park,MD,39.26455,-76.6608,3970
Mount Aetna,MD,39.60232,-77.62416,561
Mount Airy,MD,39.37621,-77.1547,9380
Mount Lena,MD,39.55927,-77.62805,515
Mount Rainier,MD,38.9415,-76.96498,8475
Mount Savage,MD,39.69564,-78.87974,873
Mount Vernon,MD,39.29761,-76.6158,5497
Mount Washington,MD,39.36427,-76.67275,4111
Mount Winans,MD,39.26213,-76.64439,725
Mountain Lake Park,MD,39.39843,-79.38171,2111
Myersville,MD,39.5051,-77.56638,1708
New Carrollton,MD,38.96983,-76.87997,12786
New Market,MD,39.3826,-77.26943,1525
New Windsor,MD,39.54205,-77.10804,1400
North Beach,MD,38.70734,-76.53107,2014
North Bel Air,MD,39.53983,-76.35496,33925
North Bethesda,MD,39.04455,-77.11887,43828
North Chevy Chase,MD,39.00067,-77.07276,588
North Brentwood,MD,38.94539,-76.95164,540
North East,MD,39.60011,-75.94133,3723
North Kensington,MD,39.039,-77.071,9514
North Laurel,MD,39.139,-76.87053,4474
North Potomac,MD,39.08289,-77.26498,24410
O'Donnell Heights,MD,39.27622,-76.54163,972
Oakland,MD,39.40787,-79.40671,1875
Oaklee,MD,39.26788,-76.68497,763
Ocean City,MD,38.3365,-75.08491,7055
Ocean Pines,MD,38.39539,-75.15574,11710
Odenton,MD,39.084,-76.70025,37132
Old Town,MD,39.294,-76.60719,2370
Olney,MD,39.15316,-77.06692,33844
Overlea,MD,39.36344,-76.52052,12275
Owings,MD,38.71762,-76.60135,2149
Owings Mills,MD,39.41955,-76.78025,30622
Oxford,MD,38.68651,-76.17161,621
Oxon Hill,MD,38.80345,-76.9897,17722
Parkville,MD,39.37733,-76.53969,30734
Parole,MD,38.981,-76.545,15922
Pasadena,MD,39.119,-76.57108,24287
Perry Hall,MD,39.41261,-76.46357,28474
Perryman,MD,39.46955,-76.2044,2342
Perryville,MD,39.56011,-76.07134,4437
Pikesville,MD,39.37427,-76.72247,30764
Piney Point,MD,38.14235,-76.50745,864
Pittsville,MD,38.39539,-75.41297,1428
Pleasant Hills,MD,39.47955,-76.39413,3379
Pocomoke City,MD,38.07568,-75.56798,4133
Point of Rocks,MD,39.27594,-77.53915,1466
Pomfret,MD,38.57734,-77.03053,517
Poolesville,MD,39.14594,-77.41693,5201
Port Deposit,MD,39.60483,-76.11523,659
Potomac,MD,39.01817,-77.20859,44965
Potomac Heights,MD,38.60873,-77.14053,1117
Potomac Park,MD,39.61176,-78.80585,2530
Preston,MD,38.71262,-75.90994,703
Prince Frederick,MD,38.5404,-76.5844,2538
Princess Anne,MD,38.2029,-75.69243,3303
Pumphrey,MD,39.21733,-76.63719,5322
Pylesville,MD,39.68983,-76.37302,693
Queenstown,MD,38.99067,-76.15773,652
Ramblewood,MD,39.36288,-76.58691,1670
Randallstown,MD,39.36733,-76.79525,32430
Rawlings,MD,39.53453,-78.88336,693
Redland,MD,39.14539,-77.14415,17242
Reisterstown,MD,39.46976,-76.8319,25968
Ridgely,MD,38.94789,-75.88438,1615
Rising Sun,MD,39.69789,-76.06273,2859
Riva,MD,38.95206,-76.57802,4076
Riverdale Park,MD,38.96344,-76.93164,7305
Riverside,MD,39.27252,-76.60688,6523
Riviera Beach,MD,39.16678,-76.50802,12677
Robinwood,MD,39.63704,-77.65694,6918
Rock Hall,MD,39.13817,-76.23495,1303
Rockville,MD,39.084,-77.15276,66980
Rognel Heights,MD,39.294,-76.6858,1535
Roland Park,MD,39.35455,-76.63414,4329
Rosaryville,MD,38.75678,-76.80969,10697
Rosedale,MD,39.32011,-76.51552,19257
Rossmoor,MD,39.10372,-77.07109,8453
Rossville,MD,39.33844,-76.47968,15147
Saint Charles,MD,38.60317,-76.93858,36376
Saint James,MD,39.5626,-77.75805,2953
Saint Leonard,MD,38.47429,-76.50634,742
Saint Michaels,MD,38.78512,-76.22439,1029
Salisbury,MD,38.36067,-75.59937,32899
Savage,MD,39.13789,-76.82386,7054
Scaggsville,MD,39.14511,-76.90025,24333
Seabrook,MD,38.974,-76.849,17287
Seat Pleasant,MD,38.89622,-76.90664,4780
Secretary,MD,38.60928,-75.94744,529
Selby-on-the-Bay,MD,38.91622,-76.52246,4040
Severn,MD,39.13705,-76.6983,44231
Severna Park,MD,39.07039,-76.54524,37634
Shady Side,MD,38.84178,-76.51218,5803
Sharpsburg,MD,39.4576,-77.74888,704
Sharptown,MD,38.54262,-75.71938,645
Silver Hill,MD,38.84178,-76.94581,5950
Silver Spring,MD,38.99067,-77.02609,71452
Smithsburg,MD,39.65482,-77.57277,2998
Snow Hill,MD,38.17706,-75.3927,2086
Solomons,MD,38.31846,-76.45412,2368
Somerset,MD,38.96594,-77.09609,1288
South Baltimore,MD,39.2704,-76.61507,3871
South Bel Air,MD,39.53316,-76.33746,48828
South Gate,MD,39.129,-76.6258,29658
South Kensington,MD,39.013,-77.071,8462
South Laurel,MD,39.06983,-76.85025,26112
Spencerville,MD,39.11427,-76.97831,1594
Spring Ridge,MD,39.40149,-77.35248,5795
Springdale,MD,38.93761,-76.83886,2994
Stevensville,MD,38.98067,-76.3144,6803
Suitland,MD,38.84872,-76.92386,25825
Sykesville,MD,39.37371,-76.96776,4412
Takoma Park,MD,38.97789,-77.00748,17713
Taneytown,MD,39.65788,-77.17443,6746
Temple Hills,MD,38.814,-76.94553,7852
Ten Hills,MD,39.28427,-76.70108,1280
Thurmont,MD,39.62371,-77.41082,6454
Tilghman Island,MD,38.70373,-76.33856,784
Timonium,MD,39.43705,-76.61969,9925
Towson,MD,39.4015,-76.60191,55197
Trappe,MD,38.65845,-76.058,1025
Travilah,MD,39.069,-77.26304,12159
Union Bridge,MD,39.56899,-77.17693,971
University Park,MD,38.97039,-76.94192,2665
Upper Marlboro,MD,38.81595,-76.74969,667
Urbana,MD,39.32594,-77.35137,9175
Village of Cross Keys,MD,39.35733,-76.64664,883
Violetville,MD,39.26761,-76.67441,2403
Wakefield,MD,39.31261,-76.69803,1710
Walbrook,MD,39.309,-76.67136,2244
Waldorf,MD,38.62456,-76.93914,67752
Walker Mill,MD,38.87539,-76.88831,11302
Walkersville,MD,39.48621,-77.35193,5993
Waltherson,MD,39.3465,-76.56274,6181
Washington Grove,MD,39.13983,-77.17526,578
Waverly,MD,39.32844,-76.60608,2383
West Arlington,MD,39.33677,-76.69497,1773
West Elkridge,MD,39.20705,-76.72692,28734
West Forest Park,MD,39.32036,-76.69176,2196
West Laurel,MD,39.10122,-76.8997,4230
West Ocean City,MD,38.3315,-75.10685,4375
Westernport,MD,39.48537,-79.04475,1810
Westminster,MD,39.57538,-76.99581,18670
Westphalia,MD,38.84539,-76.81108,7266
Westport,MD,39.26205,-76.63552,1287
Wheaton,MD,39.03983,-77.05526,48284
White Marsh,MD,39.38372,-76.43218,9513
White Oak,MD,39.03983,-76.99303,17403
Willards,MD,38.39123,-75.34853,989
Williamsport,MD,39.60065,-77.82055,2162
Woodlawn,MD,39.32288,-76.72803,37879
Woodmore,MD,38.92122,-76.80303,3936
Woodsboro,MD,39.53316,-77.31471,1196
Adrian,MO,38.39752,-94.35162,1622
Advance,MO,37.10455,-89.90953,1366
Affton,MO,38.55061,-90.33317,20307
Agency,MO,39.64472,-94.73996,672
Airport Drive,MO,37.14256,-94.51078,844
Alba,MO,37.23839,-94.41745,539
Albany,MO,39.22334,-94.11328,1791
Alton,MO,36.69423,-91.3993,877
Anderson,MO,36.65063,-94.44355,1982
Appleton City,MO,38.19058,-94.02939,1092
Arcadia,MO,37.58811,-90.62901,575
Archie,MO,38.48168,-94.35439,1201
Arnold,MO,38.43283,-90.37762,21357
Ash Grove,MO,37.31533,-93.5852,1466
Ashland,MO,38.77448,-92.25713,3865
Aurora,MO,36.97089,-93.71798,7477
Auxvasse,MO,39.0181,-91.89712,985
Ava,MO,36.952,-92.66045,2934
Ballwin,MO,38.59505,-90.54623,30577
Barnhart,MO,38.34422,-90.39345,5682
Battlefield,MO,37.11561,-93.37019,6001
Bel-Nor,MO,38.702,-90.31678,1482
Bel-Ridge,MO,38.7095,-90.32539,2722
Bella Villa,MO,38.54116,-90.28011,729
Belle,MO,38.28588,-91.72044,1528
Bellefontaine Neighbors,MO,38.74033,-90.2265,10798
Belton,MO,38.81195,-94.5319,23168
Benton,MO,37.09783,-89.56258,863
Berkeley,MO,38.7545,-90.33123,9073
Bernie,MO,36.66894,-89.9687,1951
Bertrand,MO,36.9095,-89.45258,792
Beverly Hills,MO,38.70005,-90.29234,566
Bevier,MO,39.74698,-92.56408,703
Billings,MO,37.06755,-93.55214,1083
Birch Tree,MO,36.99116,-91.49264,662
Bismarck,MO,37.76922,-90.62485,1500
Black Jack,MO,38.79338,-90.26733,6947
Bland,MO,38.30171,-91.63294,522
Bloomfield,MO,36.88589,-89.92926,1903
Bloomsdale,MO,38.0095,-90.2179,529
Blue Springs,MO,39.01695,-94.28161,54148
Bolivar,MO,37.61448,-93.41047,10714
Bonne Terre,MO,37.92311,-90.5554,7133
Boonville,MO,38.97364,-92.74324,8403
Bourbon,MO,38.15477,-91.24403,1621
Bowling Green,MO,39.34199,-91.19514,5388
Branson,MO,36.64367,-93.21851,11431
Braymer,MO,39.58696,-93.79605,848
Breckenridge Hills,MO,38.7145,-90.36734,4715
Brentwood,MO,38.61755,-90.34928,8057
Bridgeton,MO,38.767,-90.41151,11786
Brookfield,MO,39.78447,-93.07353,4358
Buckner,MO,39.13251,-94.19856,3067
Buffalo,MO,37.64393,-93.09241,3040
Bull Creek,MO,36.71506,-93.20351,595
Butler,MO,38.25863,-94.33051,4091
Byrnes Mill,MO,38.43783,-90.58179,2888
Cabool,MO,37.12394,-92.10127,2130
California,MO,38.62753,-92.56658,4396
Calverton Park,MO,38.76477,-90.31373,1293
Camdenton,MO,38.00809,-92.74463,3880
Camden Point,MO,39.45278,-94.74163,526
Cameron,MO,39.74028,-94.24106,9836
Campbell,MO,36.49339,-90.07509,1922
Cape Girardeau,MO,37.30588,-89.51815,39462
Cardwell,MO,36.04701,-90.29288,687
Carl Junction,MO,37.17672,-94.56551,7729
Carrollton,MO,39.35835,-93.49577,3638
Carterville,MO,37.14923,-94.443,1852
Carthage,MO,37.17645,-94.31022,14319
Caruthersville,MO,36.19312,-89.65564,5930
Cassville,MO,36.67701,-93.86881,3306
Castle Point,MO,38.75811,-90.24817,3962
Cedar Hill,MO,38.35339,-90.64124,1721
Center,MO,39.5081,-91.52877,506
Centerville,MO,37.43505,-90.95846,188
Centralia,MO,39.21032,-92.13795,4194
Chaffee,MO,37.18005,-89.65509,2943
Charlack,MO,38.70255,-90.34345,1371
Charleston,MO,36.92089,-89.35063,5815
Chesterfield,MO,38.66311,-90.57707,47864
Chillicothe,MO,39.79529,-93.55244,9487
Clarence,MO,39.74198,-92.25852,781
Clarkson Valley,MO,38.61839,-90.58929,2652
Clarkton,MO,36.45173,-89.96704,1231
Claycomo,MO,39.2025,-94.49245,1468
Clayton,MO,38.64255,-90.32373,15884
Cleveland,MO,38.67918,-94.59357,663
Clever,MO,37.03033,-93.47297,2517
Clinton,MO,38.36863,-93.77827,8899
Cole Camp,MO,38.46002,-93.2027,1105
Columbia,MO,38.95171,-92.33407,129330
Concord,MO,38.5245,-90.35734,16421
Concordia,MO,38.98335,-93.56855,2390
Conway,MO,37.50199,-92.82101,777
Cool Valley,MO,38.72783,-90.31011,1187
Cottleville,MO,38.74616,-90.65401,4723
Country Club Hills,MO,38.72088,-90.27484,1272
Country Club Village,MO,39.83222,-94.82163,2449
Crane,MO,36.90534,-93.57158,1352
Crestwood,MO,38.557,-90.38178,11966
Creve Coeur,MO,38.66089,-90.42262,18276
Crocker,MO,37.94893,-92.26378,1071
Crystal City,MO,38.22117,-90.37901,4847
Cuba,MO,38.06282,-91.40348,3374
Dardenne Prairie,MO,38.7695,-90.72902,12890
De Soto,MO,38.1395,-90.55513,6495
Dearborn,MO,39.52194,-94.76996,506
Dellwood,MO,38.7495,-90.28567,5011
Des Peres,MO,38.60089,-90.4329,8572
Desloge,MO,37.87088,-90.52735,4939
Dexter,MO,36.79589,-89.95787,7992
Diamond,MO,36.99534,-94.31605,925
Dixon,MO,37.99171,-92.09378,1499
Doe Run,MO,37.74283,-90.49762,915
Doniphan,MO,36.62089,-90.82346,1991
Doolittle,MO,37.94032,-91.88099,605
Drexel,MO,38.47946,-94.60857,956
Duenweg,MO,37.08367,-94.41356,1306
Duquesne,MO,37.07673,-94.45939,1736
East Independence,MO,39.09556,-94.35523,110675
East Prairie,MO,36.77978,-89.38563,3155
Edgerton,MO,39.505,-94.63329,575
Edmundson,MO,38.73588,-90.364,837
El Dorado Springs,MO,37.87698,-94.02133,3564
Eldon,MO,38.34836,-92.58158,4632
Ellington,MO,37.24171,-90.96874,960
Ellisville,MO,38.59255,-90.58707,9284
Elsberry,MO,39.16672,-90.78096,1986
Elvins,MO,37.83672,-90.5329,1480
Eminence,MO,37.1506,-91.35764,587
Eolia,MO,39.23588,-91.00819,512
Esther,MO,37.85033,-90.49874,1161
Eureka,MO,38.50255,-90.6279,10602
Excelsior Springs,MO,39.33917,-94.22606,11486
Exeter,MO,36.67229,-93.94104,775
Fair Grove,MO,37.38393,-93.1513,1459
Fairdealing,MO,36.66283,-90.61678,676
Farmington,MO,37.78088,-90.42179,18181
Fayette,MO,39.14587,-92.68379,2702
Fenton,MO,38.51311,-90.43595,4052
Ferguson,MO,38.74422,-90.30539,21059
Festus,MO,38.22061,-90.39595,12065
Flat River,MO,37.85005,-90.51679,5157
Flint Hill,MO,38.85505,-90.86124,522
Flordell Hills,MO,38.71755,-90.26567,814
Florissant,MO,38.78922,-90.32261,52268
Fordland,MO,37.15755,-92.94073,815
Foristell,MO,38.81505,-90.95597,520
Forsyth,MO,36.68506,-93.1199,2431
Four Seasons,MO,38.19809,-92.71102,2217
Fredericktown,MO,37.55978,-90.29401,4076
Fremont Hills,MO,37.06505,-93.2488,867
Frontenac,MO,38.63561,-90.41512,3574
Fulton,MO,38.84671,-91.94796,12939
Gainesville,MO,36.60312,-92.42822,760
Galena,MO,36.80534,-93.46658,409
Gallatin,MO,39.91445,-93.96217,1744
Garden City,MO,38.56112,-94.19133,1625
Gerald,MO,38.39977,-91.33071,1318
Gideon,MO,36.45201,-89.91926,1041
Gladstone,MO,39.20389,-94.55468,26861
Glasgow Village,MO,38.75366,-90.19844,5429
Glasgow,MO,39.22725,-92.84658,1103
Glenaire,MO,39.22139,-94.45134,578
Glendale,MO,38.59589,-90.37706,5927
Golden City,MO,37.39311,-94.09383,729
Goodman,MO,36.74174,-94.39911,1248
Gower,MO,39.61083,-94.5994,1501
Grain Valley,MO,39.01501,-94.19856,13379
Granby,MO,36.91923,-94.25522,2128
Grandview,MO,38.88584,-94.53301,25256
Grantwood Village,MO,38.55033,-90.35456,866
Gray Summit,MO,38.48978,-90.8168,2701
Green Park,MO,38.52366,-90.33845,2640
Greendale,MO,38.69533,-90.31317,653
Greenfield,MO,37.41532,-93.84104,1316
Greenville,MO,37.12727,-90.45011,490
Greenwood,MO,38.85168,-94.34384,5569
Hallsville,MO,39.11699,-92.22074,1551
Hamilton,MO,39.74362,-93.99827,1711
Hanley Hills,MO,38.68588,-90.32373,2126
Hannibal,MO,39.70838,-91.35848,17839
Hardin,MO,39.27085,-93.83439,542
Harrisonville,MO,38.65334,-94.34884,9986
Hartville,MO,37.25088,-92.51044,596
Hawk Point,MO,38.97088,-91.13126,682
Hayti,MO,36.23368,-89.74953,2787
Hayti Heights,MO,36.23396,-89.76953,590
Hazelwood,MO,38.77144,-90.37095,25661
Herculaneum,MO,38.26839,-90.38012,3935
Hermann,MO,38.70421,-91.43738,2376
Hermitage,MO,37.94142,-93.31631,458
Higbee,MO,39.30476,-92.51268,554
Higginsville,MO,39.07251,-93.71716,4662
High Ridge,MO,38.45894,-90.53651,4305
Highlandville,MO,36.93283,-93.28046,958
Hillsboro,MO,38.23228,-90.5629,3076
Hillsdale,MO,38.68338,-90.284,1513
Holcomb,MO,36.39923,-90.0237,607
Holden,MO,38.71418,-93.99133,2263
Hollister,MO,36.62117,-93.21546,4499
Holts Summit,MO,38.64032,-92.12241,3600
Horine,MO,38.26672,-90.42457,821
Hornersville,MO,36.04174,-90.11398,635
Houston,MO,37.32616,-91.95599,2082
Humansville,MO,37.79448,-93.57798,1038
Huntsville,MO,39.44059,-92.54518,1524
Iberia,MO,38.09032,-92.29267,743
Imperial,MO,38.36978,-90.37845,4709
Independence,MO,39.09112,-94.41551,117255
Indian Point,MO,36.6284,-93.3438,515
Innsbrook,MO,38.76922,-91.05209,582
Iron Mountain Lake,MO,37.69311,-90.62262,717
Ironton,MO,37.59727,-90.62734,1392
Jackson,MO,37.38227,-89.66621,14869
Jamesport,MO,39.97473,-93.80105,507
Jasper,MO,37.33616,-94.30134,928
Jefferson City,MO,38.5767,-92.17352,42595
Jennings,MO,38.71922,-90.26039,14819
Jonesburg,MO,38.85338,-91.30599,729
Joplin,MO,37.08423,-94.51328,51818
Kansas City,MO,39.09973,-94.57857,475378
Kearney,MO,39.36778,-94.36217,9423
Kelso,MO,37.19061,-89.54953,603
Kennett,MO,36.23618,-90.05565,10662
Keytesville,MO,39.43447,-92.93825,455
Kimberling City,MO,36.6334,-93.41685,2313
Kingston,MO,39.64417,-94.03855,338
Kirkwood,MO,38.58339,-90.40678,27750
Kissee Mills,MO,36.68367,-93.0499,1109
Knob Noster,MO,38.76668,-93.55855,2762
La Monte,MO,38.77418,-93.42521,1134
Laddonia,MO,39.24254,-91.64544,510
Ladue,MO,38.64977,-90.38067,8597
Lake Lotawana,MO,38.92306,-94.24411,2018
Lake Ozark,MO,38.19864,-92.6388,1761
Lake Saint Louis,MO,38.79755,-90.78568,14545
Lake Tapawingo,MO,39.0214,-94.31162,724
Lake Waukomis,MO,39.23222,-94.63801,902
Lake Winnebago,MO,38.8314,-94.35856,1144
Lakeshire,MO,38.53866,-90.33512,1428
Lamar,MO,37.49505,-94.27661,4361
Lathrop,MO,39.54834,-94.32995,2049
Laurie,MO,38.1992,-92.83352,932
Lawson,MO,39.43834,-94.20411,2409
Leadwood,MO,37.86727,-90.59318,1236
Leawood,MO,37.03701,-94.49689,676
Lebanon,MO,37.6806,-92.66379,14688
Lee's Summit,MO,38.91084,-94.38217,95094
Leeton,MO,38.58307,-93.69466,563
Lemay,MO,38.53339,-90.27928,16645
Lexington,MO,39.18473,-93.87994,4598
Liberty,MO,39.24611,-94.41912,30450
Liberal,MO,37.5581,-94.51996,721
Licking,MO,37.49949,-91.8571,3115
Lilbourn,MO,36.59228,-89.61536,1137
Lincoln,MO,38.39086,-93.33465,1173
Linneus,MO,39.87863,-93.18882,270
Lockwood,MO,37.3856,-93.95327,905
Loma Linda,MO,36.99118,-94.58717,784
Lone Jack,MO,38.87084,-94.17383,1124
Louisiana,MO,39.44894,-91.05153,3296
Lowry City,MO,38.14003,-93.72688,624
Macon,MO,39.74226,-92.47269,5436
Madison,MO,39.47365,-92.2099,535
Malden,MO,36.557,-89.96648,4121
Manchester,MO,38.597,-90.50929,18229
Mansfield,MO,37.10672,-92.58072,1261
Maplewood,MO,38.61255,-90.32456,7945
Marble Hill,MO,37.30589,-89.97038,1482
Marceline,MO,39.71197,-92.94825,2154
Marionville,MO,37.00311,-93.63742,2189
Marlborough,MO,38.57033,-90.33706,2191
Marshall,MO,39.12308,-93.19687,13039
Marshfield,MO,37.33866,-92.90712,7138
Marthasville,MO,38.62838,-91.05764,1152
Maryland Heights,MO,38.71311,-90.42984,27389
Matthews,MO,36.75922,-89.58675,628
Maysville,MO,39.88917,-94.3619,1094
Mehlville,MO,38.50839,-90.32289,28380
Merriam Woods,MO,36.71395,-93.16185,1763
Mexico,MO,39.16976,-91.88295,11660
Miller,MO,37.21478,-93.83993,686
Miner,MO,36.89144,-89.53841,961
Moberly,MO,39.41837,-92.43824,13919
Moline Acres,MO,38.74699,-90.24011,2431
Monett,MO,36.92895,-93.92771,8988
Monroe City,MO,39.65365,-91.73461,2446
Montgomery City,MO,38.97754,-91.50488,2734
Morehouse,MO,36.84727,-89.68536,925
Morley,MO,37.04366,-89.61036,687
Moscow Mills,MO,38.94783,-90.91819,2567
Mount Vernon,MO,37.10367,-93.81854,4537
Mountain Grove,MO,37.13061,-92.26349,4685
Mountain View,MO,36.99533,-91.70376,2673
Murphy,MO,38.49033,-90.48707,8690
Naylor,MO,36.57534,-90.604,615
Neosho,MO,36.86896,-94.368,12156
Nevada,MO,37.83921,-94.35467,8253
New Bloomfield,MO,38.72032,-92.0913,676
New Florence,MO,38.91032,-91.44822,728
New Franklin,MO,39.01725,-92.73741,1082
New Haven,MO,38.60838,-91.21904,2096
New London,MO,39.58532,-91.40098,969
New Madrid,MO,36.58645,-89.52785,3011
Nixa,MO,37.04339,-93.29435,20984
Noel,MO,36.54563,-94.48522,1824
Norborne,MO,39.30252,-93.67744,679
Normandy,MO,38.72088,-90.29734,4978
North Kansas City,MO,39.13,-94.56218,4354
Northwoods,MO,38.70422,-90.28345,4193
Norwood,MO,37.10839,-92.41489,641
Norwood Court,MO,38.71838,-90.29234,959
O'Fallon,MO,38.81061,-90.69985,85040
Oak Grove,MO,39.00501,-94.12939,7937
Oakland,MO,38.57644,-90.38567,1382
Oakville,MO,38.47005,-90.30456,36143
Odessa,MO,38.99917,-93.95356,5178
Olivette,MO,38.66533,-90.37595,7870
Olympian Village,MO,38.13616,-90.4579,765
Oran,MO,37.08505,-89.65536,1277
Oregon,MO,39.98694,-95.14498,776
Oronogo,MO,37.18839,-94.47023,2425
Orrick,MO,39.21278,-94.12272,809
Osage Beach,MO,38.12956,-92.65277,4433
Osceola,MO,38.0467,-93.70438,915
Overland,MO,38.70116,-90.36234,15959
Owensville,MO,38.3456,-91.50155,2627
Ozark,MO,37.02089,-93.20602,19120
Pacific,MO,38.482,-90.74152,7161
Pagedale,MO,38.68338,-90.30761,3312
Palmyra,MO,39.79421,-91.52321,3616
Paris,MO,39.48087,-92.00128,1176
Park Hills,MO,37.85422,-90.51818,8692
Parkville,MO,39.195,-94.68218,6296
Parma,MO,36.61367,-89.81647,665
Pasadena Hills,MO,38.70838,-90.29289,923
Peculiar,MO,38.71918,-94.45856,4885
Perry,MO,39.43115,-91.67516,696
Perryville,MO,37.72422,-89.86122,8398
Pevely,MO,38.28339,-90.39512,5652
Piedmont,MO,37.15449,-90.69567,1977
Pierce City,MO,36.9459,-94.00021,1279
Pilot Grove,MO,38.87474,-92.91158,761
Pilot Knob,MO,37.62116,-90.6404,713
Pine Lawn,MO,38.69588,-90.27511,3419
Pineville,MO,36.59452,-94.3841,786
Platte City,MO,39.37028,-94.78246,4833
Plattsburg,MO,39.56555,-94.44801,2291
Pleasant Hill,MO,38.78751,-94.26939,8289
Pleasant Hope,MO,37.4631,-93.27269,614
Pleasant Valley,MO,39.21639,-94.48412,3056
Polo,MO,39.55223,-94.04077,540
Pomona,MO,36.86728,-91.91432,511
Poplar Bluff,MO,36.757,-90.39289,17266
Portageville,MO,36.42534,-89.69953,3146
Potosi,MO,37.93644,-90.78791,2640
Purdy,MO,36.81729,-93.92076,1103
Puxico,MO,36.94977,-90.15843,871
Raymore,MO,38.80195,-94.45273,20374
Raytown,MO,39.00862,-94.46356,29401
Reeds Spring,MO,36.74978,-93.37796,865
Republic,MO,37.12005,-93.48019,16005
Rich Hill,MO,38.09642,-94.36106,1336
Richland,MO,37.85698,-92.40434,1826
Richmond,MO,39.27862,-93.97689,5595
Richmond Heights,MO,38.62866,-90.31956,8481
Riverside,MO,39.1775,-94.61301,3150
Riverview,MO,38.27586,-93.06964,3014
Rock Hill,MO,38.60755,-90.37845,4646
Rockaway Beach,MO,36.69923,-93.1599,866
Rogersville,MO,37.117,-93.05573,3374
Rolla,MO,37.95143,-91.77127,20019
Russellville,MO,38.5117,-92.44019,802
Saint Ann,MO,38.72727,-90.38317,13020
Saint Charles,MO,38.78394,-90.48123,65794
Saint Clair,MO,38.34533,-90.98097,4724
Saint George,MO,38.53672,-90.31484,1337
Saint James,MO,37.99726,-91.61432,4216
Saint John,MO,38.71484,-90.34627,6584
Saint Johns,MO,38.71338,-90.34317,7690
Saint Joseph,MO,39.76861,-94.84663,76780
St. Louis,MO,38.62727,-90.19789,279695
Saint Martins,MO,38.5942,-92.33713,1140
Saint Paul,MO,38.86144,-90.74179,1829
Saint Peters,MO,38.80033,-90.62651,52575
Saint Robert,MO,37.8281,-92.17767,4340
Sainte Genevieve,MO,37.98144,-90.04178,4410
Salem,MO,37.6456,-91.53598,4992
Salisbury,MO,39.42392,-92.80158,1561
Sappington,MO,38.537,-90.37984,7580
Sarcoxie,MO,37.06923,-94.1166,1301
Savannah,MO,39.94166,-94.83025,5108
Scott City,MO,37.21672,-89.52453,4526
Sedalia,MO,38.70446,-93.22826,21516
Seligman,MO,36.52257,-93.93964,841
Senath,MO,36.13423,-90.15982,1711
Seneca,MO,36.84146,-94.61106,2397
Seymour,MO,37.14644,-92.76878,1967
Shelbina,MO,39.69393,-92.04295,1639
Shelbyville,MO,39.80587,-92.04156,526
Sheldon,MO,37.6581,-94.29273,532
Shell Knob,MO,36.63229,-93.63436,1379
Shrewsbury,MO,38.59033,-90.33678,6254
Sikeston,MO,36.87672,-89.58786,16436
Silver Creek,MO,37.04062,-94.47272,623
Slater,MO,39.21808,-93.06909,1832
Smithton,MO,38.68002,-93.09298,564
Smithville,MO,39.38694,-94.58107,9233
South Van Buren,MO,36.98811,-91.01374,824
South West City,MO,36.51258,-94.61133,970
Spanish Lake,MO,38.78783,-90.21594,19650
Sparta,MO,37.00116,-93.08157,1792
Springfield,MO,37.21533,-93.29824,170188
Steele,MO,36.08396,-89.82925,2103
Steelville,MO,37.9681,-91.35487,1699
Stewartsville,MO,39.75083,-94.49662,735
Stockton,MO,37.69893,-93.79604,1859
Stover,MO,38.44086,-92.99187,1074
Strafford,MO,37.26838,-93.11713,2361
Sturgeon,MO,39.23421,-92.28073,907
Sugar Creek,MO,39.10973,-94.44467,3320
Sullivan,MO,38.2081,-91.16042,7135
Sunset Hills,MO,38.53894,-90.40734,8539
Sweet Springs,MO,38.96363,-93.41493,1467
Sycamore Hills,MO,38.70088,-90.34984,670
Taos,MO,38.50643,-92.07101,1134
Terre du Lac,MO,37.91172,-90.62541,2320
Thayer,MO,36.52451,-91.5382,2245
Tipton,MO,38.65558,-92.77992,3377
Town and Country,MO,38.61228,-90.46345,11106
Trimble,MO,39.47111,-94.56468,640
Troy,MO,38.97949,-90.9807,11542
Truesdale,MO,38.81171,-91.13043,730
Tuscumbia,MO,38.23309,-92.45852,205
Union,MO,38.45005,-91.00848,10957
University City,MO,38.65588,-90.30928,35058
Valley Park,MO,38.54922,-90.49262,6974
Van Buren,MO,36.99561,-91.01457,834
Vandalia,MO,39.31087,-91.48849,4348
Velda Village,MO,38.69005,-90.29428,1420
Velda Village Hills,MO,38.69061,-90.28734,1055
Versailles,MO,38.43141,-92.84103,2440
Verona,MO,36.96395,-93.79576,604
Viburnum,MO,37.71532,-91.13513,662
Vienna,MO,38.18671,-91.94711,597
Vinita Park,MO,38.69005,-90.34262,1886
Walnut Grove,MO,37.41116,-93.54964,766
Wardsville,MO,38.48892,-92.17435,1546
Warrensburg,MO,38.76279,-93.73605,19927
Warrenton,MO,38.81144,-91.14154,8106
Warsaw,MO,38.24308,-93.38187,2100
Warson Woods,MO,38.60727,-90.38345,1958
Washington,MO,38.55811,-91.01209,14050
Waverly,MO,39.20946,-93.51771,824
Waynesville,MO,37.82865,-92.20072,5374
Weatherby Lake,MO,39.23778,-94.69607,1848
Webb City,MO,37.14645,-94.463,11165
Webster Groves,MO,38.59255,-90.35734,23177
Weldon Spring,MO,38.71339,-90.68929,5575
Wellington,MO,39.13418,-93.98272,790
Wellston,MO,38.67283,-90.29928,2323
Wellsville,MO,39.07198,-91.57016,1151
Wentzville,MO,38.81144,-90.85291,35603
West Alton,MO,38.86505,-90.22261,530
West Plains,MO,36.72812,-91.85237,12285
Weston,MO,39.41111,-94.90163,1724
Wheaton,MO,36.76285,-94.05604,699
Wildwood,MO,38.58283,-90.6629,35899
Willard,MO,37.30505,-93.42853,5454
Willow Springs,MO,36.99228,-91.96987,2150
Winchester,MO,38.59033,-90.5279,1540
Windsor,MO,38.53224,-93.52215,2808
Winfield,MO,38.99727,-90.73846,1434
Winona,MO,37.00977,-91.32347,1310
Wood Heights,MO,39.33945,-94.16272,698
Woodson Terrace,MO,38.72505,-90.35845,4072
Wright City,MO,38.82755,-91.02014,3445
Aberdeen,MS,33.82511,-88.54366,5397
Ackerman,MS,33.31012,-89.17284,1482
Algoma,MS,34.17622,-89.03117,602
Amory,MS,33.98428,-88.4881,7067
Anguilla,MS,32.97402,-90.82454,666
Arnold Line,MS,31.33517,-89.3734,1719
Ashland,MS,34.83287,-89.1759,538
Baldwyn,MS,34.50954,-88.63533,3339
Batesville,MS,34.3115,-89.94426,7385
Bay Saint Louis,MS,30.30881,-89.33005,9260
Bay Springs,MS,31.97904,-89.28728,1738
Beaumont,MS,31.16935,-88.92004,942
Beechwood,MS,32.32765,-90.82677,3426
Belmont,MS,34.50982,-88.20921,2039
Belzoni,MS,33.18429,-90.48926,2069
Big Point,MS,30.58686,-88.48196,611
Biloxi,MS,30.39603,-88.88531,45637
Blue Mountain,MS,34.67093,-89.02645,953
Bogue Chitto,MS,32.83069,-88.932,887
Bolton,MS,32.34931,-90.4601,548
Booneville,MS,34.65815,-88.56672,8816
Boyle,MS,33.704,-90.72648,622
Brandon,MS,32.2732,-89.98592,23529
Brookhaven,MS,31.57906,-90.44065,12414
Brooksville,MS,33.23457,-88.58227,1173
Bruce,MS,33.99206,-89.34896,1906
Buckatunna,MS,31.53905,-88.52892,516
Bude,MS,31.46295,-90.8501,1012
Burnsville,MS,34.84065,-88.31477,932
Byhalia,MS,34.87232,-89.69064,1255
Byram,MS,32.17932,-90.24537,11509
Caledonia,MS,33.68289,-88.32448,1017
Calhoun City,MS,33.85539,-89.31146,1739
Canton,MS,32.61264,-90.03675,13676
Carriere,MS,30.61686,-89.65256,13198
Carrollton,MS,33.50818,-89.92036,182
Carthage,MS,32.73264,-89.53618,4899
Centreville,MS,31.08962,-91.06844,1560
Charleston,MS,34.00678,-90.05676,2048
Clarksdale,MS,34.20011,-90.57093,16847
Cleary,MS,32.16543,-90.18064,1544
Cleveland,MS,33.744,-90.72482,12327
Clinton,MS,32.34153,-90.32176,25254
Cloverdale,MS,31.49795,-91.42067,645
Coffeeville,MS,33.97678,-89.67564,872
Coldwater,MS,32.71486,-89.21423,1608
Collins,MS,31.64544,-89.55535,2570
Collinsville,MS,32.49792,-88.84588,1948
Columbus,MS,33.49567,-88.42726,23168
Columbia,MS,31.25184,-89.83758,6229
Como,MS,34.51066,-89.93981,1245
Conehatta,MS,32.45125,-89.28534,1342
Corinth,MS,34.93425,-88.52227,14866
Courtland,MS,34.24094,-89.94287,509
Crawford,MS,33.30151,-88.61477,627
Crenshaw,MS,34.50261,-90.1987,857
Crowder,MS,34.17345,-90.13759,670
Crystal Springs,MS,31.98738,-90.35704,4939
D'Iberville,MS,30.42631,-88.89086,11400
De Kalb,MS,32.76763,-88.65088,1057
De Lisle,MS,30.37936,-89.26449,1147
Decatur,MS,32.43903,-89.10839,1797
Deemer,MS,32.74541,-89.11812,763
Derma,MS,33.85567,-89.28452,1006
Diamondhead,MS,30.39464,-89.36394,8132
Drew,MS,33.80956,-90.52648,1775
Duck Hill,MS,33.63318,-89.71119,1210
Durant,MS,33.07513,-89.85453,2486
Ecru,MS,34.35316,-89.02312,966
Edwards,MS,32.33015,-90.60565,1019
Elliott,MS,33.68345,-89.74925,990
Ellisville,MS,31.60405,-89.19561,4573
Enterprise,MS,32.17431,-88.83144,503
Escatawpa,MS,30.487,-88.552,3722
Eupora,MS,33.54068,-89.26701,2106
Falkner,MS,34.84204,-88.93423,509
Farmington,MS,34.93009,-88.45227,2194
Fayette,MS,31.71155,-91.06066,1577
Flora,MS,32.5432,-90.30926,1886
Florence,MS,32.15348,-90.1312,4363
Flowood,MS,32.30959,-90.13898,8705
Forest,MS,32.36459,-89.47423,5695
Foxworth,MS,31.23823,-89.86869,603
Friars Point,MS,34.37088,-90.63834,1120
Fulton,MS,34.27399,-88.40921,4077
Gautier,MS,30.38575,-88.61169,18570
Glendale,MS,31.36462,-89.30617,1657
Gloster,MS,31.1974,-91.02177,909
Goodman,MS,32.97013,-89.91231,1330
Greenville,MS,33.40898,-91.05978,32156
Greenwood,MS,33.51623,-90.17953,15431
Grenada,MS,33.769,-89.80842,12900
Gulf Hills,MS,30.43048,-88.84225,7144
Gulf Park Estates,MS,30.39187,-88.76114,5719
Gulfport,MS,30.36742,-89.09282,71856
Guntown,MS,34.44316,-88.65978,2608
Hattiesburg,MS,31.32712,-89.29034,46805
Hazlehurst,MS,31.86044,-90.39593,3924
Heidelberg,MS,31.88682,-88.98394,684
Helena,MS,30.49464,-88.49585,1184
Hermanville,MS,31.95932,-90.8401,692
Hernando,MS,34.82399,-89.9937,15503
Hickory,MS,32.31764,-89.02561,532
Hickory Flat,MS,34.61593,-89.1884,557
Hickory Hills,MS,30.45687,-88.63919,3107
Hillsboro,MS,32.45931,-89.51146,1130
Holcomb,MS,33.76123,-89.97592,600
Hollandale,MS,33.16901,-90.85399,2545
Holly Springs,MS,31.31573,-89.97786,7901
Horn Lake,MS,34.95537,-90.03481,26915
Houlka,MS,34.03816,-89.02201,552
Houston,MS,33.89845,-88.99923,3544
Hurley,MS,30.66103,-88.49418,1551
Indianola,MS,33.45095,-90.65509,9943
Inverness,MS,33.35373,-90.59259,952
Isola,MS,33.26207,-90.59231,664
Itta Bena,MS,33.49512,-90.31981,1955
Iuka,MS,34.81176,-88.19004,3001
Jackson,MS,32.29876,-90.18481,153701
Jonestown,MS,34.31955,-90.45565,1214
Kearney Park,MS,32.58903,-90.31537,1054
Kilmichael,MS,33.44346,-89.57174,602
Kiln,MS,30.40908,-89.43505,2238
Kosciusko,MS,33.058,-89.58956,7187
Lambert,MS,34.20178,-90.28343,1490
Latimer,MS,30.53464,-88.8667,6079
Laurel,MS,31.69405,-89.13061,18837
Leakesville,MS,31.15574,-88.5578,880
Leland,MS,33.40539,-90.8976,4188
Lexington,MS,33.11318,-90.05314,1609
Liberty,MS,31.15823,-90.81232,694
Long Beach,MS,30.35048,-89.15282,15555
Louisville,MS,33.12374,-89.05506,6314
Lucedale,MS,30.92519,-88.59002,3011
Lumberton,MS,31.00129,-89.45229,2223
Lyman,MS,30.49474,-89.12561,1277
Lynchburg,MS,32.44014,-90.54899,3416
Maben,MS,33.5554,-89.08478,874
Macon,MS,33.1054,-88.56088,2616
Madison,MS,32.46181,-90.11536,25799
Magee,MS,31.87377,-89.73369,4368
Magnolia,MS,31.14323,-90.45871,2371
Mantachie,MS,34.32427,-88.49116,1138
Marion,MS,32.41736,-88.64782,1574
Marks,MS,34.25683,-90.27298,1581
Mathiston,MS,33.54012,-89.12423,676
Mayersville,MS,32.90207,-91.05122,553
McComb,MS,31.24379,-90.45315,12661
Meadville,MS,31.47239,-90.89677,431
Mendenhall,MS,31.96182,-89.87008,2488
Meridian,MS,32.36431,-88.70366,39661
Metcalfe,MS,33.454,-91.00733,1014
Mikoma,MS,33.95039,-90.28398,1209
Monticello,MS,31.55378,-90.10731,1541
Mooreville,MS,34.26761,-88.57672,650
Moorhead,MS,33.45012,-90.50564,2261
Morgantown,MS,31.57267,-91.34761,1412
Morton,MS,32.35376,-89.65452,3439
Moss Point,MS,30.41159,-88.53446,13654
Mound Bayou,MS,33.87817,-90.72732,1473
Mount Olive,MS,31.76127,-89.65507,973
Myrtle,MS,34.55843,-89.11923,502
Natchez,MS,31.56017,-91.40329,15128
Nellieburg,MS,32.40681,-88.77727,1414
Nettleton,MS,34.089,-88.62227,1953
New Albany,MS,34.49427,-89.00784,8830
New Augusta,MS,31.20263,-89.03668,641
New Hamilton,MS,33.73789,-88.44476,553
New Hope,MS,33.46817,-88.3267,3193
Newton,MS,32.32126,-89.16339,3356
Nicholson,MS,30.47714,-89.69367,3092
North Tunica,MS,34.70093,-90.37815,1035
Oakland,MS,34.05567,-89.91648,514
Ocean Springs,MS,30.41131,-88.82781,17636
Okolona,MS,34.00178,-88.75533,2638
Olive Branch,MS,34.96176,-89.82953,36010
Oxford,MS,34.3665,-89.51925,22314
Pascagoula,MS,30.36576,-88.55613,22126
Pass Christian,MS,30.31575,-89.24754,5498
Pearl,MS,32.27459,-90.13203,26462
Pearl River,MS,32.78347,-89.22784,3601
Pearlington,MS,30.24658,-89.61117,1332
Pelahatchie,MS,32.31292,-89.79841,1356
Petal,MS,31.34656,-89.26006,10701
Philadelphia,MS,32.77152,-89.11673,7391
Picayune,MS,30.52556,-89.67788,10675
Pickens,MS,32.88374,-89.97147,1075
Pittsboro,MS,33.94039,-89.33757,199
Plantersville,MS,34.21344,-88.6645,1163
Polkville,MS,32.19376,-89.69257,810
Pontotoc,MS,34.24788,-88.99867,5944
Poplarville,MS,30.84019,-89.53423,2985
Port Gibson,MS,31.96099,-90.98399,1436
Prentiss,MS,31.5985,-89.86702,1002
Purvis,MS,31.14324,-89.40979,2335
Quitman,MS,32.04015,-88.7281,2209
Raleigh,MS,32.03349,-89.52229,1427
Rawls Springs,MS,31.38073,-89.37145,1254
Raymond,MS,32.25931,-90.4226,2225
Redwater,MS,32.7668,-89.53674,633
Renova,MS,33.77872,-90.72149,728
Richland,MS,32.23904,-90.15842,7087
Richton,MS,31.34934,-88.94005,1066
Ridgeland,MS,32.42848,-90.13231,24351
Ripley,MS,34.72982,-88.95062,5357
Rolling Fork,MS,32.90652,-90.87816,2038
Ruleville,MS,33.72595,-90.55148,2790
Saltillo,MS,34.37649,-88.68172,5004
Sandersville,MS,31.7867,-89.03453,721
Sardis,MS,34.43705,-89.91592,1661
Saucier,MS,30.63575,-89.13504,1342
Scooba,MS,32.82819,-88.47643,702
Senatobia,MS,34.6176,-89.9687,7963
Shannon,MS,34.11622,-88.71172,1771
Sharon,MS,31.7896,-89.09867,1406
Shelby,MS,33.95094,-90.76788,2123
Sherman,MS,34.35927,-88.84117,677
Sidon,MS,33.40818,-90.20397,509
Sledge,MS,34.43205,-90.22093,519
Smithville,MS,34.07011,-88.39115,913
Southaven,MS,34.98898,-90.01259,52589
Saint Martin,MS,30.43798,-88.86809,7730
Standing Pine,MS,32.67375,-89.4334,504
State Line,MS,31.43628,-88.47447,556
Starkville,MS,33.45049,-88.81961,25366
Stonewall,MS,32.13181,-88.79338,1031
Summit,MS,31.28379,-90.46843,1682
Sumrall,MS,31.41739,-89.54229,1711
Sunflower,MS,33.5429,-90.53703,1075
Taylorsville,MS,31.8296,-89.42812,1302
Tchula,MS,33.1829,-90.22286,2006
Terry,MS,32.09626,-90.29426,1103
Thaxton,MS,34.30761,-89.17813,656
Toomsuba,MS,32.41847,-88.50698,773
Tucker,MS,32.70652,-89.05395,662
Tunica,MS,34.68455,-90.38288,981
Tupelo,MS,34.25807,-88.70464,35680
Tutwiler,MS,34.01483,-90.43176,3496
Tylertown,MS,31.11601,-90.14203,1515
Union,MS,32.57153,-89.12145,1987
University,MS,34.36594,-89.52536,4202
Utica,MS,32.1096,-90.62343,857
Vaiden,MS,33.33207,-89.74119,750
Vancleave,MS,30.54047,-88.68752,5886
Vardaman,MS,33.87567,-89.17729,1297
Verona,MS,34.19427,-88.71977,3054
Vicksburg,MS,32.35265,-90.87788,23131
Wade,MS,30.64242,-88.56974,1074
Walls,MS,34.95824,-90.15256,1268
Walnut,MS,34.9462,-88.89978,764
Walnut Grove,MS,32.59042,-89.4584,1619
Walthall,MS,33.60734,-89.27729,139
Water Valley,MS,34.1515,-89.63147,3380
Waveland,MS,30.28686,-89.37616,6391
Waynesboro,MS,31.67488,-88.64615,4975
Webb,MS,33.94734,-90.34426,528
Wesson,MS,31.70128,-90.39759,1908
West Gulfport,MS,30.40409,-89.0942,71329
West Hattiesburg,MS,31.31906,-89.37506,5909
West Point,MS,33.60762,-88.65033,10990
White Oak,MS,34.64594,-90.35426,692
Wiggins,MS,30.85824,-89.13533,4550
Winona,MS,33.48207,-89.72814,4439
Woodville,MS,31.10462,-91.29956,995
Yazoo City,MS,32.85513,-90.40565,11245
Aberdeen,NC,35.13155,-79.42948,7343
Advance,NC,35.94125,-80.40922,1138
Ahoskie,NC,36.28682,-76.98468,4910
Alamance,NC,36.03514,-79.48585,991
Albemarle,NC,35.35014,-80.20006,16003
Alexander Mills,NC,35.31068,-81.85871,661
Alliance,NC,35.14489,-76.80216,749
Andrews,NC,35.20175,-83.82407,1752
Angier,NC,35.5071,-78.73918,4970
Ansonville,NC,35.10459,-80.10923,595
Apex,NC,35.73265,-78.85029,45585
Arapahoe,NC,35.02572,-76.82549,538
Archdale,NC,35.91458,-79.97198,11564
Archer Lodge,NC,35.69404,-78.37556,4708
Arlington,NC,36.22736,-80.8334,781
Asheboro,NC,35.70791,-79.81364,26103
Asheville,NC,35.60095,-82.55402,95056
Atlantic,NC,34.88489,-76.34047,543
Atlantic Beach,NC,34.69905,-76.74021,1502
Aulander,NC,36.2296,-77.11413,834
Aurora,NC,35.30545,-76.78854,522
Avery Creek,NC,35.46345,-82.58262,1950
Avon,NC,35.35212,-75.51043,776
Ayden,NC,35.47266,-77.41552,5053
Badin,NC,35.40597,-80.11672,1981
Bailey,NC,35.78071,-78.11888,565
Bakersville,NC,36.01567,-82.15874,452
Balfour,NC,35.34651,-82.47206,1187
Banner Elk,NC,36.16318,-81.8715,1138
Barker Heights,NC,35.31123,-82.44401,1254
Barker Ten Mile,NC,34.67989,-78.98864,952
Battleboro,NC,36.04904,-77.74914,527
Bayboro,NC,35.14294,-76.77021,1243
Bayshore,NC,34.28961,-77.78748,3393
Beaufort,NC,34.7184,-76.66161,4212
Belhaven,NC,35.54017,-76.62299,1602
Belmont,NC,35.24292,-81.0373,10533
Belville,NC,34.23,-77.9892,1936
Belwood,NC,35.47708,-81.52342,929
Benson,NC,35.38211,-78.54862,3591
Bent Creek,NC,35.509,-82.6079,1287
Bermuda Run,NC,36.00375,-80.422,2561
Bessemer City,NC,35.28486,-81.28397,5548
Bethel,NC,35.8071,-77.37886,1620
Bethlehem,NC,35.82569,-81.30703,4214
Beulaville,NC,34.92378,-77.77387,1330
Biltmore Forest,NC,35.53372,-82.52846,1441
Biscoe,NC,35.35986,-79.77976,1690
Black Creek,NC,35.63516,-77.93304,767
Black Mountain,NC,35.6179,-82.32123,8278
Bladenboro,NC,34.53878,-78.78752,1726
Blowing Rock,NC,36.13513,-81.67761,1292
Boger City,NC,35.48069,-81.21341,593
Bogue,NC,34.69933,-77.03689,701
Boiling Spring Lakes,NC,34.03045,-78.06721,5789
Boiling Springs,NC,35.25429,-81.66704,4674
Bolivia,NC,34.06767,-78.14833,151
Bolton,NC,34.32072,-78.40195,673
Boone,NC,36.21679,-81.67455,18156
Boonville,NC,36.23264,-80.70812,1207
Brevard,NC,35.23345,-82.73429,7735
Brices Creek,NC,35.05599,-77.08773,3073
Broad Creek,NC,34.72072,-76.93633,2334
Broadway,NC,35.45793,-79.05308,1264
Brogden,NC,35.29266,-78.03443,2633
Brunswick,NC,34.28684,-78.70113,1131
Bryson City,NC,35.43127,-83.44944,1458
Buies Creek,NC,35.41322,-78.73557,2942
Bunnlevel,NC,35.30961,-78.7803,552
Burgaw,NC,34.55211,-77.9261,4100
Burlington,NC,36.09569,-79.4378,52472
Burnsville,NC,35.91734,-82.30096,1660
Butner,NC,36.13209,-78.75667,7751
Buxton,NC,35.26768,-75.54237,1273
Cajahs Mountain,NC,35.83485,-81.54148,2823
Calabash,NC,33.89073,-78.56834,2119
Calypso,NC,35.15378,-78.10527,548
Camden,NC,36.32849,-76.17188,599
Candor,NC,35.29514,-79.74532,838
Canton,NC,35.53288,-82.83736,4190
Cape Carteret,NC,34.69155,-77.063,2066
Caroleen,NC,35.28096,-81.79621,652
Carolina Beach,NC,34.03517,-77.8936,6137
Carolina Shores,NC,33.90101,-78.58057,3767
Carrboro,NC,35.91014,-79.07529,21156
Carthage,NC,35.34599,-79.41697,2395
Cary,NC,35.79154,-78.78112,159769
Castle Hayne,NC,34.35572,-77.89999,1202
Catawba,NC,35.70736,-81.07563,618
Cedar Point,NC,34.68766,-77.07245,1304
Chadbourn,NC,34.32211,-78.82697,1791
Chapel Hill,NC,35.9132,-79.05584,59568
Charlotte,NC,35.22709,-80.84313,911311
Cherokee,NC,35.47427,-83.31487,2138
Cherryville,NC,35.37874,-81.37897,5974
China Grove,NC,35.56931,-80.58173,4182
Chocowinity,NC,35.51266,-77.10051,821
Claremont,NC,35.71458,-81.14619,1365
Clarkton,NC,34.48739,-78.65613,820
Clayton,NC,35.65071,-78.45639,19304
Clemmons,NC,36.02153,-80.382,19844
Cleveland,NC,35.7332,-80.67701,873
Cliffside,NC,35.23818,-81.76982,611
Clinton,NC,34.99795,-78.32333,8767
Clyde,NC,35.53344,-82.91069,1243
Coats,NC,35.40794,-78.67196,2408
Columbia,NC,35.91766,-76.25215,832
Columbus,NC,35.25317,-82.19706,994
Concord,NC,35.40888,-80.58158,87696
Connelly Springs,NC,35.74291,-81.51343,1635
Conover,NC,35.70652,-81.21869,8248
Conway,NC,36.4371,-77.22886,772
Cooleemee,NC,35.81042,-80.55589,972
Cordova,NC,34.91293,-79.822,1775
Cornelius,NC,35.4868,-80.86007,28092
Cove Creek,NC,35.60649,-83.01125,1171
Cramerton,NC,35.23875,-81.07508,4328
Creedmoor,NC,36.12237,-78.68611,4425
Cricket,NC,36.17152,-81.19398,1855
Cullowhee,NC,35.31371,-83.17653,6228
Currituck,NC,36.44988,-76.01548,0
Dallas,NC,35.31653,-81.17619,4622
Dana,NC,35.32928,-82.3754,3329
Danbury,NC,36.4093,-80.20588,187
Davidson,NC,35.50233,-80.83912,12207
Denton,NC,35.63347,-80.11588,1657
Denver,NC,35.53125,-81.0298,2309
Dobson,NC,36.39569,-80.72257,1573
Dortches,NC,36.01126,-77.85748,930
Drexel,NC,35.75791,-81.60426,1866
Dunn,NC,35.30627,-78.6089,9723
Durham,NC,35.99403,-78.89862,257636
East Bend,NC,36.21653,-80.51256,600
East Flat Rock,NC,35.28012,-82.42206,4995
East Rockingham,NC,34.91821,-79.76256,3736
East Spencer,NC,35.68181,-80.43228,1549
Eastover,NC,35.1,-78.8,3677
Eden,NC,36.48847,-79.7667,15403
Edenton,NC,36.05794,-76.60772,4849
Edneyville,NC,35.39401,-82.34095,2367
Efland,NC,36.08125,-79.16918,734
Elizabeth City,NC,36.2946,-76.25105,17988
Elizabethtown,NC,34.62934,-78.60529,3586
Elkin,NC,36.2443,-80.8484,4060
Ellenboro,NC,35.32901,-81.75871,854
Ellerbe,NC,35.07126,-79.76144,1005
Elm City,NC,35.80655,-77.86332,1350
Elon,NC,36.10291,-79.50669,10024
Elroy,NC,35.34266,-77.90859,3869
Emerald Isle,NC,34.67794,-76.95078,3720
Enfield,NC,36.18099,-77.66664,2427
Enochville,NC,35.52986,-80.66812,2925
Erwin,NC,35.32683,-78.67613,4679
Etowah,NC,35.31762,-82.59429,6944
Fair Bluff,NC,34.3135,-79.03725,917
Fairfield Harbour,NC,35.07655,-76.96356,2952
Fairmont,NC,34.49683,-79.1142,2697
Fairplains,NC,36.19847,-81.15286,2120
Fairview,NC,35.13848,-80.53757,3684
Faison,NC,35.11628,-78.1361,985
Fallston,NC,35.42902,-81.50148,601
Farmville,NC,35.59544,-77.58525,4758
Fearrington,NC,35.80654,-79.07334,869
Fearrington Village,NC,35.80376,-79.09029,2339
Fayetteville,NC,35.05266,-78.87836,201963
Five Points,NC,35.01683,-79.36087,689
Flat Rock,NC,35.27123,-82.44151,3313
Fletcher,NC,35.43067,-82.50123,7582
Forest City,NC,35.33401,-81.8651,7282
Forest Oaks,NC,35.98819,-79.70614,3890
Foscoe,NC,36.16179,-81.76566,1370
Four Oaks,NC,35.44488,-78.42695,2050
Foxfire,NC,35.17543,-79.57143,972
Franklin,NC,35.18232,-83.38154,3940
Franklinton,NC,36.10182,-78.45805,2135
Franklinville,NC,35.74375,-79.69225,1157
Fremont,NC,35.54544,-77.97471,1280
Fruitland,NC,35.39651,-82.39317,2031
Fuquay-Varina,NC,35.58432,-78.80001,23907
Gamewell,NC,35.8693,-81.59621,3957
Garland,NC,34.78628,-78.39417,632
Garner,NC,35.71126,-78.61417,28053
Garysburg,NC,36.45099,-77.55887,977
Gastonia,NC,35.26208,-81.1873,74543
Gatesville,NC,36.40349,-76.75301,302
Gaston,NC,36.50043,-77.64498,1067
Germanton,NC,36.26292,-80.23088,827
Gibson,NC,34.75905,-79.61061,519
Gibsonville,NC,36.10569,-79.54225,6773
Glen Alpine,NC,35.72902,-81.77927,1500
Glen Raven,NC,36.11319,-79.47641,2750
Gloucester,NC,34.72627,-76.54104,537
Goldsboro,NC,35.38488,-77.99277,35826
Gorman,NC,36.03653,-78.82334,1011
Graham,NC,36.06903,-79.40058,14647
Granite Falls,NC,35.79652,-81.43065,4662
Granite Quarry,NC,35.61236,-80.44673,2995
Grantsboro,NC,35.14044,-76.84244,662
Green Level,NC,36.12097,-79.34419,2160
Greenevers,NC,34.82239,-77.92693,651
Greensboro,NC,36.07264,-79.79198,285342
Greenville,NC,35.61266,-77.36635,90597
Grifton,NC,35.37266,-77.43746,2673
Grover,NC,35.17458,-81.44981,701
Half Moon,NC,34.826,-77.45941,8352
Halifax,NC,36.32849,-77.58942,225
Hamlet,NC,34.88488,-79.69422,6454
Hampstead,NC,34.36767,-77.71053,4083
Harkers Island,NC,34.69516,-76.55937,1207
Harmony,NC,35.95569,-80.77173,563
Harrisburg,NC,35.32395,-80.65784,14539
Hatteras,NC,35.21934,-75.69016,504
Havelock,NC,34.87905,-76.90133,20364
Haw River,NC,36.09153,-79.36419,2402
Hayesville,NC,35.0462,-83.81795,364
Hays,NC,36.24985,-81.11564,1851
Hazelwood,NC,35.46871,-83.00403,1655
Hemby Bridge,NC,35.10371,-80.62798,1676
Henderson,NC,36.32959,-78.39916,15271
Hendersonville,NC,35.31873,-82.46095,13814
Hertford,NC,36.19016,-76.46605,2148
Hickory,NC,35.73319,-81.3412,40374
Hiddenite,NC,35.90374,-81.09064,536
High Point,NC,35.95569,-80.00532,110268
High Shoals,NC,35.40264,-81.2023,722
Highlands,NC,35.05287,-83.1986,937
Hightsville,NC,34.26961,-77.93165,739
Hildebran,NC,35.71402,-81.42203,2000
Hillsborough,NC,36.07542,-79.09973,6415
Hillsdale,NC,36.00514,-80.4395,984
Hoffman,NC,35.03238,-79.54754,572
Holden Beach,NC,33.91351,-78.30389,631
Hollister,NC,36.25598,-77.93582,674
Holly Ridge,NC,34.49544,-77.55497,2096
Holly Springs,NC,35.65127,-78.83362,31377
Hoopers Creek,NC,35.439,-82.46679,1056
Hope Mills,NC,34.97044,-78.94531,16163
Horse Shoe,NC,35.34317,-82.55651,2351
Hot Springs,NC,35.89263,-82.83112,562
Hudson,NC,35.84846,-81.49593,3721
Huntersville,NC,35.41069,-80.84285,52704
Icard,NC,35.72735,-81.47065,2664
Indian Trail,NC,35.07681,-80.66924,37073
Iron Station,NC,35.44152,-81.15619,755
Jaars,NC,34.86376,-80.7459,597
Jackson,NC,36.3896,-77.42136,481
Jacksonville,NC,34.75405,-77.43024,67357
James City,NC,35.08877,-77.03495,5899
Jamestown,NC,35.9943,-79.93531,3737
Jefferson,NC,36.4204,-81.47344,1606
Jonesville,NC,36.2393,-80.84452,2257
Kannapolis,NC,35.48736,-80.62173,46144
Keener,NC,35.10711,-78.31861,567
Kelly,NC,34.46628,-78.32445,544
Kenansville,NC,34.96239,-77.96221,870
Kenly,NC,35.59627,-78.12416,1450
Kernersville,NC,36.11986,-80.07365,23811
Kill Devil Hills,NC,36.03072,-75.67601,7058
King,NC,36.28069,-80.35922,7059
Kings Grant,NC,34.26295,-77.8636,8278
Kings Mountain,NC,35.24513,-81.34119,10760
Kingstown,NC,35.35124,-81.61232,674
Kinston,NC,35.26266,-77.58164,21337
Kirkland,NC,34.30017,-77.78804,619
Kitty Hawk,NC,36.06461,-75.70573,3447
Knightdale,NC,35.78765,-78.48056,14256
Kure Beach,NC,33.99684,-77.90721,2091
La Grange,NC,35.30683,-77.78803,2804
Lake Junaluska,NC,35.52788,-82.95958,2734
Lake Lure,NC,35.4279,-82.20483,1184
Lake Norman of Catawba,NC,35.5868,-80.95952,5075
Lake Park,NC,35.08626,-80.63507,3789
Lake Waccamaw,NC,34.31906,-78.50001,1465
Landis,NC,35.54569,-80.6109,3116
Laurel Hill,NC,34.80905,-79.54783,1254
Laurel Park,NC,35.31373,-82.49345,2314
Laurinburg,NC,34.77405,-79.46282,15507
Lawndale,NC,35.41402,-81.56315,592
Leland,NC,34.25628,-78.04471,17924
Lenoir,NC,35.91402,-81.53898,17888
Lewiston Woodville,NC,36.12293,-77.17663,508
Lewisville,NC,36.09708,-80.41922,13567
Lexington,NC,35.82403,-80.25338,19326
Liberty,NC,35.85347,-79.57169,2683
Light Oak,NC,35.28485,-81.47675,691
Lilesville,NC,34.96765,-79.9845,505
Lillington,NC,35.39933,-78.81585,3476
Lincolnton,NC,35.47375,-81.25453,10900
Littleton,NC,36.43459,-77.91193,646
Locust,NC,35.25987,-80.42534,2966
Long Beach,NC,33.91045,-78.11777,5618
Longview,NC,35.7293,-81.38342,4871
Louisburg,NC,36.09904,-78.30111,3553
Lowell,NC,35.26792,-81.10285,3649
Lowesville,NC,35.41708,-81.01119,2945
Lucama,NC,35.64544,-78.00971,1132
Lumberton,NC,34.61834,-79.01045,21667
Madison,NC,36.38542,-79.95949,2197
Maggie Valley,NC,35.51816,-83.09764,1251
Magnolia,NC,34.89656,-78.05415,949
Maiden,NC,35.57569,-81.21175,3369
Mamers,NC,35.41682,-78.93335,826
Manns Harbor,NC,35.88572,-75.76268,821
Manteo,NC,35.90823,-75.67573,1388
Mar-Mac,NC,35.33488,-78.05582,3615
Marion,NC,35.68401,-82.00927,7861
Mars Hill,NC,35.8265,-82.5493,2256
Marshall,NC,35.79733,-82.68403,876
Marshville,NC,34.98849,-80.36701,2638
Marvin,NC,34.99182,-80.81479,6181
Masonboro,NC,34.17934,-77.84748,14826
Matthews,NC,35.11681,-80.72368,30678
Maury,NC,35.48211,-77.58608,1685
Maxton,NC,34.73516,-79.34893,2451
Mayodan,NC,36.41236,-79.96699,2470
Maysville,NC,34.90488,-77.23134,1004
McAdenville,NC,35.25931,-81.07535,674
McLeansville,NC,36.10736,-79.65864,1021
Mebane,NC,36.09597,-79.26696,13698
Middlesex,NC,35.79016,-78.20388,814
Midland,NC,35.22737,-80.50062,3379
Midway,NC,35.95347,-80.2181,4742
Millers Creek,NC,36.1893,-81.23759,2112
Millingport,NC,35.3807,-80.30506,599
Mills River,NC,35.38845,-82.56679,7162
Mineral Springs,NC,34.93793,-80.66868,2908
Mint Hill,NC,35.17959,-80.64729,25627
Misenheimer,NC,35.48486,-80.28839,717
Mocksville,NC,35.89403,-80.56145,5151
Moncure,NC,35.62265,-79.07835,711
Monroe,NC,34.98543,-80.54951,34623
Montreat,NC,35.64428,-82.3029,723
Mooresville,NC,35.58486,-80.81007,36009
Moravian Falls,NC,36.0968,-81.18231,1901
Morehead City,NC,34.72294,-76.72604,9347
Morganton,NC,35.74541,-81.68482,16692
Morrisville,NC,35.82348,-78.82556,23820
Mount Airy,NC,36.4993,-80.60729,10354
Mount Gilead,NC,35.21487,-80.00228,1180
Mount Holly,NC,35.29819,-81.01591,14176
Mount Olive,NC,35.19655,-78.06638,4728
Mount Pleasant,NC,35.39931,-80.4359,1821
Mountain Home,NC,35.36956,-82.4929,3622
Mountain View,NC,35.68319,-81.36898,3552
Moyock,NC,36.5246,-76.17827,3759
Mulberry,NC,36.23958,-81.18064,2332
Murfreesboro,NC,36.44238,-77.09858,3002
Murphy,NC,35.08758,-84.03463,1615
Murraysville,NC,34.29572,-77.84748,14215
Myrtle Grove,NC,34.13462,-77.88165,8875
Nags Head,NC,35.95739,-75.62406,2908
Nashville,NC,35.9746,-77.96554,5460
Navassa,NC,34.25545,-78.00749,1636
Neuse Forest,NC,34.96377,-76.94467,2005
New Bern,NC,35.10849,-77.04411,30070
New London,NC,35.4432,-80.21922,604
Newland,NC,36.08735,-81.92734,686
Newport,NC,34.78655,-76.85911,4723
Newton,NC,35.66986,-81.22147,13035
Newton Grove,NC,35.24516,-78.35417,576
Norlina,NC,36.4457,-78.19833,1081
North Topsail Beach,NC,34.49017,-77.43163,738
North Wilkesboro,NC,36.15847,-81.14758,4226
Northlakes,NC,35.7818,-81.37509,1534
Norwood,NC,35.21959,-80.11895,2394
Oak Island,NC,33.91656,-78.16111,7507
Oak Ridge,NC,36.17347,-79.98893,6671
Oakboro,NC,35.2257,-80.32895,1874
Ocean Isle Beach,NC,33.89434,-78.42667,597
Ocracoke,NC,35.11462,-75.98101,948
Ogden,NC,34.27239,-77.81859,6766
Old Fort,NC,35.62901,-82.18067,911
Oriental,NC,35.031,-76.69299,885
Ossipee,NC,36.17208,-79.51058,562
Oxford,NC,36.3107,-78.59083,8742
Patterson Springs,NC,35.23541,-81.51453,604
Peletier,NC,34.73016,-77.08439,651
Pembroke,NC,34.68016,-79.19504,3004
Pikeville,NC,35.4971,-77.98193,692
Pilot Mountain,NC,36.38653,-80.4695,1465
Pine Knoll Shores,NC,34.69738,-76.81327,1364
Pine Level,NC,35.51322,-78.24444,1861
Pinebluff,NC,35.10988,-79.47226,1439
Pinehurst,NC,35.19543,-79.46948,15752
Pinetops,NC,35.78849,-77.63775,1319
Pineville,NC,35.0832,-80.8923,8429
Piney Green,NC,34.716,-77.32024,13293
Pinnacle,NC,36.32931,-80.43311,894
Pink Hill,NC,35.05516,-77.74637,540
Pittsboro,NC,35.72015,-79.17724,4198
Plain View,NC,35.2485,-78.55529,1961
Pleasant Garden,NC,35.96208,-79.76225,4715
Pleasant Hill,NC,35.87347,-79.48169,1087
Plymouth,NC,35.86683,-76.74856,3658
Polkton,NC,35.00765,-80.20089,3495
Princeton,NC,35.46599,-78.16055,1284
Princeville,NC,35.8896,-77.53219,1991
Prospect,NC,34.73322,-79.22976,981
Pumpkin Center,NC,34.79155,-77.37246,2222
Raeford,NC,34.981,-79.2242,4860
Raleigh,NC,35.7721,-78.63861,482295
Ramseur,NC,35.73347,-79.65253,1701
Randleman,NC,35.81791,-79.80309,4153
Ranlo,NC,35.28625,-81.13035,3556
Red Cross,NC,35.26737,-80.35562,742
Red Oak,NC,36.03849,-77.90637,3424
Red Springs,NC,34.81516,-79.18309,3433
Reidsville,NC,36.35486,-79.66447,14067
Rhodhiss,NC,35.77402,-81.4312,1048
Rich Square,NC,36.27404,-77.28441,901
Richfield,NC,35.47014,-80.25783,611
Richlands,NC,34.89933,-77.54663,1689
Riegelwood,NC,34.33989,-78.22528,579
River Bend,NC,35.06905,-77.1469,3149
River Road,NC,35.50683,-76.99078,4394
Roanoke Rapids,NC,36.46154,-77.65415,15345
Robbins,NC,35.43403,-79.58697,1184
Robbinsville,NC,35.32287,-83.8074,598
Robersonville,NC,35.82516,-77.24913,1424
Rockfish,NC,34.99266,-79.06614,3298
Rockingham,NC,34.93932,-79.77395,9220
Rockwell,NC,35.55125,-80.40645,2144
Rocky Point,NC,34.43517,-77.88776,1602
Rocky Mount,NC,35.93821,-77.79053,55806
Rolesville,NC,35.92321,-78.4575,6289
Roper,NC,35.87794,-76.61522,570
Rose Hill,NC,34.82822,-78.02304,1665
Roseboro,NC,34.95295,-78.50862,1203
Rosman,NC,35.14372,-82.82124,573
Rougemont,NC,36.21848,-78.9264,978
Rowland,NC,34.53655,-79.29143,1050
Roxboro,NC,36.39375,-78.98279,8334
Royal Pines,NC,35.47511,-82.51595,4272
Rural Hall,NC,36.24042,-80.29338,3126
Rutherford College,NC,35.74846,-81.52259,1341
Rutherfordton,NC,35.36929,-81.95677,4182
Saint James,NC,33.92934,-78.11638,3165
Saint Pauls,NC,34.80655,-78.97114,2035
Salem,NC,35.69874,-81.69704,2218
Salisbury,NC,35.67097,-80.47423,34017
Saluda,NC,35.23623,-82.34928,707
Sanford,NC,35.47988,-79.1803,29144
Sawmills,NC,35.82485,-81.47454,5104
Saxapahaw,NC,35.94736,-79.32196,1648
Scotland Neck,NC,36.1296,-77.42025,1965
Sea Breeze,NC,34.06323,-77.89137,1969
Seaboard,NC,36.49015,-77.44136,587
Seagate,NC,34.20934,-77.84359,4590
Sedalia,NC,36.06736,-79.62058,660
Selma,NC,35.53655,-78.28444,6307
Seven Lakes,NC,35.27849,-79.56448,4888
Shallotte,NC,33.97323,-78.38584,3991
Sharpsburg,NC,35.8671,-77.82915,2003
Shelby,NC,35.29235,-81.53565,20189
Sherrills Ford,NC,35.62041,-80.98647,1007
Siler City,NC,35.72347,-79.46224,8396
Silver City,NC,34.996,-79.22614,882
Silver Lake,NC,34.14878,-77.9136,5598
Skippers Corner,NC,34.346,-77.90249,2785
Smithfield,NC,35.50849,-78.33945,12022
Sneads Ferry,NC,34.55267,-77.39718,2646
Snow Hill,NC,35.45155,-77.68109,1574
South Gastonia,NC,35.2193,-81.20563,5312
South Henderson,NC,36.3082,-78.40666,1213
South Rosemary,NC,36.45154,-77.6972,2836
South Weldon,NC,36.41598,-77.60303,705
Southern Pines,NC,35.17405,-79.39225,13539
Southern Shores,NC,36.13905,-75.73157,2867
Southmont,NC,35.66792,-80.267,1470
Southport,NC,33.91821,-78.01933,3475
Sparta,NC,36.50541,-81.12092,1726
Spencer,NC,35.69236,-80.43478,3291
Spindale,NC,35.36012,-81.92927,4263
Spiveys Corner,NC,35.19544,-78.48723,506
Spring Hope,NC,35.94515,-78.11193,1313
Spring Lake,NC,35.16794,-78.97281,13234
Spruce Pine,NC,35.9154,-82.06456,2134
Saint Stephens,NC,35.76458,-81.27314,8759
Stallings,NC,35.0907,-80.68618,15270
Stanfield,NC,35.23348,-80.42701,1490
Stanley,NC,35.35903,-81.09702,3685
Stantonsburg,NC,35.60683,-77.82331,788
Star,NC,35.40208,-79.7842,874
Statesville,NC,35.78264,-80.8873,26221
Stedman,NC,35.0135,-78.69391,1045
Stokesdale,NC,36.23708,-79.97948,5340
Stoneville,NC,36.46653,-79.90698,1038
Stony Point,NC,35.86347,-81.0473,1317
Summerfield,NC,36.20875,-79.90476,10861
Sunset Beach,NC,33.88073,-78.51223,3801
Surf City,NC,34.42711,-77.54608,2193
Swannanoa,NC,35.59789,-82.39984,4576
Swanquarter,NC,35.40628,-76.32909,324
Swansboro,NC,34.68766,-77.11912,3149
Swepsonville,NC,36.02125,-79.36141,1204
Sylva,NC,35.37371,-83.22598,2617
Tabor City,NC,34.14878,-78.87669,3927
Tarboro,NC,35.89682,-77.5358,11164
Taylorsville,NC,35.9218,-81.17647,2078
Taylortown,NC,35.20766,-79.48587,816
Thomasville,NC,35.88264,-80.08199,27061
Thurmond,NC,36.36652,-80.92841,1611
Toast,NC,36.50041,-80.62645,1450
Tobaccoville,NC,36.23819,-80.37144,2584
Trent Woods,NC,35.0821,-77.08634,4189
Trenton,NC,35.0671,-77.35274,287
Trinity,NC,35.89458,-79.99087,6669
Troutman,NC,35.70069,-80.88813,2544
Troy,NC,35.35847,-79.89449,3427
Tryon,NC,35.33986,-81.32203,1721
Tyro,NC,35.80903,-80.37283,3879
Unionville,NC,35.08737,-80.50896,6547
Valdese,NC,35.74069,-81.56315,4459
Valley Hill,NC,35.29845,-82.48318,2070
Vanceboro,NC,35.3085,-77.15412,1000
Vander,NC,35.03211,-78.79474,1146
Varnamtown,NC,33.93573,-78.24861,572
Wade,NC,35.16294,-78.73613,560
Wadesboro,NC,34.96821,-80.07673,5584
Wake Forest,NC,35.97987,-78.50972,38199
Wagram,NC,34.88794,-79.36615,807
Walkertown,NC,36.17541,-80.1531,4969
Wallace,NC,34.73572,-77.99526,3964
Wallburg,NC,36.01014,-80.13921,3078
Walnut Cove,NC,36.29541,-80.14171,1402
Walnut Creek,NC,35.30711,-77.86498,861
Wanchese,NC,35.84267,-75.63851,1642
Warrenton,NC,36.39848,-78.15527,866
Warsaw,NC,34.99933,-78.0911,3175
Washington,NC,35.54655,-77.05217,9788
Waxhaw,NC,34.92459,-80.7434,13495
Waynesville,NC,35.48871,-82.98875,9809
Weaverville,NC,35.69705,-82.56069,3936
Weddington,NC,35.02237,-80.7609,10531
Welcome,NC,35.90292,-80.25699,4162
Weldon,NC,36.4271,-77.59553,1586
Wentworth,NC,36.40014,-79.77448,2765
Wesley Chapel,NC,35.00709,-80.67451,8355
Wendell,NC,35.78099,-78.36972,6285
West Canton,NC,35.53788,-82.85819,1247
West Jefferson,NC,36.40374,-81.49288,1308
West Marion,NC,35.6579,-82.02539,1348
West Raleigh,NC,35.78682,-78.66389,338759
Westport,NC,35.50125,-80.97869,4026
Whispering Pines,NC,35.25571,-79.37225,3148
Whitakers,NC,36.10543,-77.71275,725
White Lake,NC,34.64045,-78.4839,782
White Plains,NC,36.44569,-80.6334,1074
Whiteville,NC,34.33878,-78.70307,5589
Whitsett,NC,36.07125,-79.56447,623
Wilkesboro,NC,36.14596,-81.16064,3531
Williamston,NC,35.8546,-77.05551,5508
Wilmington,NC,34.23556,-77.94604,115933
Wilson,NC,35.72127,-77.91554,49643
Wilsons Mills,NC,35.58405,-78.35583,2277
Windsor,NC,35.99849,-76.94606,3785
Winfall,NC,36.21905,-76.46383,600
Wingate,NC,34.98432,-80.44923,3854
Winston-Salem,NC,36.09986,-80.24422,241218
Winterville,NC,35.52905,-77.40108,9464
Winton,NC,36.39571,-76.9319,745
Woodfin,NC,35.63344,-82.58207,6349
Woodland,NC,36.33154,-77.21274,744
Woodlawn,NC,36.11014,-79.2953,900
Wrightsboro,NC,34.2885,-77.9211,4896
Wrightsville Beach,NC,34.2085,-77.79637,2564
Yadkinville,NC,36.13458,-80.65951,2927
Yanceyville,NC,36.40403,-79.33613,2004
Yaupon Beach,NC,33.9049,-78.07833,922
Youngsville,NC,36.02487,-78.47444,1217
Zebulon,NC,35.82432,-78.31472,4964
Absecon,NJ,39.42845,-74.49571,8317
Alloway,NJ,39.56095,-75.36242,1402
Ashland,NJ,39.86317,-75.006,8302
Atco,NJ,39.76984,-74.88739,12350
Atlantic City,NJ,39.36415,-74.42306,39260
Audubon,NJ,39.89095,-75.07295,8730
Audubon Park,NJ,39.8965,-75.08767,1011
Avalon,NJ,39.10122,-74.71766,1283
Barnegat,NJ,39.75318,-74.22292,2817
Barnegat Light,NJ,39.75762,-74.10625,576
Barrington,NJ,39.86484,-75.05517,6817
Bayville,NJ,39.90929,-74.15486,20512
Beach Haven,NJ,39.55928,-74.2432,1172
Beach Haven West,NJ,39.66984,-74.23181,3896
Beachwood,NJ,39.93901,-74.19292,11214
Beckett,NJ,39.754,-75.35741,4847
Belleplain,NJ,39.26873,-74.86656,597
Bellmawr,NJ,39.86761,-75.09462,11462
Berlin,NJ,39.79123,-74.92905,7590
Blackwood,NJ,39.80234,-75.06406,4545
Brigantine,NJ,39.41012,-74.36459,9204
Bridgeton,NJ,39.42734,-75.23408,25031
Brooklawn,NJ,39.87817,-75.12073,1933
Brookfield,NJ,39.88261,-75.01572,675
Browns Mills,NJ,39.97261,-74.58293,11223
Buena,NJ,39.51373,-74.92462,4603
Burleigh,NJ,39.04567,-74.85156,725
Camden,NJ,39.92595,-75.11962,76119
Cape May Court House,NJ,39.08261,-74.82378,5338
Cape May,NJ,38.93511,-74.90601,3514
Carneys Point,NJ,39.71122,-75.4702,7382
Cedar Glen Lakes,NJ,39.95234,-74.39987,1421
Cedarville,NJ,39.33261,-75.19963,776
Cherry Hill,NJ,39.93484,-75.03073,70475
Cherry Hill Mall,NJ,39.93595,-75.00906,14171
Chesilhurst,NJ,39.73234,-74.881,1634
Cinnaminson,NJ,39.99678,-74.99267,14646
Clayton,NJ,39.66011,-75.09212,8493
Clementon,NJ,39.8115,-74.98294,4947
Collings Lakes,NJ,39.59567,-74.88156,1706
Collingswood,NJ,39.91817,-75.07128,14000
Country Lake Estates,NJ,39.94262,-74.54404,3943
Crestwood Village,NJ,39.94817,-74.3607,7907
Dover Beaches North,NJ,39.99123,-74.06375,1239
Dover Beaches South,NJ,39.95567,-74.0743,1209
Echelon,NJ,39.84845,-74.99572,10743
Egg Harbor City,NJ,39.52873,-74.64794,4239
Ellisburg,NJ,39.91372,-75.01045,4413
Elmer,NJ,39.59511,-75.17018,1343
Elwood,NJ,39.57651,-74.71683,1437
Erma,NJ,38.98776,-74.9017,2134
Estell Manor,NJ,39.41206,-74.74239,1731
Fairton,NJ,39.38178,-75.21991,1264
Folsom,NJ,39.60206,-74.84267,1851
Forked River,NJ,39.83984,-74.19014,5244
Gibbsboro,NJ,39.83817,-74.96489,2244
Gibbstown,NJ,39.82511,-75.28352,3739
Glassboro,NJ,39.70289,-75.11184,19216
Glendora,NJ,39.83956,-75.07351,4750
Gloucester City,NJ,39.89281,-75.12041,11329
Golden Triangle,NJ,39.92789,-75.03878,4145
Greentree,NJ,39.89706,-74.95572,11367
Haddon Heights,NJ,39.87734,-75.06462,7514
Haddonfield,NJ,39.8915,-75.03767,11414
Hammonton,NJ,39.63651,-74.80239,14618
Hi-Nella,NJ,39.83567,-75.02434,860
Holiday Heights,NJ,39.94595,-74.25403,2099
Island Heights,NJ,39.94206,-74.14986,1668
Jackson,NJ,39.7765,-74.86238,54856
Kingston Estates,NJ,39.92372,-74.98795,5685
Laurel Lake,NJ,39.33956,-75.0299,2989
Lavallette,NJ,39.9704,-74.06875,1807
Lawnside,NJ,39.8665,-75.02823,2919
Laurel Springs,NJ,39.82011,-75.00628,1884
Leisuretowne,NJ,39.89234,-74.7021,3582
Lindenwold,NJ,39.82428,-74.99767,17613
Linwood,NJ,39.33984,-74.57516,6973
Longport,NJ,39.31428,-74.52488,886
Lumberton,NJ,39.96595,-74.80516,12559
Magnolia,NJ,39.94984,-74.66071,4383
Manahawkin,NJ,39.6954,-74.25875,2303
Maple Shade,NJ,39.95261,-74.99239,19077
Margate City,NJ,39.32789,-74.50349,6237
Marlton,NJ,39.89122,-74.92183,10133
Mays Landing,NJ,39.45234,-74.72766,2135
Medford Lakes,NJ,39.85845,-74.80294,4146
Millville,NJ,39.40206,-75.03934,28230
Mount Ephraim,NJ,39.87845,-75.09267,4639
Mount Holly,NJ,39.99289,-74.78766,10804
Mount Laurel,NJ,39.934,-74.891,41864
Mullica Hill,NJ,39.73928,-75.22407,3982
Mystic Island,NJ,39.54428,-74.38237,8493
National Park,NJ,39.86595,-75.17879,2999
Newfield,NJ,39.54688,-75.02636,1534
North Beach Haven,NJ,39.57317,-74.23153,2235
North Cape May,NJ,38.98206,-74.95795,3226
North Wildwood,NJ,39.00067,-74.79933,3901
Northfield,NJ,39.37039,-74.55015,8521
Oaklyn,NJ,39.90095,-75.08462,3992
Ocean Acres,NJ,39.74345,-74.28098,16142
Ocean City,NJ,39.27762,-74.5746,11355
Ocean Gate,NJ,39.92679,-74.13375,2010
Olivet,NJ,39.54817,-75.15463,1408
Paulsboro,NJ,39.83039,-75.24046,5989
Pedricktown,NJ,39.75886,-75.40602,524
Pemberton,NJ,39.97206,-74.68294,1383
Pemberton Heights,NJ,39.96261,-74.67877,2423
Penns Grove,NJ,39.72956,-75.46797,4945
Pennsauken,NJ,39.95622,-75.05795,36332
Pennsville,NJ,39.65345,-75.51659,11888
Pine Beach,NJ,39.93595,-74.17097,2150
Pine Hill,NJ,39.78428,-74.99211,10510
Pine Ridge at Crestwood,NJ,39.95456,-74.31515,2369
Pitman,NJ,39.73289,-75.13157,8898
Pleasantville,NJ,39.38984,-74.52404,20755
Pomona,NJ,39.47845,-74.57516,7124
Port Norris,NJ,39.24595,-75.03518,1377
Port Republic,NJ,39.52067,-74.48571,1100
Presidential Lakes Estates,NJ,39.91373,-74.5646,2365
Quinton,NJ,39.54595,-75.41242,588
Ramblewood,NJ,39.92872,-74.94378,5907
Richwood,NJ,39.72261,-75.16546,3459
Rio Grande,NJ,39.01456,-74.88156,2670
Rosenhayn,NJ,39.47817,-75.13129,1098
Salem,NJ,39.57178,-75.46714,4894
Runnemede,NJ,39.85234,-75.06795,8381
Sea Isle City,NJ,39.15345,-74.69294,2087
Seabrook Farms,NJ,39.50095,-75.21796,1484
Seaside Heights,NJ,39.94429,-74.07291,2892
Seaside Park,NJ,39.92679,-74.07708,1551
Sewell,NJ,39.7665,-75.14434,37433
Shiloh,NJ,40.9176,-74.93073,642
Ship Bottom,NJ,39.6429,-74.18042,1135
Sicklerville,NJ,39.71734,-74.96933,42891
Silver Ridge,NJ,39.963,-74.238,1133
Smithville,NJ,39.49401,-74.45709,7242
Somerdale,NJ,39.844,-75.02267,5460
Somers Point,NJ,39.31762,-74.5946,10688
South Toms River,NJ,39.94206,-74.20431,3736
South Vineland,NJ,39.44595,-75.02879,58122
Springdale,NJ,39.881,-74.97,14518
Stone Harbor,NJ,39.05095,-74.75794,836
Stratford,NJ,39.82678,-75.01545,7013
Surf City,NJ,39.66206,-74.16514,1204
Swedesboro,NJ,39.74761,-75.31047,2613
Toms River,NJ,39.95373,-74.19792,88791
Tuckerton,NJ,39.60317,-74.34015,3377
Turnersville,NJ,39.77317,-75.05128,3742
Ventnor City,NJ,39.34039,-74.47737,10486
Victory Lakes,NJ,39.63317,-74.966,2111
Villas,NJ,39.02872,-74.93851,9483
Vincentown,NJ,39.934,-74.74849,24664
Vineland,NJ,39.48623,-75.02573,60818
Waretown,NJ,39.79151,-74.19514,1569
Wenonah,NJ,39.79456,-75.14879,2254
West Cape May,NJ,38.93872,-74.94184,1016
West Wildwood,NJ,39.00234,-74.82433,572
Westville,NJ,40.84454,-74.29959,4439
Whitesboro,NJ,39.039,-74.85684,2205
Wildwood,NJ,38.99178,-74.81489,5149
Wildwood Crest,NJ,38.97484,-74.8335,3182
Williamstown,NJ,39.68623,-74.99517,15567
Wood-Lynne,NJ,39.91734,-75.09629,2978
Woodbine,NJ,39.24178,-74.81517,2482
Woodbury,NJ,39.83817,-75.15268,10020
Woodbury Heights,NJ,39.81706,-75.15518,3010
Woodstown,NJ,39.6515,-75.32825,3524
Aberdeen,OH,38.65563,-83.76103,1607
Addyston,OH,39.13672,-84.70911,931
Albany,OH,39.22757,-82.20237,905
Amanda,OH,39.64951,-82.74434,747
Amberley,OH,39.20478,-84.428,3591
Amelia,OH,39.0284,-84.21771,4932
Amsterdam,OH,39.95757,-82.37821,549
Andersonville,OH,39.42784,-83.00963,779
Arcanum,OH,39.99005,-84.55329,2087
Arlington Heights,OH,39.21506,-84.4555,740
Ashville,OH,39.71562,-82.95296,4190
Athens,OH,39.32924,-82.10126,25044
Bainbridge,OH,41.38644,-81.33955,3267
Baltimore,OH,39.84534,-82.60072,2970
Barnesville,OH,39.98813,-81.1765,4125
Batavia,OH,39.07701,-84.17688,1648
Beavercreek,OH,39.70923,-84.06327,46277
Beckett Ridge,OH,39.347,-84.43522,9187
Bellbrook,OH,39.63562,-84.07077,7053
Belmont,OH,39.7295,-84.13966,519
Belpre,OH,39.27396,-81.5729,6476
Bethel,OH,38.96368,-84.08077,2771
Beverly,OH,39.54785,-81.63957,1308
Bexley,OH,39.96895,-82.93768,13654
Blacklick Estates,OH,39.90506,-82.86434,8682
Blanchester,OH,39.29312,-83.98882,4246
Bloomingburg,OH,39.60506,-83.39547,921
Blue Ash,OH,39.232,-84.37827,12159
Blue Jay,OH,39.227,-84.73717,959
Bridgetown,OH,39.15311,-84.63717,14407
Brookville,OH,39.83672,-84.41134,5900
Buchtel,OH,39.46201,-82.18181,557
Buckeye Lake,OH,39.93368,-82.47238,2760
Burlington,OH,38.4073,-82.53571,2676
Byesville,OH,39.96979,-81.53651,2375
Caldwell,OH,39.74785,-81.51651,1690
Camden,OH,41.23783,-82.30572,2281
Canal Winchester,OH,39.84284,-82.80462,7818
Carlisle,OH,39.582,-84.32022,5259
Carroll,OH,39.79895,-82.701,520
Cedarville,OH,39.74423,-83.80854,4177
Centerville,OH,39.62839,-84.15938,23882
Chauncey,OH,39.39785,-82.12931,1039
Cherry Grove,OH,39.07256,-84.32188,4378
Chesapeake,OH,38.42786,-82.4571,726
Cheviot,OH,39.157,-84.61328,8295
Choctaw Lake,OH,39.96006,-83.48492,1546
Cincinnati,OH,39.12711,-84.51439,311097
Circleville,OH,39.60062,-82.94601,13857
Clarktown,OH,38.85063,-82.91128,958
Clarksville,OH,39.40145,-83.98132,547
Clayton,OH,39.86311,-84.3605,13146
Cleves,OH,39.16172,-84.74912,3386
Coal Grove,OH,38.50341,-82.64711,2143
Columbus,OH,39.96118,-82.99879,913175
Commercial Point,OH,39.7684,-83.05713,1611
Corning,OH,39.60257,-82.0882,573
Covedale,OH,39.12117,-84.60633,6447
Crooksville,OH,39.76896,-82.09209,2498
Crystal Lakes,OH,39.88923,-84.0266,1483
Darbydale,OH,39.85367,-83.18297,793
Darrtown,OH,39.49561,-84.66134,516
Day Heights,OH,39.17395,-84.22633,2620
Dayton,OH,39.75895,-84.19161,135512
Deer Park,OH,39.20534,-84.39466,5682
Dent,OH,39.18589,-84.65134,10497
Devola,OH,39.47369,-81.47901,2652
Dillonvale,OH,39.21811,-84.40216,3474
Drexel,OH,39.74645,-84.28661,2076
Dry Ridge,OH,39.25922,-84.61911,2782
Dry Run,OH,39.10423,-84.33049,7281
Duncan Falls,OH,39.87201,-81.9093,880
Dunlap,OH,39.29228,-84.618,1719
Eaton,OH,39.74394,-84.63662,8217
Elmwood Place,OH,39.18728,-84.488,2164
Englewood,OH,39.87756,-84.30217,13460
Enon,OH,39.87812,-83.93688,2393
Etna,OH,39.95729,-82.68183,1215
Evendale,OH,39.25617,-84.418,2767
Fairborn,OH,39.82089,-84.01938,33452
Fairfax,OH,39.14534,-84.39327,1703
Fairfield,OH,39.34589,-84.5605,42767
Fairfield Beach,OH,39.9159,-82.47516,1292
Farmersville,OH,39.6795,-84.42911,1006
Felicity,OH,38.83896,-84.09632,828
Finneytown,OH,39.20034,-84.5205,12741
Five Points,OH,39.56867,-84.19299,1824
Forest Park,OH,39.29034,-84.50411,18676
Forestville,OH,39.07506,-84.34494,10532
Fort McKinley,OH,39.79756,-84.25355,3989
Frankfort,OH,39.40145,-83.18074,1065
Franklin,OH,39.55895,-84.30411,11783
Franklin Furnace,OH,38.626,-82.847,1660
Fruit Hill,OH,39.07562,-84.36438,3755
Gallipolis,OH,38.8098,-82.20237,3469
Geneva,OH,39.66201,-82.43349,6447
Georgetown,OH,38.86451,-83.90409,4447
Germantown,OH,39.62617,-84.36939,5503
Glendale,OH,41.397,-81.54234,2164
Glouster,OH,39.50313,-82.08459,1797
Golf Manor,OH,39.18728,-84.44633,3583
Goshen,OH,39.23339,-84.16132,11644
Grandview,OH,39.19422,-84.72439,1466
Grandview Heights,OH,39.97979,-83.04074,7328
Gratis,OH,39.64783,-84.52717,859
Green Meadows,OH,39.86895,-83.94438,2327
Greenfield,OH,39.35201,-83.38269,4572
Greenhills,OH,39.26811,-84.523,3593
Groesbeck,OH,39.22311,-84.58689,6788
Grove City,OH,39.88145,-83.09296,39388
Groveport,OH,39.8784,-82.88379,5737
Hamden,OH,39.15979,-82.52683,863
Hamersville,OH,38.91785,-83.98326,533
Hamilton,OH,39.3995,-84.56134,62407
Harbor Hills,OH,39.93673,-82.43515,1509
Harrison,OH,39.262,-84.81995,9897
Harveysburg,OH,39.50367,-84.01049,551
Hebron,OH,39.96173,-82.49127,2409
Hide-A-Way Hills,OH,39.65479,-82.4771,794
Highpoint,OH,39.28839,-84.35022,1503
Hillsboro,OH,39.20229,-83.61159,6557
Holiday Valley,OH,39.85617,-83.96854,1510
Hooven,OH,39.17811,-84.75912,534
Huber Heights,OH,39.84395,-84.12466,38176
Hunter,OH,39.49284,-84.28966,2100
Ironton,OH,38.53675,-82.68294,10900
Jackson,OH,39.05202,-82.63655,6243
Jamestown,OH,39.65812,-83.73492,2027
Jeffersonville,OH,39.65367,-83.56381,1192
Junction City,OH,39.72118,-82.29876,810
Kenwood,OH,39.21061,-84.36716,6981
Kettering,OH,39.6895,-84.16883,55525
Kings Mills,OH,39.35561,-84.24855,1319
Kingston,OH,39.47395,-82.91073,1024
Kirkersville,OH,39.95951,-82.59572,541
Lake Darby,OH,39.95728,-83.2288,4592
Lancaster,OH,39.71368,-82.59933,39766
Landen,OH,39.312,-84.28299,6782
Laurelville,OH,39.4734,-82.73934,517
Lebanon,OH,39.43534,-84.20299,20623
Leesburg,OH,39.34506,-83.55297,1294
Lewisburg,OH,39.84616,-84.53967,1770
Lincoln Heights,OH,40.77145,-82.48433,3831
Lincoln Village,OH,39.95479,-83.13074,9032
Lisbon,OH,39.86089,-83.6352,2845
Lithopolis,OH,39.80284,-82.80628,1351
Lockland,OH,39.22922,-84.45772,3426
Logan,OH,39.54007,-82.4071,7117
Logan Elm Village,OH,39.56978,-82.95185,1118
London,OH,39.88645,-83.44825,10060
Loveland,OH,39.26895,-84.26383,12585
Loveland Park,OH,39.29978,-84.26327,1523
Lowell,OH,39.5298,-81.50623,548
Lucasville,OH,38.87952,-82.99684,2757
Lynchburg,OH,39.24173,-83.79131,1487
Mack,OH,39.15811,-84.64967,11585
Madeira,OH,39.19089,-84.36355,8976
Maineville,OH,39.31506,-84.22077,979
Malta,OH,39.64924,-81.86208,657
Manchester,OH,40.937,-81.56929,2048
Marble Cliff,OH,39.98673,-83.06157,584
Mariemont,OH,39.14506,-84.37438,3426
Marietta,OH,39.41535,-81.45484,13900
Mason,OH,39.36006,-84.30994,32662
Mayfield,OH,41.552,-81.43928,3403
McArthur,OH,39.24646,-82.47849,1664
McConnelsville,OH,39.64868,-81.85319,1789
Miami Heights,OH,39.16506,-84.7205,4731
Miamisburg,OH,39.64284,-84.28661,20034
Miamitown,OH,39.21589,-84.70411,1259
Middleport,OH,39.00175,-82.04875,2474
Middletown,OH,39.51506,-84.39828,48760
Milford,OH,39.17534,-84.29438,6876
Millersport,OH,39.90006,-82.53405,1049
Millville,OH,39.38922,-84.65439,724
Minford,OH,38.85896,-82.86212,693
Monroe,OH,39.44034,-84.36216,13393
Monfort Heights,OH,39.18839,-84.59522,11948
Montgomery,OH,39.22811,-84.35411,10506
Moraine,OH,39.70617,-84.21938,6373
Morrow,OH,39.3545,-84.12716,1272
Mount Carmel,OH,39.10589,-84.3041,4741
Mount Healthy,OH,39.23367,-84.54578,6039
Mount Healthy Heights,OH,39.27033,-84.568,3264
Mount Orab,OH,39.02757,-83.91965,3660
Mount Repose,OH,39.20062,-84.22438,4672
Mount Sterling,OH,39.71951,-83.26519,1745
Mulberry,OH,39.19339,-84.24216,3323
Nelsonville,OH,39.45868,-82.23182,5197
New Baltimore,OH,39.26478,-84.66745,661
New Boston,OH,38.7523,-82.93684,2174
New Burlington,OH,39.2595,-84.55717,5069
New Carlisle,OH,39.93617,-84.02549,5693
New Concord,OH,39.99368,-81.73402,2343
New Haven,OH,39.27561,-84.74078,583
New Holland,OH,39.55395,-83.25686,836
New Lebanon,OH,39.74533,-84.38495,4001
New Lexington,OH,39.71396,-82.20848,4727
New Madison,OH,39.96783,-84.70912,878
New Matamoras,OH,39.52452,-81.06705,1135
New Miami,OH,39.43478,-84.53689,2316
New Paris,OH,39.85699,-84.79329,1580
New Richmond,OH,38.94868,-84.27994,2642
New Straitsville,OH,39.57785,-82.23765,715
New Vienna,OH,39.32367,-83.69103,1202
Newport,OH,39.39091,-81.22678,1003
Newtown,OH,39.1245,-84.36161,2664
North Bend,OH,39.15256,-84.748,860
North College Hill,OH,39.21839,-84.55078,9332
North Fork Village,OH,39.3359,-83.02907,1991
North Zanesville,OH,39.97868,-82.00347,2816
Northbrook,OH,39.24645,-84.58356,10668
Northgate,OH,39.25283,-84.59245,7377
Northridge,OH,39.80756,-84.19689,8487
Norwood,OH,39.15561,-84.45966,19915
Oak Hill,OH,40.41423,-82.24099,1642
Oakwood,OH,39.72534,-84.17411,9052
Obetz,OH,39.87895,-82.95074,4761
Owensville,OH,39.12256,-84.13577,814
Oxford,OH,39.507,-84.74523,22104
Park Layne,OH,39.88645,-84.03966,4343
Pataskala,OH,39.99562,-82.67433,15245
Peebles,OH,38.94896,-83.40575,1764
Phillipsburg,OH,39.9045,-84.40161,554
Philo,OH,39.86118,-81.9068,732
Pickerington,OH,39.88423,-82.7535,19745
Piketon,OH,39.06813,-83.01434,2146
Pleasant Grove,OH,39.95201,-81.95902,1742
Pleasant Hills,OH,39.23589,-84.52494,606
Pleasant Run,OH,39.29978,-84.56356,4953
Pleasant Run Farm,OH,39.30311,-84.548,4654
Pleasantville,OH,39.80979,-82.5221,958
Pomeroy,OH,39.02758,-82.03375,1821
Portsmouth,OH,38.73174,-82.99767,20409
Powhatan Point,OH,39.86008,-80.81537,1573
Proctorville,OH,38.43703,-82.3771,559
Reading,OH,39.22367,-84.44216,10324
Reno,OH,39.37285,-81.39567,1293
Reynoldsburg,OH,39.95479,-82.81212,37158
Rio Grande,OH,38.87952,-82.38043,854
Ripley,OH,38.74563,-83.84492,1721
Riverside,OH,39.77978,-84.1241,24972
Rosemount,OH,38.78619,-82.97906,2112
Ross,OH,39.31228,-84.6505,3417
Roseville,OH,39.80729,-82.07125,1853
Rossmoyne,OH,39.21367,-84.38688,2230
Russellville,OH,38.86646,-83.78687,543
Sabina,OH,39.48867,-83.63687,2534
Saint Bernard,OH,39.167,-84.49855,4368
Salem Heights,OH,39.07173,-84.37827,3839
Sardinia,OH,39.00784,-83.80854,957
Sardis,OH,39.62285,-80.9126,559
Sciotodale,OH,38.7548,-82.86878,1081
Seaman,OH,38.94201,-83.57242,924
Seven Mile,OH,39.48006,-84.55189,768
Shadyside,OH,39.97091,-80.75064,3714
Sharonville,OH,39.26811,-84.41327,13774
Shawnee,OH,39.60479,-82.21154,646
Shawnee Hills,OH,39.65284,-83.78687,2171
Sherwood,OH,39.08478,-84.36077,3719
Shiloh,OH,39.81867,-84.22855,11272
Silverton,OH,39.19284,-84.4005,4764
Sixteen Mile Stand,OH,39.27284,-84.32744,2928
Skyline Acres,OH,39.22867,-84.56689,1717
Somerset,OH,39.80701,-82.29709,1464
South Bloomfield,OH,39.7184,-82.98685,1851
South Charleston,OH,39.82534,-83.63437,1661
South Lebanon,OH,39.37089,-84.21327,4346
South Point,OH,38.41786,-82.58627,3924
South Webster,OH,38.81341,-82.72683,829
South Zanesville,OH,39.89923,-82.00625,1989
Springboro,OH,39.55228,-84.23327,18213
Springdale,OH,39.287,-84.48522,11182
Springfield,OH,39.92423,-83.80882,59680
Stoutsville,OH,39.60479,-82.82906,566
Summerside,OH,39.10478,-84.28827,5083
Syracuse,OH,38.99758,-81.97403,821
Terrace Park,OH,39.15923,-84.30716,2245
The Plains,OH,39.36896,-82.13237,3080
The Village of Indian Hill,OH,39.17949,-84.33517,5798
Thornport,OH,39.91312,-82.41099,1004
Thornville,OH,39.89645,-82.42015,997
Thurston,OH,39.84034,-82.54599,610
Tipp City,OH,39.95839,-84.17216,9899
Trenton,OH,39.48089,-84.45772,12281
Trotwood,OH,39.79728,-84.31133,24096
Union,OH,39.89783,-84.30633,6461
Upper Arlington,OH,39.99451,-83.06241,34907
Urbancrest,OH,39.89756,-83.08685,1033
Valley View,OH,41.38783,-81.60457,2012
Vandalia,OH,39.89061,-84.19883,15106
Walnut Hills,OH,39.127,-84.48411,6344
Washington Court House,OH,39.53645,-83.43908,14019
Waverly,OH,39.12673,-82.98546,4274
Waynesville,OH,39.52978,-84.0866,2999
Wellston,OH,39.12341,-82.53294,5494
West Alexandria,OH,39.7445,-84.53217,1341
West Carrollton City,OH,39.67228,-84.25216,13297
West Jefferson,OH,39.94478,-83.2688,4279
West Milton,OH,39.96255,-84.328,4714
West Portsmouth,OH,38.75841,-83.02906,3149
West Union,OH,38.79452,-83.54519,3179
Wetherington,OH,39.36367,-84.37744,1302
Wheelersburg,OH,38.73035,-82.85545,6437
White Oak,OH,39.21311,-84.59939,19167
Whitehall,OH,39.96673,-82.88546,18694
Wilberforce,OH,39.71617,-83.87771,2271
Williamsburg,OH,39.05423,-84.05299,2549
Williamsdale,OH,39.44117,-84.52995,581
Williamsport,OH,39.5859,-83.12046,1051
Wilmington,OH,39.44534,-83.82854,12449
Winchester,OH,38.94174,-83.65075,1035
Withamsville,OH,39.06228,-84.28827,7021
Woodlawn,OH,39.252,-84.47022,3292
Woodsfield,OH,39.76257,-81.11538,2348
Wyoming,OH,39.23117,-84.46578,8411
Xenia,OH,39.68478,-83.92965,25976
Yellow Springs,OH,39.80645,-83.88687,3793
Zanesville,OH,39.94035,-82.01319,25498
Achille,OK,33.83343,-96.38721,510
Ada,OK,34.77453,-96.67834,17303
Adair,OK,36.43676,-95.27136,819
Afton,OK,36.69369,-94.96302,1050
Alex,OK,34.91479,-97.77865,554
Allen,OK,34.87898,-96.41251,935
Altus,OK,34.63813,-99.33398,19214
Alva,OK,36.80499,-98.66718,5180
Anadarko,OK,35.07256,-98.24366,6717
Antlers,OK,34.23121,-95.62025,2354
Apache,OK,34.89368,-98.36589,1430
Arapaho,OK,35.57783,-98.96453,826
Ardmore,OK,34.17426,-97.14363,25176
Arkoma,OK,35.35454,-94.4341,1925
Arnett,OK,36.13504,-99.77484,532
Atoka,OK,34.38593,-96.12833,3065
Barnsdall,OK,36.56202,-96.16167,1209
Bartlesville,OK,36.74731,-95.98082,36595
Beggs,OK,35.7426,-96.07027,1247
Bell,OK,35.71814,-94.57605,535
Bernice,OK,36.61591,-94.91774,562
Bethany,OK,35.51867,-97.63226,19589
Bethel Acres,OK,35.30868,-97.02558,3101
Billings,OK,36.52892,-97.44394,510
Binger,OK,35.30895,-98.342,654
Bixby,OK,35.94204,-95.88332,24657
Blackwell,OK,36.80448,-97.28282,6875
Blair,OK,34.77951,-99.33536,778
Blanchard,OK,35.13784,-97.65809,8280
Bokchito,OK,34.01732,-96.14276,657
Boley,OK,35.49341,-96.48362,1183
Boswell,OK,34.02732,-95.86914,699
Bray,OK,34.63786,-97.81753,1193
Brent,OK,35.36787,-94.79356,716
Bristow,OK,35.83063,-96.39112,4248
Broken Arrow,OK,36.0526,-95.79082,106563
Broken Bow,OK,34.02928,-94.7391,4131
Brushy,OK,35.55704,-94.7255,900
Buffalo,OK,36.83559,-99.6304,1311
Burns Flat,OK,35.34894,-99.17036,2049
Bushyhead,OK,36.46148,-95.49414,1314
Byng,OK,34.8612,-96.66557,1191
Cache,OK,34.62952,-98.62867,2925
Caddo,OK,34.12676,-96.26332,1048
Calera,OK,33.93454,-96.4286,2247
Calumet,OK,35.60116,-98.11867,564
Canton,OK,36.05365,-98.58842,615
Canute,OK,35.42199,-99.27953,545
Carlisle,OK,35.50065,-95.02634,606
Carnegie,OK,35.10367,-98.60367,1700
Carney,OK,35.80839,-97.01281,661
Cartwright,OK,33.85288,-96.56194,609
Cashion,OK,35.7981,-97.67866,847
Catoosa,OK,36.18899,-95.74582,7146
Central High,OK,34.62313,-98.08976,1184
Chandler,OK,35.70173,-96.88086,3175
Checotah,OK,35.4701,-95.52304,3261
Chelsea,OK,36.53565,-95.43247,1969
Cherokee,OK,36.75447,-98.35674,1560
Cherry Tree,OK,35.74148,-94.64328,883
Cheyenne,OK,35.61394,-99.67149,824
Chickasha,OK,35.05257,-97.93643,16488
Choctaw,OK,35.49756,-97.26892,12179
Chouteau,OK,36.18593,-95.34302,2092
Claremore,OK,36.3126,-95.61609,18997
Clayton,OK,34.58955,-95.35275,795
Cleora,OK,36.57897,-94.97107,1463
Cleveland,OK,36.31032,-96.46584,3216
Clinton,OK,35.51561,-98.96731,9565
Colbert,OK,33.85316,-96.50249,1183
Colcord,OK,36.26425,-94.693,815
Collinsville,OK,36.36454,-95.83888,6492
Comanche,OK,34.36897,-97.96392,1625
Commerce,OK,36.9334,-94.87301,2483
Copeland,OK,36.65591,-94.82829,1629
Copan,OK,36.89758,-95.92609,741
Cordell,OK,35.29061,-98.98841,2892
Corn,OK,35.37811,-98.78202,506
Covington,OK,36.30754,-97.58644,554
Coweta,OK,35.95177,-95.65081,9559
Crescent,OK,35.95254,-97.59477,1527
Cushing,OK,35.98506,-96.76697,7867
Cyril,OK,34.89646,-98.2006,1046
Davenport,OK,35.70479,-96.7653,821
Davis,OK,34.50453,-97.11946,2794
Del City,OK,35.44201,-97.44087,22022
Dewar,OK,35.45816,-95.94139,872
Dewey,OK,36.79592,-95.93554,3499
Dibble,OK,35.0334,-97.62976,827
Dickson,OK,34.18732,-96.98446,1253
Dill City,OK,35.27672,-99.13508,566
Drumright,OK,35.9884,-96.60113,2880
Duncan,OK,34.5023,-97.95781,23231
Durant,OK,33.99399,-96.37082,17286
Eagletown,OK,34.03428,-94.57493,528
Earlsboro,OK,35.26757,-96.80335,639
Edmond,OK,35.65283,-97.4781,90092
El Reno,OK,35.53227,-97.95505,18516
Elgin,OK,34.78035,-98.29227,2969
Elk City,OK,35.41199,-99.40426,12717
Elmore City,OK,34.62286,-97.39641,706
Empire City,OK,34.42036,-98.02698,923
Enid,OK,36.39559,-97.87839,51776
Erick,OK,35.21533,-99.86649,1093
Eufaula,OK,35.28722,-95.5825,2936
Fairfax,OK,36.57366,-96.7042,1349
Fairfield,OK,35.84731,-94.61244,584
Fairland,OK,36.75118,-94.84746,1062
Fairview,OK,36.26892,-98.4798,2655
Fletcher,OK,34.82312,-98.24422,1169
Flint Creek,OK,36.17731,-94.74078,732
Forest Park,OK,35.50423,-97.44615,1074
Fort Cobb,OK,35.09784,-98.43561,627
Fort Gibson,OK,35.7976,-95.25052,4083
Frederick,OK,34.39203,-99.01841,3692
Garber,OK,36.43698,-97.58561,852
Geary,OK,35.63116,-98.31729,1305
Geronimo,OK,34.48119,-98.38311,1235
Glencoe,OK,36.22866,-96.92559,606
Glenpool,OK,35.95537,-96.00888,13225
Goldsby,OK,35.14118,-97.47698,2102
Gore,OK,35.52926,-95.11718,944
Grandfield,OK,34.22842,-98.68451,972
Granite,OK,34.96228,-99.38064,2031
Grove,OK,36.59369,-94.76912,6751
Guthrie,OK,35.87894,-97.42532,11270
Haileyville,OK,34.85454,-95.5822,779
Hall Park,OK,35.23701,-97.40642,1095
Hammon,OK,35.63283,-99.38177,592
Harrah,OK,35.48951,-97.16364,5891
Hartshorne,OK,34.8451,-95.55748,2017
Haskell,OK,35.82038,-95.67415,1979
Healdton,OK,34.23315,-97.4878,2776
Heavener,OK,34.88927,-94.60078,3340
Helena,OK,36.54614,-98.27007,1426
Hennessey,OK,36.1092,-97.89867,2199
Henryetta,OK,35.43983,-95.98194,5765
Hinton,OK,35.47144,-98.35562,3244
Hobart,OK,35.0295,-99.09313,3621
Holdenville,OK,35.08036,-96.39918,5750
Hollis,OK,34.68839,-99.91205,1967
Hominy,OK,36.41424,-96.3953,3508
Howe,OK,34.95121,-94.63717,791
Hugo,OK,34.01066,-95.50968,5224
Hulbert,OK,35.9326,-95.14135,603
Hydro,OK,35.5495,-98.57813,960
Idabel,OK,33.89566,-94.82633,7007
Inola,OK,36.15121,-95.50942,1834
Jay,OK,36.42119,-94.7969,2483
Jenks,OK,36.02287,-95.96833,20740
Jones,OK,35.56589,-97.28698,2948
Justice,OK,36.29287,-95.56664,1324
Kansas,OK,36.20509,-94.79773,783
Kellyville,OK,35.9437,-96.21361,1147
Kenwood,OK,36.31453,-94.98579,1224
Keota,OK,35.25565,-94.92162,564
Keys,OK,35.79815,-94.96773,565
Kiefer,OK,35.94482,-96.06528,1920
Kingfisher,OK,35.86143,-97.93172,4865
Kingston,OK,33.99871,-96.71972,1632
Kiowa,OK,34.72065,-95.89916,695
Konawa,OK,34.95953,-96.7528,1290
Krebs,OK,34.92787,-95.71582,1973
Lahoma,OK,36.38753,-98.08979,651
Langley,OK,36.46397,-95.04774,821
Langston,OK,35.94505,-97.25531,1830
Laverne,OK,36.70975,-99.89346,1365
Lawton,OK,34.60869,-98.39033,96655
Lexington,OK,35.01479,-97.33558,2161
Limestone,OK,36.31593,-95.74915,629
Lindsay,OK,34.8348,-97.60253,2830
Locust Grove,OK,36.20009,-95.16774,1406
Lone Grove,OK,34.17537,-97.26279,5213
Longtown,OK,35.24538,-95.51276,2739
Lost City,OK,35.98787,-95.13635,767
Luther,OK,35.66173,-97.19559,1541
Madill,OK,34.09038,-96.77167,3923
Mangum,OK,34.872,-99.50426,2910
Mannford,OK,36.13341,-96.35446,3121
Mannsville,OK,34.18593,-96.88056,850
Marietta,OK,33.93704,-97.11668,2729
Marlow,OK,34.64813,-97.95809,4594
Maud,OK,35.13036,-96.77585,1076
Maysville,OK,34.8173,-97.40586,1231
McAlester,OK,34.93343,-95.76971,18310
McCord,OK,36.67847,-97.04,1440
McCurtain,OK,35.14982,-94.97079,516
McLoud,OK,35.4359,-97.09142,4615
Medford,OK,36.80697,-97.73366,987
Meeker,OK,35.5034,-96.9028,1172
Meridian,OK,34.42731,-97.97809,1493
Miami,OK,36.87451,-94.87746,13611
Midwest City,OK,35.44951,-97.3967,57249
Minco,OK,35.31284,-97.94449,1656
Moore,OK,35.33951,-97.4867,60451
Mooreland,OK,36.4392,-99.20482,1282
Morris,OK,35.6076,-95.86027,1462
Morrison,OK,36.29727,-97.00809,736
Mounds,OK,35.87648,-96.06111,1177
Mountain View,OK,35.09756,-98.74646,769
Muldrow,OK,35.4062,-94.59883,3282
Muskogee,OK,35.74788,-95.36969,38456
Mustang,OK,35.38423,-97.72449,20226
New Tulsa,OK,36.0751,-95.67276,741
Newcastle,OK,35.24729,-97.59976,9438
Newkirk,OK,36.88225,-97.05337,2253
Nichols Hills,OK,35.55089,-97.54893,3887
Nicoma Park,OK,35.49117,-97.32309,2469
Ninnekah,OK,34.94785,-97.92393,1036
Noble,OK,35.13924,-97.39475,6666
Norman,OK,35.22257,-97.43948,128026
North Enid,OK,36.43559,-97.86895,925
Nowata,OK,36.70065,-95.63803,3743
Oakhurst,OK,36.07537,-96.06444,2185
Oakland,OK,34.1001,-96.79389,1073
Oilton,OK,36.08451,-96.58363,1015
Okarche,OK,35.72588,-97.97644,1307
Okay,OK,35.85065,-95.3183,615
Okeene,OK,36.11615,-98.31702,1213
Okemah,OK,35.43259,-96.30501,3247
Oklahoma City,OK,35.46756,-97.51643,681054
Okmulgee,OK,35.62344,-95.96055,12244
Olustee,OK,34.54868,-99.42231,583
Oologah,OK,36.44704,-95.70832,1179
Owasso,OK,36.26954,-95.85471,34542
Panama,OK,35.16732,-94.67245,1370
Paoli,OK,34.82674,-97.25919,614
Park Hill,OK,35.8612,-94.95884,3909
Pawhuska,OK,36.66784,-96.33723,3605
Pawnee,OK,36.33783,-96.80392,2160
Pauls Valley,OK,34.74008,-97.22225,6152
Peggs,OK,36.08093,-95.0994,813
Perkins,OK,35.97394,-97.03364,2857
Perry,OK,36.28949,-97.2881,5097
Pettit,OK,35.76482,-94.96551,954
Piedmont,OK,35.642,-97.74643,7118
Pink,OK,35.26063,-97.11975,2095
Pocola,OK,35.23121,-94.478,4031
Ponca City,OK,36.70698,-97.08559,24758
Pond Creek,OK,36.6692,-97.80117,866
Porter,OK,35.87093,-95.52248,586
Porum,OK,35.35621,-95.26552,714
Poteau,OK,35.05371,-94.62356,8732
Prague,OK,35.48674,-96.68502,2453
Pryor,OK,36.30843,-95.31691,8708
Purcell,OK,35.01368,-97.36114,6370
Quapaw,OK,36.95451,-94.78801,906
Quinton,OK,35.12288,-95.37109,1009
Ramona,OK,36.53037,-95.9236,545
Ravia,OK,34.24176,-96.75139,523
Red Oak,OK,34.95093,-95.08024,505
Remy,OK,35.45648,-94.53411,562
Ringling,OK,34.17843,-97.59253,1002
Ringwood,OK,36.37948,-98.24535,514
Rock Island,OK,35.18232,-94.47383,636
Roff,OK,34.62759,-96.84085,720
Roland,OK,35.4212,-94.51466,3529
Rush Springs,OK,34.78257,-97.95698,1275
Ryan,OK,34.0201,-97.95754,789
Salina,OK,36.29287,-95.1533,1384
Sallisaw,OK,35.46037,-94.78745,8596
Sand Springs,OK,36.13981,-96.10889,19783
Sapulpa,OK,35.9987,-96.11417,20579
Savanna,OK,34.82899,-95.84388,657
Sayre,OK,35.29116,-99.6401,4773
Schulter,OK,35.51455,-95.95666,501
Seiling,OK,36.1481,-98.92426,882
Seminole,OK,35.22452,-96.67057,7522
Sentinel,OK,35.15783,-99.17536,907
Sequoyah,OK,36.37343,-95.56081,698
Shady Grove,OK,35.94426,-95.09496,556
Shady Point,OK,35.1301,-94.65856,997
Shattuck,OK,36.27614,-99.88276,1385
Shawnee,OK,35.32729,-96.9253,31286
Skiatook,OK,36.36842,-96.00138,7880
Slaughterville,OK,35.08729,-97.33503,4217
Snyder,OK,34.65896,-98.95174,1345
South Coffeyville,OK,36.99452,-95.62026,772
Spencer,OK,35.52284,-97.37726,4027
Sperry,OK,36.29731,-95.99139,1268
Spiro,OK,35.24121,-94.61994,2167
Springer,OK,34.31454,-97.14279,702
Sterling,OK,34.75035,-98.17171,803
Stigler,OK,35.25371,-95.12302,2766
Stillwater,OK,36.11561,-97.05837,48967
Stilwell,OK,35.81453,-94.62856,4016
Stratford,OK,34.79675,-96.95946,1535
Stroud,OK,35.74868,-96.65807,2767
Sulphur,OK,34.50787,-96.96835,5097
Tahlequah,OK,35.91537,-94.96996,16598
Talihina,OK,34.75149,-95.04802,1097
Taloga,OK,36.03865,-98.96371,314
Tecumseh,OK,35.25785,-96.93669,6630
Temple,OK,34.27203,-98.23588,969
Texanna,OK,35.34732,-95.43692,2261
The Village,OK,35.56089,-97.55143,9400
Thomas,OK,35.74422,-98.74758,1244
Tipton,OK,34.50285,-99.14091,794
Tishomingo,OK,34.23621,-96.67861,3075
Tonkawa,OK,36.67837,-97.31004,3126
Tryon,OK,35.86978,-96.96392,502
Tulsa,OK,36.15398,-95.99277,413066
Turley,OK,36.24204,-95.97583,2756
Tuttle,OK,35.29089,-97.81227,6805
Union City,OK,35.39172,-97.94144,1942
Valley Brook,OK,35.40201,-97.48143,781
Valliant,OK,34.00233,-95.09384,746
Velma,OK,34.46008,-97.67392,612
Verden,OK,35.0834,-98.08783,532
Verdigris,OK,36.23482,-95.69109,4351
Vian,OK,35.49843,-94.96967,1396
Vici,OK,36.14976,-99.29816,726
Vinita,OK,36.63869,-95.15413,5643
Wagoner,OK,35.95954,-95.36941,8713
Walters,OK,34.35981,-98.30783,2502
Warr Acres,OK,35.52256,-97.61893,10431
Warner,OK,35.49426,-95.30552,1623
Washington,OK,35.05896,-97.48448,634
Watonga,OK,35.84477,-98.41313,3008
Waukomis,OK,36.28031,-97.89811,1365
Waurika,OK,34.16704,-97.99754,1988
Wayne,OK,34.91813,-97.31447,706
Waynoka,OK,36.58226,-98.87981,966
Weatherford,OK,35.52616,-98.70757,12126
Webbers Falls,OK,35.51093,-95.12996,601
Welch,OK,36.87369,-95.0958,611
Weleetka,OK,35.33565,-96.13639,987
Welling,OK,35.87787,-94.90106,771
Wellston,OK,35.69423,-97.06336,795
West Siloam Springs,OK,36.17619,-94.57494,840
Westville,OK,35.99258,-94.568,1567
Wetumka,OK,35.23759,-96.24167,1245
Wewoka,OK,35.15869,-96.49335,3445
Wilburton,OK,34.91871,-95.30914,2683
Wilson,OK,34.16204,-97.42586,1730
Winchester,OK,35.78621,-95.99222,506
Wister,OK,34.96732,-94.72467,1069
Woodall,OK,35.83482,-95.06829,823
Woodward,OK,36.43365,-99.39039,12993
Wright City,OK,34.06011,-95.00328,745
Wynnewood,OK,34.64342,-97.16447,2223
Yale,OK,36.11423,-96.69919,1223
Yukon,OK,35.50672,-97.76254,25892
Abbottstown,PA,39.88649,-76.9847,1020
Airville,PA,39.83232,-76.40635,3100
Aldan,PA,39.9215,-75.28796,4165
Allison,PA,39.98896,-79.86477,625
Angora,PA,39.944,-75.23768,6413
Arendtsville,PA,39.92315,-77.2986,961
Atglen,PA,39.94927,-75.97356,1408
Avondale,PA,39.82344,-75.78327,1399
Bell Road (historical),PA,39.90678,-75.23379,6137
Bella Vista,PA,39.93539,-75.15712,6154
Belmont,PA,39.96567,-75.2024,3526
Bendersville,PA,39.98259,-77.24943,644
Berlin,PA,39.92064,-78.9578,2019
Biglerville,PA,39.93037,-77.24804,1209
Blue Ridge Summit,PA,39.72426,-77.47138,891
Bobtown,PA,39.76119,-79.98145,757
Bonneauville,PA,39.81204,-77.13721,1827
Boothwyn,PA,39.83011,-75.44158,4933
Brewerytown,PA,39.97706,-75.18185,9291
Brookhaven,PA,39.86928,-75.38241,8078
Broomall,PA,39.9815,-75.35658,10789
Caln,PA,39.99094,-75.78022,1519
Carroll Park,PA,39.97095,-75.23657,11767
Carroll Valley,PA,39.74926,-77.38304,3941
Cedar Park,PA,39.95039,-75.2274,8653
Chambersburg,PA,39.93759,-77.6611,20691
Chester,PA,39.84753,-75.35785,34092
Chester Heights,PA,39.89011,-75.47548,2626
Chinatown,PA,39.95345,-75.15462,1776
Christiana,PA,39.95483,-75.99689,1171
Clifton Heights,PA,39.92928,-75.2963,6684
Coatesville,PA,39.98316,-75.82384,13148
Cochranville,PA,39.89177,-75.92161,668
Cobbs Creek,PA,39.94761,-75.24018,33373
Collingdale,PA,39.91178,-75.27713,8792
Colwyn,PA,39.91234,-75.25379,2553
Conestoga,PA,39.94066,-76.34635,1258
Confluence,PA,39.81285,-79.3567,749
Cross Roads,PA,39.81955,-76.57663,514
Crucible,PA,39.94841,-79.96477,725
Dallastown,PA,39.89954,-76.64025,4017
Darby,PA,39.91845,-75.25907,10687
Delta,PA,39.72705,-76.32663,724
Drexel Hill,PA,39.94706,-75.29213,28043
Dunbar,PA,39.97785,-79.61448,1018
Dry Tavern,PA,39.93924,-80.01228,697
East Berlin,PA,39.9376,-76.97859,1534
East Lansdowne,PA,39.94567,-75.26129,2665
East Prospect,PA,39.97204,-76.51997,936
East Uniontown,PA,39.8998,-79.69782,2419
East York,PA,39.97371,-76.68636,8777
Eastwick,PA,39.89039,-75.2424,5398
Eddystone,PA,39.86011,-75.34436,2407
Elmwood,PA,39.91789,-75.22796,16988
Fairchance,PA,39.8248,-79.75449,1932
Fairdale,PA,39.88702,-79.96811,2059
Fairfield,PA,39.78732,-77.3686,509
Fairmount,PA,39.97233,-75.18101,9246
Fayetteville,PA,39.9112,-77.54999,3128
Felton,PA,39.85482,-76.56441,505
Farmington,PA,39.8073,-79.5656,767
Fishtown,PA,39.96511,-75.13545,16307
Folsom,PA,39.88983,-75.32519,8323
Folcroft,PA,39.89095,-75.2838,6637
Fort Loudon,PA,39.91481,-77.90472,886
Gap,PA,39.98732,-76.02051,1931
Garden Court,PA,39.95309,-75.22141,2902
Georgetown,PA,41.2273,-75.86881,1640
Gettysburg,PA,39.83093,-77.2311,7608
Girard Estate,PA,39.92345,-75.18462,11259
Glen Rock,PA,39.79316,-76.73025,2031
Glenolden,PA,39.90011,-75.28907,7173
Grantley,PA,39.94038,-76.72913,3628
Grays Ferry,PA,39.93511,-75.19212,14838
Greencastle,PA,39.79037,-77.72777,4043
Guilford Siding,PA,39.86537,-77.61249,1939
Haddington,PA,39.96578,-75.23764,20073
Hampton,PA,39.92954,-77.05831,632
Hanover,PA,39.80066,-76.98304,15496
Hartranft,PA,39.98483,-75.14712,19748
Havertown,PA,39.98095,-75.30852,50430
Hawthorne,PA,39.93595,-75.16712,2377
Heidlersburg,PA,39.94926,-77.14609,707
Hopwood,PA,39.87702,-79.70199,2090
Hyndman,PA,39.82314,-78.71807,910
Hunterstown,PA,39.88232,-77.16026,547
Jacobus,PA,39.88316,-76.71052,1848
Jefferson,PA,39.81732,-76.84164,737
Kennett Square,PA,39.84678,-75.7116,6167
Kensington,PA,39.98595,-75.13184,5590
Kingsessing,PA,39.93678,-75.22963,19668
Lake Heritage,PA,39.80954,-77.18387,1333
Lake Meade,PA,39.9851,-77.0372,2563
Lampeter,PA,39.9901,-76.23968,1669
Landenberg,PA,39.77733,-75.77133,11757
Lansdowne,PA,39.93817,-75.27185,10639
Lemont Furnace,PA,39.91424,-79.66976,827
Lima,PA,39.91733,-75.44047,2735
Linwood,PA,39.8265,-75.42547,3281
Littlestown,PA,39.74454,-77.08804,4478
Loganville,PA,39.85566,-76.70747,1232
Ludlow,PA,39.97206,-75.14629,2060
Luzerne,PA,41.28564,-75.90103,2850
Mantua,PA,39.96261,-75.19129,6829
Marcus Hook,PA,39.81928,-75.41853,2397
Marion,PA,39.85731,-77.69527,953
Masontown,PA,39.84674,-79.89978,3399
Mather,PA,39.9348,-80.07367,737
McConnellsburg,PA,39.93259,-77.99889,1048
McSherrystown,PA,39.80732,-77.01137,3067
Media,PA,39.91678,-75.38769,5363
Mercersburg,PA,39.82787,-77.90333,1558
Meyersdale,PA,39.81369,-79.02475,2082
Midway,PA,39.80843,-77.00276,2125
Milford,PA,39.95313,-79.10419,1222
Mill Creek,PA,39.96622,-75.21546,8324
Millbourne,PA,39.96345,-75.25018,1162
Millersville,PA,39.99788,-76.35413,8420
Millsboro,PA,39.98674,-79.99366,666
Modena,PA,39.96201,-75.80026,528
Mont Alto,PA,39.84426,-77.55832,1733
Morrisville,PA,40.2115,-74.78794,8605
Morton,PA,40.04178,-75.18296,6338
Mount Morris,PA,39.73313,-80.06784,737
Mount Pleasant,PA,40.06011,-75.18295,5163
Nemacolin,PA,39.87841,-79.92478,937
New Freedom,PA,39.73788,-76.70136,4585
New Oxford,PA,39.86371,-77.05581,1796
New Salem,PA,39.90149,-76.78942,777
North York,PA,39.97815,-76.73302,2029
Northern Liberties,PA,39.96595,-75.14629,5966
Norwood,PA,39.89178,-75.29963,5898
Old City,PA,39.9465,-75.14684,6197
Oliver,PA,39.91869,-79.71782,2535
Overbrook,PA,39.98928,-75.24324,32181
Oxford,PA,39.78539,-75.97883,5385
Parkesburg,PA,39.95872,-75.91939,3687
Parkside,PA,39.86428,-75.37853,2334
Parkville,PA,39.78121,-76.96331,6706
Paschall,PA,39.92428,-75.23852,12450
Pen Mar,PA,39.72037,-77.50666,929
Penn Wynne,PA,39.98622,-75.27546,5697
Pennsport,PA,39.92761,-75.15045,26000
Pennville,PA,39.78954,-76.99804,1947
Philadelphia,PA,39.95238,-75.16362,1573916
Point Breeze,PA,39.93345,-75.17796,16977
Point Marion,PA,39.73897,-79.89867,1140
Poplar,PA,39.96539,-75.15379,4450
Prospect Park,PA,39.88789,-75.30824,6481
Quarryville,PA,39.89705,-76.16357,2736
Queen Village,PA,39.93428,-75.14851,6077
Red Lion,PA,39.90093,-76.6058,6321
Republic,PA,39.96258,-79.87671,1096
Port Richmond,PA,39.99345,-75.10017,27554
Ridley Park,PA,39.88122,-75.3238,7035
Rittenhouse,PA,39.94845,-75.17212,21582
Rockwood,PA,40.38037,-76.45107,941
Rose Valley,PA,39.89622,-75.38491,949
Rouzerville,PA,39.73676,-77.53499,917
Rutledge,PA,39.90178,-75.32852,795
Salisbury,PA,39.75286,-79.08086,697
Schuylkill,PA,39.94233,-75.18712,1983
Scotland,PA,39.9687,-77.58721,1395
Seven Valleys,PA,39.85566,-76.76858,506
Sharon Hill,PA,39.9065,-75.27157,5702
Shiloh,PA,39.97815,-76.79719,11218
Shrewsbury,PA,39.76871,-76.67969,3863
Smithfield,PA,39.80313,-79.80783,859
Smock,PA,39.99813,-79.7831,583
South Connellsville,PA,39.99674,-79.58587,1935
South Coatesville,PA,39.97427,-75.81995,1435
South Uniontown,PA,39.89285,-79.74699,1360
Southwest Center City Philadelphia,PA,39.94281,-75.18086,11228
Southwest Schuylkill,PA,39.94483,-75.20379,8666
Spring Grove,PA,39.87454,-76.86581,2168
Springfield,PA,39.93067,-75.32019,23363
Spruce Hill,PA,39.95273,-75.21034,9935
Spry,PA,39.91843,-76.68497,4891
State Line,PA,39.72482,-77.72444,2709
Stewartstown,PA,39.75371,-76.59136,2305
Stonybrook,PA,39.98704,-76.64413,2384
Strasburg,PA,39.98316,-76.18412,2906
Strawberry Mansion,PA,39.98345,-75.18268,15778
Susquehanna Trails,PA,39.75872,-76.36802,2264
Swarthmore,PA,39.90206,-75.34991,6211
Thorndale,PA,39.99288,-75.74522,3407
Toughkenamon,PA,39.8315,-75.75744,1492
Trainer,PA,39.82761,-75.41436,1844
Uniontown,PA,39.90008,-79.71643,9990
University City,PA,39.95071,-75.19476,17578
Upland,PA,39.85261,-75.38269,3251
Valley View,PA,39.9501,-76.70108,2817
Wakefield,PA,39.77372,-76.17912,609
Washington Boro,PA,39.9926,-76.46719,729
Wayne Heights,PA,39.74371,-77.55388,2545
Waynesboro,PA,39.75593,-77.57777,10848
Waynesburg,PA,39.89646,-80.17923,4045
Weigelstown,PA,39.98371,-76.82247,12875
West Chester,PA,39.96097,-75.60804,19842
West Grove,PA,39.82205,-75.82744,2859
West Kensington,PA,39.9865,-75.13907,11532
West York,PA,39.9526,-76.75136,4569
Westwood,PA,39.97177,-75.85328,950
Wharton,PA,39.92678,-75.15712,49732
Whitman,PA,39.91678,-75.15546,49732
Willow Street,PA,39.97927,-76.27635,7578
Windsor,PA,39.91621,-76.58441,1480
Winterstown,PA,39.83538,-76.61802,625
Woodlyn,PA,39.87233,-75.33713,9485
Yoe,PA,39.90899,-76.63691,1011
York,PA,39.9626,-76.72774,43992
Yeadon,PA,39.939,-75.25546,11523
Yorklyn,PA,39.99232,-76.64635,1912
Yorktown,PA,39.97345,-75.15296,5909
Abbeville,SC,34.17817,-82.37901,5191
Aiken,SC,33.56042,-81.71955,30604
Allendale,SC,33.00793,-81.30844,3126
Anderson,SC,34.50344,-82.65013,27335
Andrews,SC,33.45128,-79.5609,2888
Arcadia,SC,34.95818,-81.99066,2634
Arcadia Lakes,SC,34.05377,-80.9612,869
Arial,SC,34.84595,-82.64152,2543
Awendaw,SC,33.03767,-79.61313,1371
Aynor,SC,33.99989,-79.19949,667
Bamberg,SC,33.2971,-81.03482,3383
Barnwell,SC,33.24487,-81.35872,4592
Batesburg,SC,33.90792,-81.54733,4380
Batesburg-Leesville,SC,33.91014,-81.53733,5441
Beaufort,SC,32.4317,-80.66993,13306
Belton,SC,34.52289,-82.49429,4336
Belvedere,SC,33.53097,-81.94484,5792
Bennettsville,SC,34.61738,-79.68478,8605
Berea,SC,34.8854,-82.45596,14295
Bishopville,SC,34.21821,-80.24841,3274
Blackville,SC,33.35793,-81.27066,2295
Blacksburg,SC,35.12124,-81.51592,1883
Bluffton,SC,32.23715,-80.86039,16728
Blythewood,SC,34.21432,-80.97398,2782
Boiling Springs,SC,35.04651,-81.98177,8219
Bonneau,SC,33.30545,-79.95786,505
Bonneau Beach,SC,33.31989,-80.00036,1929
Bowman,SC,33.34877,-80.68287,934
Branchville,SC,33.25127,-80.81565,989
Briarcliffe Acres,SC,33.78489,-78.74252,529
Brookdale,SC,33.50682,-80.82342,4873
Brunson,SC,32.92544,-81.18733,523
Bucksport,SC,33.66489,-79.10254,876
Buffalo,SC,34.72569,-81.68343,1266
Burnettown,SC,33.51541,-81.849,2673
Burton,SC,32.43575,-80.724,6976
Calhoun Falls,SC,34.09234,-82.59569,1964
Camden,SC,34.24654,-80.60702,7085
Campobello,SC,35.11567,-82.15011,526
Cane Savannah,SC,33.90182,-80.45036,1117
Catawba,SC,34.85292,-80.91119,1343
Cayce,SC,33.96571,-81.07398,13619
Centerville,SC,34.53205,-82.70402,6586
Central,SC,34.72427,-82.78125,5167
Chapin,SC,34.16598,-81.34982,1554
Charleston,SC,32.77632,-79.93275,132609
Cheraw,SC,34.69766,-79.8834,5778
Cherryvale,SC,33.95571,-80.45814,2496
Chesnee,SC,35.14845,-81.86094,899
Chesterfield,SC,34.73599,-80.08812,1452
Chester,SC,34.70486,-81.21426,5486
City View,SC,34.86151,-82.43151,1345
Clearwater,SC,33.4968,-81.89206,4370
Clemson,SC,34.68344,-82.83737,15446
Clifton,SC,34.97957,-81.81788,541
Clinton,SC,34.47263,-81.88066,8637
Clio,SC,34.57961,-79.54644,689
Clover,SC,35.11125,-81.22646,5744
Columbia,SC,34.00071,-81.03481,142416
Converse,SC,34.99207,-81.83483,608
Conway,SC,33.836,-79.04781,21053
Cottageville,SC,32.93684,-80.48094,738
Coward,SC,33.97322,-79.74701,750
Cowpens,SC,35.01679,-81.80399,2267
Dalzell,SC,34.01682,-80.43008,3059
Darlington,SC,34.29988,-79.87617,6155
Denmark,SC,33.32265,-81.14232,3315
Dentsville,SC,34.06404,-80.95815,14062
Dillon,SC,34.41655,-79.37116,6677
Due West,SC,34.33345,-82.3879,1239
Duncan,SC,34.9379,-82.14511,3317
Dunean,SC,34.82484,-82.41929,3671
Easley,SC,34.82984,-82.60152,20765
East Gaffney,SC,35.08013,-81.63287,3085
East Sumter,SC,33.92544,-80.29619,1343
Eastover,SC,33.87682,-80.69287,817
Edgefield,SC,33.78958,-81.92956,4760
Edisto,SC,33.47654,-80.8987,2559
Ehrhardt,SC,33.09683,-81.01427,507
Elgin,SC,34.67293,-80.71896,2607
Elloree,SC,33.53099,-80.57203,681
Enoree,SC,34.65652,-81.9651,665
Estill,SC,32.75489,-81.24205,1950
Eureka Mill,SC,34.71764,-81.1937,1476
Fair Play,SC,34.51121,-82.98543,687
Fairfax,SC,32.95905,-81.2365,1822
Fairforest,SC,34.95651,-82.01011,1693
Five Forks,SC,34.80484,-82.22956,14140
Florence,SC,34.19543,-79.76256,38228
Folly Beach,SC,32.65518,-79.94037,2774
Forest Acres,SC,34.01932,-80.98981,10615
Forestbrook,SC,33.72239,-78.95809,4612
Fort Lawn,SC,34.70209,-80.8948,867
Fort Mill,SC,35.00737,-80.94508,13662
Fountain Inn,SC,34.68901,-82.19567,8317
Gadsden,SC,33.84571,-80.76592,1632
Gaffney,SC,35.07179,-81.64982,12566
Gantt,SC,34.80012,-82.42429,14229
Garden City,SC,33.59295,-79.00865,9209
Gaston,SC,33.8171,-81.10093,1658
Gayle Mill,SC,34.70208,-81.24009,913
Georgetown,SC,33.37683,-79.2945,9062
Gilbert,SC,33.92431,-81.39371,604
Gloverville,SC,33.52597,-81.83011,2831
Golden Grove,SC,34.73401,-82.44374,2467
Goose Creek,SC,32.98101,-80.03259,40633
Graniteville,SC,33.56375,-81.80789,2614
Gray Court,SC,34.60818,-82.11344,791
Great Falls,SC,34.57514,-80.90202,1932
Greenville,SC,34.85262,-82.39401,64579
Greenwood,SC,34.1954,-82.16179,23260
Greer,SC,34.93873,-82.22706,28365
Hampton,SC,32.87794,-81.12761,2664
Hanahan,SC,32.91851,-80.02203,17997
Hardeeville,SC,32.28714,-81.08067,5301
Harleyville,SC,33.21461,-80.44787,694
Hartsville,SC,34.37404,-80.0734,7826
Heath Springs,SC,34.59321,-80.67535,900
Hilton Head Island,SC,32.19382,-80.73816,40512
Hilton Head,SC,32.21632,-80.75261,37099
Holly Hill,SC,33.32266,-80.4137,1237
Hollywood,SC,32.73434,-80.24177,4962
Honea Path,SC,34.4465,-82.39151,3707
Homeland Park,SC,34.47066,-82.67069,6296
Hopkins,SC,33.90432,-80.87703,2882
India Hook,SC,35.00737,-81.02174,3328
Inman,SC,35.04706,-82.09011,2273
Inman Mills,SC,35.04151,-82.10428,1050
Irmo,SC,34.08598,-81.18315,12056
Irwin,SC,34.69376,-80.82229,1405
Isle of Palms,SC,32.78684,-79.7948,4133
Iva,SC,34.3065,-82.66374,1278
Jackson,SC,33.32542,-81.78789,1762
Jefferson,SC,34.65015,-80.38896,745
Joanna,SC,34.41491,-81.8124,1539
Johnsonville,SC,33.81794,-79.44922,1504
Johnston,SC,33.83208,-81.80094,2348
Jonesville,SC,34.83597,-81.68093,864
Judson,SC,34.83317,-82.42762,2050
Kershaw,SC,34.55182,-80.58368,2052
Kiawah Island,SC,32.60824,-80.08482,1749
Kingstree,SC,33.66766,-79.83063,3183
Ladson,SC,32.98573,-80.10981,13790
Lake City,SC,33.871,-79.75535,6788
Lake Secession,SC,34.28455,-82.59457,1083
Lake View,SC,34.34572,-79.16559,790
Lake Wylie,SC,35.10848,-81.04285,8841
Lakewood,SC,33.84683,-80.35008,3032
Lamar,SC,34.16877,-80.06257,971
Lancaster,SC,34.72043,-80.7709,8956
Lancaster Mill,SC,34.70931,-80.79479,1978
Landrum,SC,35.17511,-82.18928,2493
Langley,SC,33.51791,-81.844,1447
Latta,SC,34.3371,-79.43116,1351
Laurel Bay,SC,32.45019,-80.78483,5891
Laurens,SC,34.49901,-82.01426,9166
Leesville,SC,33.91653,-81.51344,2235
Lesslie,SC,34.8907,-80.95647,3112
Lexington,SC,33.98154,-81.23621,20138
Liberty,SC,34.78789,-82.69236,3246
Lincolnville,SC,33.00684,-80.15537,1211
Little River,SC,33.87323,-78.61418,8960
Loris,SC,34.05628,-78.8903,2591
Lydia,SC,34.28904,-80.11229,642
Lyman,SC,34.94817,-82.12733,3423
Manning,SC,33.69516,-80.21091,4037
Marion,SC,34.17822,-79.40061,6714
Mauldin,SC,34.77873,-82.31012,25135
Mayesville,SC,33.98766,-80.20813,728
Mayo,SC,35.08401,-81.85983,1592
McBee,SC,34.46904,-80.2559,855
McClellanville,SC,33.08822,-79.46117,530
McColl,SC,34.66877,-79.54533,2068
McCormick,SC,33.91346,-82.29346,2578
Meggett,SC,32.71796,-80.23899,1315
Millwood,SC,33.91294,-80.37897,885
Moncks Corner,SC,33.19632,-80.01429,9873
Mount Pleasant,SC,32.79407,-79.86259,81317
Mulberry,SC,33.9521,-80.33286,529
Mullins,SC,34.20572,-79.25449,4519
Murphys Estates,SC,33.60125,-81.94428,1441
Murrells Inlet,SC,33.551,-79.04143,7547
Myrtle Beach,SC,33.68906,-78.88669,31035
New Ellenton,SC,33.42153,-81.68567,2121
Newberry,SC,34.27458,-81.61872,10331
Newport,SC,34.98986,-81.10091,4136
Ninety Six,SC,34.17513,-82.02401,2048
Norris,SC,34.76011,-82.75375,819
North,SC,33.61571,-81.10204,742
North Augusta,SC,33.5018,-81.96512,22522
North Charleston,SC,32.85462,-79.97481,108304
North Hartsville,SC,34.39377,-80.06951,3251
North Myrtle Beach,SC,33.81601,-78.68002,15579
Northlake,SC,34.56622,-82.68402,3745
Oak Grove,SC,33.9809,-81.14286,10291
Oakland,SC,33.98293,-80.48842,1232
Olanta,SC,33.93544,-79.93257,570
Orangeburg,SC,33.49182,-80.85565,13460
Pacolet,SC,34.89902,-81.76177,2352
Pacolet Mills,SC,34.92263,-81.7426,956
Pageland,SC,34.77321,-80.39173,2746
Pamplico,SC,33.996,-79.57006,1245
Parker,SC,34.85067,-82.45346,11431
Pelion,SC,33.76321,-81.24482,704
Pendleton,SC,34.65177,-82.78375,3152
Pickens,SC,34.88345,-82.70736,3173
Piedmont,SC,34.70234,-82.46457,5103
Pineridge,SC,33.91043,-81.10454,2064
Pinewood,SC,33.74044,-80.46342,537
Pinopolis,SC,33.22656,-80.03758,948
Port Royal,SC,32.37896,-80.69265,12122
Powdersville,SC,34.79178,-82.49291,7618
Privateer,SC,33.83321,-80.41425,2349
Promised Land,SC,34.12845,-82.23957,511
Prosperity,SC,34.20931,-81.53316,1200
Quinby,SC,34.23654,-79.73451,943
Ravenel,SC,32.76323,-80.2501,2600
Red Bank,SC,33.93209,-81.23843,9617
Red Hill,SC,33.99961,-79.2581,13223
Reidville,SC,34.8629,-82.11427,619
Ridge Spring,SC,33.84542,-81.66177,746
Ridgeland,SC,32.48074,-80.98039,3999
Ridgeville,SC,33.09572,-80.31537,1836
Riverview,SC,35.00265,-80.9798,681
Rock Hill,SC,34.92487,-81.02508,71548
Roebuck,SC,34.87957,-81.96621,2200
Saint Andrews,SC,34.043,-81.101,21151
Saint George,SC,33.186,-80.57565,2084
Saint Matthews,SC,33.66488,-80.77787,2021
Saint Stephen,SC,33.40433,-79.92174,1697
Saluda,SC,34.00152,-81.77205,3596
Sangaree,SC,33.03545,-80.12787,8220
Sans Souci,SC,34.8779,-82.42401,7869
Santee,SC,33.47516,-80.48648,935
Saxon,SC,34.96123,-81.96733,3424
Scranton,SC,33.91766,-79.74396,863
Seabrook Island,SC,32.57713,-80.17065,1844
Seneca,SC,34.68566,-82.9532,8279
Seven Oaks,SC,34.04876,-81.14648,15144
Sharon,SC,34.95097,-81.34092,554
Shell Point,SC,32.78907,-80.10676,2817
Simpsonville,SC,34.73706,-82.25428,20736
Six Mile,SC,34.80733,-82.8207,683
Socastee,SC,33.6835,-78.99837,19952
Society Hill,SC,34.51266,-79.8509,548
South Congaree,SC,33.91099,-81.13565,2388
South Sumter,SC,33.881,-80.345,2411
Southern Shops,SC,34.98595,-81.99455,3767
Spartanburg,SC,34.94957,-81.93205,37867
Springdale,SC,33.95932,-81.10898,2783
Springfield,SC,33.49682,-81.27927,503
Startex,SC,34.92845,-82.099,859
Stateburg,SC,33.95765,-80.53481,1380
Sullivans Island,SC,32.76323,-79.83675,1791
Summerton,SC,33.60822,-80.3512,965
Summerville,SC,33.0185,-80.17565,48848
Sumter,SC,33.92044,-80.34147,40816
Surfside Beach,SC,33.606,-78.97309,4280
Swansea,SC,33.73821,-81.09787,891
Taylors,SC,34.92039,-82.29623,21617
Tega Cay,SC,35.02431,-81.02785,9608
Tigerville,SC,35.06845,-82.36845,1312
Timmonsville,SC,34.13488,-79.93979,2378
Travelers Rest,SC,34.96762,-82.44345,4994
Turbeville,SC,33.89072,-80.01841,804
Union,SC,34.71541,-81.62371,8045
Utica,SC,34.67816,-82.93154,1489
Valley Falls,SC,35.01595,-81.97483,6299
Varnville,SC,32.85044,-81.07927,2067
Wade Hampton,SC,34.90373,-82.33317,20622
Wagener,SC,33.65237,-81.36121,822
Walhalla,SC,34.76482,-83.06404,4251
Wallace,SC,34.72016,-79.84145,892
Walterboro,SC,32.90517,-80.66677,5278
Ware Shoals,SC,34.39845,-82.24679,2175
Warrenville,SC,33.55097,-81.804,1233
Wedgefield,SC,33.89266,-80.51814,1615
Wedgewood,SC,33.88377,-80.51258,1628
Welcome,SC,34.82651,-82.43901,6668
Wellford,SC,34.95095,-82.10594,2526
West Columbia,SC,33.99349,-81.07398,16060
West Pelzer,SC,34.64484,-82.47013,906
Westminster,SC,34.66482,-83.09654,2484
Whitmire,SC,34.50291,-81.61149,1462
Wilkinson Heights,SC,33.5021,-80.83315,2493
Williamston,SC,34.61845,-82.47791,4124
Williston,SC,33.40265,-81.42011,3028
Winnsboro,SC,34.3807,-81.08648,3351
Winnsboro Mills,SC,34.36181,-81.08537,1898
Woodfield,SC,34.05932,-80.93092,9303
Woodruff,SC,34.73957,-82.03705,4129
Yemassee,SC,32.69018,-80.85066,981
York,SC,34.9943,-81.24202,8009
Adams,TN,36.58227,-87.06556,656
Adamsville,TN,35.23591,-88.3906,2239
Alamo,TN,35.78479,-89.11729,2487
Alcoa,TN,35.78953,-83.97379,9316
Alexandria,TN,36.07756,-86.03332,976
Algood,TN,36.19589,-85.44858,3725
Allardt,TN,36.3809,-84.88439,631
Altamont,TN,35.42952,-85.72303,1027
Apison,TN,35.02396,-85.02384,2469
Ardmore,TN,34.99203,-86.84667,1213
Arlington,TN,35.2962,-89.66147,11625
Ashland City,TN,36.27422,-87.06417,4649
Athens,TN,35.44285,-84.59299,13688
Atwood,TN,35.97312,-88.67811,918
Atoka,TN,35.44119,-89.77814,9064
Banner Hill,TN,36.13066,-82.42458,1497
Bartlett,TN,35.20453,-89.87398,58579
Baxter,TN,36.15367,-85.64359,1384
Bean Station,TN,36.3437,-83.28406,3104
Bell Buckle,TN,35.59174,-86.35416,517
Belle Meade,TN,36.09589,-86.85694,3004
Bells,TN,35.71118,-89.08756,2447
Benton,TN,35.17424,-84.65355,1292
Berry Hill,TN,36.117,-86.76639,547
Bethel Springs,TN,35.23369,-88.60644,713
Big Sandy,TN,36.23478,-88.08531,542
Blaine,TN,36.15425,-83.70407,1867
Bloomingdale,TN,36.58455,-82.48932,9888
Blountville,TN,36.53316,-82.32681,3074
Bluff City,TN,36.47427,-82.26097,1723
Bolivar,TN,35.25619,-88.98784,5093
Bon Aqua Junction,TN,35.92784,-87.31084,1230
Bradford,TN,36.07645,-88.81006,1011
Brentwood,TN,36.03312,-86.78278,41763
Brentwood Estates,TN,36.02506,-86.77917,31279
Brighton,TN,35.48397,-89.72508,2996
Bristol,TN,36.59511,-82.18874,26666
Brownsville,TN,35.59397,-89.26229,9876
Bruceton,TN,36.03812,-88.24449,1434
Bulls Gap,TN,36.25704,-83.086,724
Burns,TN,36.05339,-87.31251,1473
Byrdstown,TN,36.57451,-85.12884,814
Camden,TN,36.05895,-88.09782,3575
Carthage,TN,36.25228,-85.95165,2278
Caryville,TN,36.29897,-84.22326,2200
Castalian Springs,TN,36.39366,-86.30805,556
Celina,TN,36.55006,-85.50525,1494
Centerville,TN,35.77896,-87.46696,3584
Central,TN,35.80369,-89.5373,2686
Chapel Hill,TN,35.62646,-86.69333,1467
Charleston,TN,35.2873,-84.75827,676
Charlotte,TN,36.17728,-87.33973,1506
Chattanooga,TN,35.04563,-85.30968,181099
Christiana,TN,35.71007,-86.39944,9830
Chuckey,TN,36.21594,-82.68821,9560
Church Hill,TN,36.52232,-82.71349,6719
Clarkrange,TN,36.1834,-85.01746,575
Clarksville,TN,36.52977,-87.35945,166722
Cleveland,TN,35.15952,-84.87661,43898
Clifton,TN,35.38702,-87.99531,2663
Clinton,TN,36.10341,-84.13186,10049
Coalfield,TN,36.02897,-84.42076,2463
Coalmont,TN,35.33758,-85.70414,821
Collegedale,TN,35.05313,-85.05023,10743
Collierville,TN,35.04204,-89.66453,48863
Collinwood,TN,35.17425,-87.7378,973
Colonial Heights,TN,36.4851,-82.5032,6934
Columbia,TN,35.61507,-87.03528,36800
Condon,TN,36.18119,-83.7938,1866
Cookeville,TN,36.16284,-85.50164,32113
Coopertown,TN,36.43755,-86.96722,4401
Cornersville,TN,35.36146,-86.83972,1222
Covington,TN,35.56425,-89.64647,9036
Cowan,TN,35.16453,-86.01054,1704
Crab Orchard,TN,35.90924,-84.878,759
Cross Plains,TN,36.54866,-86.69611,1722
Crossville,TN,35.94896,-85.0269,11411
Crump,TN,35.22175,-88.31809,1400
Dandridge,TN,36.01537,-83.41489,2924
Dayton,TN,35.49396,-85.01245,7384
Decatur,TN,35.51479,-84.79022,1575
Decaturville,TN,35.58424,-88.11948,869
Decherd,TN,35.2098,-86.07943,2424
Dickson,TN,36.077,-87.38779,15359
Dodson Branch,TN,36.31256,-85.5322,1074
Dover,TN,36.48783,-87.83836,1457
Doyle,TN,35.85312,-85.51248,545
Dresden,TN,36.29145,-88.70811,2898
Dunlap,TN,35.37146,-85.39052,5108
Dyer,TN,36.06673,-88.99395,2274
Dyersburg,TN,36.03452,-89.38563,16781
Eagleton Village,TN,35.79508,-83.93185,5052
Eagleville,TN,35.74173,-86.64972,651
East Brainerd,TN,34.99591,-85.15023,15114
East Chattanooga,TN,35.06535,-85.24912,154024
East Cleveland,TN,35.16091,-84.85772,1608
East Ridge,TN,35.01424,-85.2519,20979
Eastview,TN,35.07564,-88.54533,697
Elizabethton,TN,36.34872,-82.21069,13772
Elkton,TN,35.05231,-86.88862,565
Ellendale,TN,35.23064,-89.82592,25882
Englewood,TN,36.36673,-89.15479,1611
Erin,TN,36.31839,-87.69474,1295
Erwin,TN,36.14511,-82.41681,5979
Estill Springs,TN,35.27064,-86.12804,2044
Etowah,TN,35.32341,-84.52493,3500
Fair Garden,TN,35.90231,-83.41294,529
Fairfield Glade,TN,36.00035,-84.88634,6989
Fairmount,TN,35.18146,-85.32357,2825
Fairview,TN,35.98201,-87.1214,8331
Fall Branch,TN,36.41816,-82.62376,1291
Falling Water,TN,35.20312,-85.25357,1232
Farragut,TN,35.88452,-84.15353,21919
Fayetteville,TN,35.15203,-86.57055,7121
Fincastle,TN,36.4098,-84.0477,1618
Flintville,TN,35.06259,-86.41971,627
Forest Hills,TN,36.06839,-86.84417,5039
Franklin,TN,35.92506,-86.86889,72639
Friendship,TN,35.90896,-89.24535,668
Friendsville,TN,35.76036,-84.13575,920
Gainesboro,TN,36.35561,-85.65887,955
Gallaway,TN,35.32592,-89.61619,658
Gallatin,TN,36.38838,-86.44666,34334
Gates,TN,35.83841,-89.40618,627
Gatlinburg,TN,35.71453,-83.51189,4184
Germantown,TN,35.08676,-89.81009,39240
Gleason,TN,36.21367,-88.61255,1407
Goodlettsville,TN,36.32311,-86.71333,16994
Gordonsville,TN,36.17256,-85.92971,1204
Gray,TN,36.41983,-82.47654,1222
Graysville,TN,35.44701,-85.0844,1515
Green Hill,TN,36.22283,-86.54944,6618
Greenback,TN,35.66119,-84.17214,1110
Greenbrier,TN,36.42755,-86.80472,6745
Greeneville,TN,36.16316,-82.83099,15094
Greenfield,TN,36.1534,-88.80062,2120
Grimsley,TN,36.26701,-84.9844,1167
Gruetli-Laager,TN,35.3723,-85.61803,1776
Halls,TN,35.87563,-89.39618,2178
Harriman,TN,35.93396,-84.55244,6224
Harrison,TN,35.11368,-85.13801,7769
Harrogate,TN,36.5823,-83.65686,4388
Hartsville,TN,36.39088,-86.16721,2435
Helenwood,TN,36.4298,-84.54411,865
Henderson,TN,35.43924,-88.64144,6552
Hendersonville,TN,36.30477,-86.62,56018
Henning,TN,35.67286,-89.57341,916
Hermitage,TN,36.19617,-86.6225,37814
Hickory Withe,TN,35.24398,-89.58869,2973
Hohenwald,TN,35.54785,-87.55196,3667
Hollow Rock,TN,36.03812,-88.27366,697
Hopewell,TN,35.23479,-84.888,1874
Humboldt,TN,35.81979,-88.9159,8313
Hunter,TN,36.37178,-82.15874,1854
Huntingdon,TN,36.00062,-88.42811,3926
Huntland,TN,35.0512,-86.26971,855
Huntsville,TN,36.4098,-84.49049,1233
Jacksboro,TN,36.33008,-84.18382,1951
Jackson,TN,35.61452,-88.81395,66975
Jamestown,TN,36.42757,-84.93189,1947
Jasper,TN,35.07424,-85.62608,3312
Jefferson City,TN,36.12231,-83.4924,8504
Jellico,TN,36.58786,-84.12687,2262
Johnson City,TN,36.31344,-82.35347,66027
Johnsonville,TN,36.06006,-87.95281,1748
Jonesborough,TN,36.29427,-82.47348,5291
Kenton,TN,36.20229,-89.01229,1224
Kimball,TN,35.04786,-85.67191,1401
Kingsport,TN,36.54843,-82.56182,53014
Kingston,TN,35.88091,-84.50854,5846
Kingston Springs,TN,36.102,-87.11501,2770
Knoxville,TN,35.96064,-83.92074,190740
La Vergne,TN,36.01562,-86.58194,34794
LaFollette,TN,36.38286,-84.11993,7456
Lafayette,TN,36.52116,-86.02637,4991
Rocky Top,TN,36.21786,-84.15465,1781
Lake Tansi,TN,35.87285,-85.0544,3803
Lakeland,TN,35.23064,-89.74036,12553
Lakesite,TN,35.20868,-85.1269,1865
Lakewood,TN,36.24311,-86.63555,2302
Lawrenceburg,TN,35.2423,-87.33474,10569
Lebanon,TN,36.20811,-86.2911,30262
Lenoir City,TN,35.7973,-84.25603,9091
Lewisburg,TN,35.44924,-86.78889,11480
Lexington,TN,35.6509,-88.39338,7822
Linden,TN,35.61729,-87.83947,908
Livingston,TN,36.3834,-85.32302,4071
Lobelville,TN,35.77201,-87.78391,898
Lone Oak,TN,35.20063,-85.36413,1206
Lookout Mountain,TN,34.99424,-85.3494,1884
Loretto,TN,35.07786,-87.43974,1747
Loudon,TN,35.73285,-84.33381,5731
Louisville,TN,35.82175,-84.04796,4092
Luttrell,TN,36.19953,-83.74185,1082
Lyles,TN,35.91979,-87.34501,734
Lynchburg,TN,35.28314,-86.37416,6132
Madisonville,TN,35.5198,-84.36353,4783
Manchester,TN,35.48174,-86.0886,10517
Martin,TN,36.3434,-88.85034,10959
Maryville,TN,35.75647,-83.97046,28464
Mascot,TN,36.0612,-83.74573,2411
Mason,TN,35.41175,-89.53285,1597
Maury City,TN,35.8148,-89.22562,675
Maynardville,TN,36.25064,-83.79741,2355
McEwen,TN,36.10784,-87.63307,1703
McKenzie,TN,36.13256,-88.51866,5296
McMinnville,TN,35.6834,-85.76998,13759
Medina,TN,35.80285,-88.77478,4124
Memphis,TN,35.14953,-90.04898,633104
Michie,TN,35.0562,-88.43532,589
Middle Valley,TN,35.1959,-85.18468,12684
Middleton,TN,35.06453,-88.89089,660
Midway,TN,36.30011,-82.42375,2491
Midtown,TN,35.87952,-84.5641,1360
Milan,TN,35.91979,-88.75895,7813
Millersville,TN,36.37116,-86.71,6700
Millington,TN,35.34147,-89.89731,11027
Minor Hill,TN,35.05536,-87.15751,527
Monteagle,TN,35.24008,-85.8397,1177
Monterey,TN,36.14756,-85.2683,2860
Mooresburg,TN,36.34648,-83.22823,941
Morrison,TN,35.60285,-85.91971,699
Morristown,TN,36.21398,-83.29489,29478
Moscow,TN,35.06203,-89.40396,532
Mosheim,TN,36.18954,-82.95849,2343
Mount Carmel,TN,36.54538,-82.66099,5425
Mount Juliet,TN,36.20005,-86.51861,31540
Mount Pleasant,TN,35.53424,-87.20695,4790
Mountain City,TN,36.47456,-81.80484,2475
Munford,TN,35.44925,-89.81508,6108
Murfreesboro,TN,35.84562,-86.39027,165430
Nashville,TN,36.16589,-86.78444,689447
New Hope,TN,35.00508,-85.6583,1067
New Johnsonville,TN,36.02117,-87.96698,1897
New Market,TN,36.10398,-83.55268,1365
New South Memphis,TN,35.08676,-90.05676,641608
New Tazewell,TN,36.44258,-83.59963,2957
New Union,TN,35.53258,-86.08082,1431
Newbern,TN,36.11285,-89.26174,3336
Newport,TN,35.96704,-83.18766,6834
Niota,TN,35.51341,-84.54521,718
Nolensville,TN,35.95229,-86.66944,6939
Norris,TN,36.19563,-84.06797,1651
Oak Grove,TN,36.41177,-82.42459,4425
Oak Hill,TN,36.08784,-86.78305,4700
Oak Ridge,TN,36.01036,-84.26964,29302
Oakland,TN,35.22898,-89.51508,7488
Obion,TN,36.25896,-89.19174,1074
Olivet,TN,35.21425,-88.20031,1350
Oliver Springs,TN,36.04452,-84.34437,3237
Oneida,TN,36.49813,-84.51272,3709
Ooltewah,TN,35.07507,-85.06217,687
Orlinda,TN,36.60088,-86.71666,887
Palmer,TN,35.35118,-85.56775,662
Paris,TN,36.302,-88.32671,10150
Park City,TN,35.08203,-86.57111,2442
Parsons,TN,35.64979,-88.1267,2337
Pegram,TN,36.10061,-87.05112,2108
Petersburg,TN,35.3198,-86.6375,548
Petros,TN,36.09591,-84.44243,583
Philadelphia,TN,35.67952,-84.40381,688
Pigeon Forge,TN,35.78842,-83.55433,6171
Pikeville,TN,35.60562,-85.18885,1636
Pine Crest,TN,36.27619,-84.12881,2633
Piperton,TN,35.04509,-89.62175,1629
Pittman Center,TN,35.75926,-83.39599,565
Pleasant Hill,TN,36.13311,-88.16726,600
Pleasant View,TN,36.39422,-87.03667,4295
Portland,TN,36.58171,-86.51638,12323
Powells Crossroads,TN,35.18952,-85.4858,1317
Pulaski,TN,35.1998,-87.03084,7617
Puryear,TN,36.44422,-88.33449,669
Red Bank,TN,35.11229,-85.29413,11769
Red Boiling Springs,TN,36.53339,-85.84998,1140
Riceville,TN,35.3848,-84.69299,670
Ridgely,TN,36.2634,-89.48785,1706
Ridgetop,TN,36.39505,-86.77944,2042
Ripley,TN,35.74536,-89.5298,8176
Roan Mountain,TN,36.19623,-82.0704,1360
Rockford,TN,35.82758,-83.94074,858
Rockwood,TN,35.86563,-84.68494,5425
Rogersville,TN,36.40732,-83.00544,4383
Rossville,TN,35.04842,-89.54258,768
Rural Hill,TN,36.114,-86.52,2007
Rutherford,TN,36.12757,-88.9859,1109
Rutledge,TN,36.28092,-83.5149,1187
Saint Joseph,TN,35.03619,-87.50669,782
Sale Creek,TN,35.38229,-85.10884,2845
Saltillo,TN,35.37785,-88.20948,505
Savannah,TN,35.2248,-88.2492,7027
Scotts Hill,TN,35.51507,-88.24532,984
Selmer,TN,35.17008,-88.59227,4488
Sevierville,TN,35.86815,-83.56184,16490
Sewanee,TN,35.20314,-85.92109,2311
Seymour,TN,35.89064,-83.72462,10919
Shackle Island,TN,36.3706,-86.61666,2844
Sharon,TN,36.2334,-88.82451,916
Shelbyville,TN,35.48341,-86.46027,21317
Signal Mountain,TN,35.12257,-85.34385,8528
Smithville,TN,35.96062,-85.81415,4640
Smyrna,TN,35.98284,-86.5186,46607
Sneedville,TN,36.52981,-83.2174,1346
Soddy-Daisy,TN,35.2359,-85.19079,13171
Somerville,TN,35.2437,-89.35007,3094
South Carthage,TN,36.242,-85.95193,1334
South Cleveland,TN,35.106,-84.89,6912
South Fulton,TN,36.50089,-88.87534,2261
South Pittsburg,TN,35.0123,-85.70441,3114
Sparta,TN,35.9259,-85.46414,5096
Speedwell,TN,36.45869,-83.87186,4278
Spencer,TN,35.74729,-85.46664,1634
Spring City,TN,35.69201,-84.86078,1995
Spring Hill,TN,35.75118,-86.93,36055
Springfield,TN,36.50921,-86.885,16808
Spurgeon,TN,36.43955,-82.4557,3957
Summertown,TN,35.4348,-87.31279,866
Sunbright,TN,36.24341,-84.66994,545
Surgoinsville,TN,36.47093,-82.85183,1788
Sweetwater,TN,35.60146,-84.46104,5931
Tazewell,TN,36.45425,-83.56935,2288
Telford,TN,36.24899,-82.54515,921
Tellico Plains,TN,35.36286,-84.29409,942
Tennessee Ridge,TN,36.312,-87.77336,1329
Thompson's Station,TN,35.80201,-86.91139,3801
Three Way,TN,35.7759,-88.8595,1681
Tiptonville,TN,36.3784,-89.47202,4352
Tracy City,TN,35.26036,-85.73608,1440
Trenton,TN,35.98062,-88.94145,4134
Trezevant,TN,36.01145,-88.62283,841
Trimble,TN,36.20312,-89.1909,623
Troy,TN,36.33868,-89.16396,1318
Tullahoma,TN,35.36202,-86.20943,19128
Tusculum,TN,36.1751,-82.75876,2666
Unicoi,TN,36.19539,-82.34958,3561
Union City,TN,36.42423,-89.05701,10573
Unionville,TN,35.62174,-86.5925,1368
Vonore,TN,35.59008,-84.24186,1493
Walden,TN,35.16479,-85.30135,2063
Walnut Grove,TN,36.48421,-86.61305,864
Walnut Hill,TN,36.56983,-82.2568,2394
Wartrace,TN,35.5273,-86.3336,659
Wartburg,TN,36.1048,-84.59716,904
Watertown,TN,36.10034,-86.13193,1517
Waverly,TN,36.08395,-87.79475,4090
Waynesboro,TN,35.31952,-87.76225,2390
Westmoreland,TN,36.56199,-86.24804,2291
White Bluff,TN,36.10756,-87.22084,3402
White House,TN,36.47032,-86.65138,11226
White Pine,TN,36.10759,-83.28683,2244
Whiteville,TN,35.32647,-89.14951,4523
Whitwell,TN,35.20146,-85.51913,1725
Wildwood Lake,TN,35.09202,-84.85439,3124
Wildwood,TN,35.8037,-83.87129,1098
Winchester,TN,35.18592,-86.11221,8539
Winfield,TN,36.55591,-84.4516,951
Woodbury,TN,35.82757,-86.07166,2762
Asherton,TX,28.44193,-99.76033,1084
Abilene,TX,32.44874,-99.73314,125182
Abram,TX,26.1998,-98.41113,2067
Addison,TX,32.96179,-96.82917,15518
Agua Dulce,TX,31.65511,-106.13887,3014
Alamo Heights,TX,29.48495,-98.46585,8038
Alamo,TX,26.18369,-98.12306,19246
Alba,TX,32.7929,-95.6344,510
Albany,TX,32.72345,-99.2973,2014
Aldine,TX,29.93245,-95.38021,15869
Aledo,TX,32.69596,-97.60225,3412
Alice,TX,27.75225,-98.06972,19408
Alief,TX,29.71106,-95.59633,98725
Allen,TX,33.10317,-96.67055,98143
Alto,TX,31.65045,-95.07272,1223
Alto Bonito,TX,26.30757,-98.6403,569
Alto Bonito Colonia,TX,26.30424,-98.6403,624
Alton,TX,26.28729,-98.31335,15760
Alton North (historical),TX,26.29535,-98.30446,5541
Alvarado,TX,32.40653,-97.21168,4015
Alvin,TX,29.42385,-95.2441,25791
Alvord,TX,33.35845,-97.69475,1403
Ames,TX,31.52099,-97.77947,1171
Anahuac,TX,29.773,-94.6827,2324
Anderson,TX,30.48715,-95.9869,229
Anderson Mill,TX,30.45492,-97.80584,8744
Angleton,TX,29.16941,-95.43188,19429
Anna,TX,33.349,-96.5486,11463
Annetta,TX,32.7093,-97.67614,1442
Annetta North,TX,32.7193,-97.67586,573
Annetta South,TX,32.66819,-97.66058,558
Anson,TX,32.7565,-99.89621,2334
Aransas Pass,TX,27.90947,-97.14999,8530
Archer City,TX,33.59566,-98.62561,1754
Arcola,TX,29.49607,-95.46578,1668
Argyle,TX,33.12123,-97.18335,3905
Arlington,TX,32.73569,-97.10807,388125
Arp,TX,32.22543,-95.05772,996
Arroyo Colorado Estates Colonia,TX,26.18924,-97.60832,997
Atascocita,TX,29.99883,-95.1766,65844
Athens,TX,32.20487,-95.85552,12788
Atlanta,TX,33.11374,-94.16435,5605
Aubrey,TX,33.30428,-96.98612,3352
Aurora,TX,33.06068,-97.50336,1307
Austin,TX,30.26715,-97.74306,974447
Azle,TX,32.89513,-97.54586,11693
B and E Colonia,TX,26.35646,-98.75419,518
Bacliff,TX,29.5069,-94.99243,8619
Bailey Prairie,TX,29.15191,-95.50883,727
Baird,TX,32.39402,-99.39424,1483
Balch Springs,TX,32.72874,-96.62277,25210
Balcones Heights,TX,29.48801,-98.55169,3254
Ballinger,TX,31.73821,-99.94731,3767
Bandera,TX,29.72661,-99.07365,877
Bangs,TX,31.7171,-99.13255,1581
Banquete,TX,27.80614,-97.79611,726
Bardwell,TX,32.26904,-96.6961,675
Barrett,TX,29.87995,-95.06298,3199
Bartlett,TX,30.79491,-97.42556,2761
Barton Creek,TX,30.28521,-97.86917,3077
Bartonville,TX,33.07318,-97.13168,1680
Bastrop,TX,30.11049,-97.31527,8231
Batesville,TX,28.95108,-99.61783,1068
Baytown,TX,29.7355,-94.97743,76335
Beach City,TX,29.66217,-94.88992,2566
Bayou Vista,TX,29.32635,-94.93853,1592
Beaumont,TX,30.08605,-94.10185,115282
Bedford,TX,32.84402,-97.14307,49337
Beckville,TX,32.24294,-94.45548,843
Bee Cave,TX,30.30854,-97.94501,6292
Beeville,TX,28.40095,-97.74974,13277
Bellaire,TX,29.70579,-95.45883,18518
Bellmead,TX,31.59405,-97.10889,10164
Bells,TX,33.61038,-96.41082,1426
Bellville,TX,29.95023,-96.25719,4262
Belton,TX,31.05601,-97.46445,20547
Benavides,TX,27.59892,-98.40807,1317
Benbrook,TX,32.67319,-97.46058,22629
Benjamin,TX,33.58398,-99.79231,267
Berryville,TX,32.08849,-95.4719,1014
Bertram,TX,30.7438,-98.05558,1390
Beverly,TX,31.52517,-97.14195,2162
Beverly Hills,TX,31.52156,-97.15389,2033
Bevil Oaks,TX,30.15021,-94.26963,1245
Big Sandy,TX,32.58375,-95.10883,1374
Big Wells,TX,28.57332,-99.56866,762
Bishop,TX,27.58614,-97.79916,3150
Bixby,TX,26.15174,-97.85361,504
Blanco,TX,30.09799,-98.42141,1889
Blessing,TX,28.87137,-96.21802,927
Blooming Grove,TX,32.0921,-96.71582,824
Bloomington,TX,28.64777,-96.89249,2459
Blossom,TX,33.6615,-95.38579,1551
Blue Berry Hill,TX,28.38889,-97.78222,866
Blue Mound,TX,32.85652,-97.33891,2490
Blue Ridge,TX,31.27629,-96.74137,917
Boerne,TX,29.79466,-98.73197,13674
Bogata,TX,33.47067,-95.21384,1111
Boling,TX,29.26441,-95.94384,1122
Bolivar Peninsula,TX,29.47829,-94.57991,2417
Bonham,TX,33.57733,-96.17831,10079
Bowie,TX,33.559,-97.84865,5126
Boyd,TX,33.07873,-97.5653,1335
Brady,TX,31.13517,-99.33506,5549
Brazoria,TX,29.04441,-95.56911,3071
Breckenridge,TX,32.75568,-98.90229,5590
Bremond,TX,31.16518,-96.67692,920
Brenham,TX,30.16688,-96.39774,16579
Briar,TX,32.99512,-97.5428,5665
Briarcliff,TX,30.40742,-98.04446,1510
Bridge City,TX,30.02077,-93.84573,7941
Bridgeport,TX,33.21012,-97.75476,6381
Bristol,TX,32.46153,-96.56999,668
Brookshire,TX,29.78606,-95.95107,5120
Brookside Village,TX,29.5869,-95.32522,1570
Brownsboro,TX,32.30237,-95.61357,1073
Brownsville,TX,25.90175,-97.49748,186738
Bruceville-Eddy,TX,31.30517,-97.25167,1497
Brownwood,TX,31.70932,-98.99116,19031
Brushy Creek,TX,30.51353,-97.73973,21764
Bryan,TX,30.67436,-96.36996,82118
Bryson,TX,33.16123,-98.38561,528
Buchanan Dam,TX,30.7399,-98.43114,1519
Buchanan Lake Village,TX,30.85073,-98.44948,692
Buckholts,TX,30.87297,-97.12499,509
Buffalo,TX,31.46379,-96.05802,1887
Bullard,TX,32.13988,-95.32023,2832
Bulverde,TX,29.74383,-98.45307,4925
Buna,TX,30.43298,-93.9624,2142
Bunker Hill Village,TX,29.76745,-95.52994,3957
Burke,TX,31.23185,-94.76854,735
Burkburnett,TX,34.09787,-98.57061,11043
Burleson,TX,32.54208,-97.32085,43625
Burnet,TX,30.75824,-98.22836,6239
Cactus,TX,36.05226,-102.0024,3197
Caddo Mills,TX,33.06567,-96.22776,1470
Caldwell,TX,30.53132,-96.69303,4283
Calvert,TX,30.97797,-96.67386,1151
Cameron,TX,30.85325,-96.97693,5460
Cameron Park,TX,25.96452,-97.47665,6963
Cameron Park Colonia,TX,25.97147,-97.47832,6963
Camp Swift,TX,30.19077,-97.29221,6383
Campbell,TX,33.14817,-95.95136,656
Canton,TX,32.55652,-95.8633,3752
Canyon Lake,TX,29.87522,-98.26251,21262
Carrizo Hill,TX,28.5036,-99.8295,582
Carrizo Springs,TX,28.52193,-99.86061,5898
Carrollton,TX,32.95373,-96.89028,133168
Carthage,TX,32.15738,-94.33742,6844
Castle Hills,TX,29.52329,-98.51641,4424
Castroville,TX,29.35579,-98.87864,2931
Cedar Hill,TX,32.58847,-96.95612,48507
Cedar Park,TX,30.5052,-97.82029,65945
Celeste,TX,33.29428,-96.1947,836
Celina,TX,33.32456,-96.78444,64427
Center,TX,31.51073,-96.4247,5727
Centerville,TX,31.25796,-95.97829,903
Central Gardens,TX,29.99549,-94.01406,4347
César Chávez,TX,26.3034,-98.11529,1929
Chandler,TX,32.30793,-95.47996,2949
Channelview,TX,29.77606,-95.11465,38289
Charlotte,TX,28.86192,-98.70641,1815
Chico,TX,33.29595,-97.79892,1069
Chillicothe,TX,34.25647,-99.51676,660
Chilton,TX,31.28018,-97.06416,911
China,TX,30.04799,-94.33574,1130
China Grove,TX,29.38885,-98.3489,1291
Cibolo,TX,29.56162,-98.22696,33433
Cinco Ranch,TX,29.73884,-95.758,18274
Cisco,TX,32.38819,-98.97923,3791
Citrus City,TX,26.32646,-98.3853,2321
Clarksville,TX,33.61066,-95.05272,3187
Clarksville City,TX,32.52959,-94.90299,879
Clear Lake Shores,TX,29.54745,-95.03215,1169
Cleburne,TX,32.34764,-97.38668,30020
Cleveland,TX,30.34132,-95.08549,7858
Clifton,TX,31.78238,-97.57669,3361
Cloverleaf,TX,29.77828,-95.17188,22942
Clute,TX,29.02469,-95.39883,11444
Clyde,TX,32.40596,-99.49369,3771
Cockrell Hill,TX,32.73624,-96.88695,4316
Coldspring,TX,30.59242,-95.12938,899
Coleman,TX,31.82737,-99.42645,4393
College Station,TX,30.62798,-96.33441,107889
Colleyville,TX,32.88096,-97.15501,25487
Collinsville,TX,33.5615,-96.91111,1687
Colmesneil,TX,30.90798,-94.42214,584
Columbus,TX,29.70662,-96.53969,3629
Comanche,TX,31.89737,-98.60366,4197
Combes,TX,26.24869,-97.73388,3059
Combine,TX,32.58847,-96.5086,2107
Comfort,TX,29.96771,-98.90503,2363
Commerce,TX,33.24706,-95.89997,8892
Como,TX,33.06067,-95.47217,706
Conroe,TX,30.31188,-95.45605,68602
Converse,TX,29.51801,-98.31612,21987
Coolidge,TX,31.75405,-96.64999,950
Cooper,TX,31.24324,-95.58217,2180
Coppell,TX,32.95457,-97.01501,41159
Copper Canyon,TX,33.09595,-97.09668,1431
Copperas Cove,TX,31.12406,-97.90308,33081
Corinth,TX,33.15401,-97.06473,20998
Corpus Christi,TX,27.80058,-97.39638,316239
Corrigan,TX,30.99686,-94.82715,1539
Corsicana,TX,32.09543,-96.46887,23952
Cottonwood Shores,TX,30.55575,-98.32391,1158
Cotulla,TX,28.43693,-99.23503,4216
Cove,TX,29.82744,-94.80242,509
Coyote Acres,TX,27.71308,-98.13362,508
Crandall,TX,32.62791,-96.45582,3238
Crawford,TX,31.53433,-97.44307,741
Crockett,TX,31.31824,-95.45661,6554
Crosby,TX,29.91189,-95.06215,2299
Cross Mountain,TX,29.6455,-98.65947,3124
Cross Plains,TX,32.12625,-99.16534,970
Crowell,TX,33.98397,-99.72482,866
Crowley,TX,32.57903,-97.36252,14853
Crystal City,TX,28.67748,-99.82811,7496
Cuero,TX,29.09387,-97.28916,7115
Cumby,TX,33.13734,-95.83941,790
Cumings,TX,29.57829,-95.79884,981
Cushing,TX,31.81462,-94.84049,612
Cut and Shoot,TX,30.33327,-95.35799,1105
Cypress,TX,29.96911,-95.69717,200839
D'Hanis,TX,29.33051,-99.27976,847
Daingerfield,TX,33.03179,-94.72187,2452
Daisetta,TX,30.11327,-94.64298,991
Dallas,TX,32.78306,-96.80667,1326087
Dalworthington Gardens,TX,32.70291,-97.15529,2373
Damon,TX,29.29052,-95.73467,552
Danbury,TX,29.2283,-95.34494,1776
Dawson,TX,31.89405,-96.71471,801
Dayton,TX,30.04661,-94.8852,7575
De Kalb,TX,33.50873,-94.61632,1657
De Leon,TX,32.11097,-98.53588,2150
DeCordova,TX,32.42986,-97.69503,2855
DeSoto,TX,32.58986,-96.85695,52486
Decatur,TX,33.23428,-97.58614,6521
Deer Park,TX,29.70523,-95.12382,33806
Denison,TX,33.75566,-96.53666,23150
Denton,TX,33.21484,-97.13307,131044
Deport,TX,33.52622,-95.31578,566
Detroit,TX,33.6615,-95.26662,705
Deweyville,TX,30.29771,-93.7435,1023
Diboll,TX,31.18713,-94.78104,5400
Dickinson,TX,29.46079,-95.05132,19895
Doffing,TX,26.27452,-98.38585,5091
Donna,TX,26.17035,-98.05195,16523
Doolittle,TX,26.35337,-98.11666,2769
Double Oak,TX,33.06512,-97.11057,3078
Dripping Springs,TX,30.19021,-98.08668,2483
Driscoll,TX,27.67447,-97.74861,752
Dublin,TX,32.08514,-98.34199,3664
Duncanville,TX,32.6518,-96.90834,39826
Eagle Lake,TX,29.58968,-96.33358,3650
Eagle Mountain,TX,32.89346,-97.44446,7003
Early,TX,31.7421,-98.94561,2833
East Bernard,TX,29.53107,-96.07107,2304
East Mountain,TX,32.59375,-94.85549,814
East Tawakoni,TX,32.88429,-95.92913,901
Eastland,TX,32.40152,-98.81756,3825
Easton,TX,32.38738,-94.58298,501
Ector,TX,33.57733,-96.27331,693
Edcouch,TX,26.29396,-97.96056,3316
Eden,TX,31.21628,-99.84563,2786
Edgecliff Village,TX,32.65763,-97.34279,2970
Edgewood,TX,32.69818,-95.88524,1450
Edinburg,TX,26.30174,-98.16334,84497
El Campo,TX,29.19664,-96.26969,11604
El Cenizo,TX,27.35224,-99.49254,3273
El Lago,TX,29.56356,-95.04521,2706
Electra,TX,34.02926,-98.91896,2711
Elgin,TX,30.34965,-97.37027,9039
Elkhart,TX,31.62517,-95.5794,1317
Elmendorf,TX,29.25607,-98.33279,1688
Elmo,TX,32.72207,-96.16497,768
Elsa,TX,26.2934,-97.99306,6647
Emory,TX,32.87457,-95.76552,1253
Encantada-Ranchito-El Calaboz,TX,26.03344,-97.63307,2255
Encinal,TX,28.04112,-99.35448,592
Ennis,TX,32.32931,-96.62527,19007
Escobares,TX,26.41062,-98.96253,2451
Euless,TX,32.83707,-97.08195,54219
Eustace,TX,32.30709,-96.00664,988
Evadale,TX,30.35493,-94.07268,1483
Everman,TX,32.63097,-97.28918,6352
Fair Oaks Ranch,TX,29.74578,-98.64336,7407
Fairchilds,TX,29.43135,-95.78023,1027
Fairfield,TX,31.72461,-96.16525,2912
Fairview,TX,33.1579,-96.63166,10372
Falcon Lake Estates,TX,26.87282,-99.25531,1036
Falfurrias,TX,27.22699,-98.14417,4962
Falls City,TX,28.98275,-98.0175,660
Fannett,TX,29.92605,-94.25074,2252
Farmers Branch,TX,32.92651,-96.89612,32689
Farmersville,TX,33.16345,-96.35998,3447
Fate,TX,32.94151,-96.38137,9847
Ferris,TX,32.53403,-96.66555,2534
Fifth Street,TX,29.59829,-95.55133,2486
Flatonia,TX,29.68773,-97.1086,1401
Florence,TX,30.8413,-97.79363,1231
Floresville,TX,29.13358,-98.15612,7321
Flower Mound,TX,33.01457,-97.09696,71253
Forest Hill,TX,32.67208,-97.26918,12881
Forney,TX,32.74818,-96.47193,18418
Fort Gates,TX,31.39961,-97.7078,913
Fort Worth,TX,32.72541,-97.32085,1008106
Four Corners,TX,29.66857,-95.65772,12382
Franklin,TX,31.02602,-96.48524,1610
Frankston,TX,32.05266,-95.50635,1174
Fredericksburg,TX,30.2752,-98.87198,11094
Freeport,TX,28.95414,-95.35966,12154
Freer,TX,27.8828,-98.61779,2732
Fresno,TX,29.53885,-95.44744,19069
Friendswood,TX,29.5294,-95.20104,38800
Frisco,TX,33.15067,-96.82361,154407
Frost,TX,32.08015,-96.80666,651
Fulshear,TX,29.68996,-95.89968,5886
Fulton,TX,28.0614,-97.0411,1541
Gainesville,TX,33.62594,-97.13335,16292
Galena Park,TX,29.73356,-95.23021,11162
Galveston,TX,29.30135,-94.7977,50180
Ganado,TX,29.04054,-96.51358,2095
Garden Ridge,TX,29.63467,-98.30529,3850
Gardendale,TX,32.0204,-102.38015,1574
Garfield,TX,30.18744,-97.55778,1698
Garland,TX,32.91262,-96.63888,236897
Garrett,TX,32.36348,-96.65471,822
Garrison,TX,31.82434,-94.49104,897
Gatesville,TX,31.43516,-97.74391,15724
George West,TX,28.3325,-98.11751,2631
Georgetown,TX,30.63269,-97.67723,63716
Geronimo,TX,29.663,-97.96695,1032
Gholson,TX,31.701,-97.2164,1076
Giddings,TX,30.18272,-96.93637,5064
Gilmer,TX,32.72875,-94.94244,5187
Gladewater,TX,32.53653,-94.94272,6432
Glen Rose,TX,32.23459,-97.75531,2580
Glenn Heights,TX,32.54875,-96.85667,12042
Glidden,TX,29.70079,-96.58636,661
Godley,TX,32.44903,-97.52669,1069
Goldthwaite,TX,31.44989,-98.57088,1860
Goliad,TX,28.66833,-97.38833,1986
Golinda,TX,31.37767,-97.08278,557
Gonzales,TX,29.50163,-97.45249,7544
Gorman,TX,32.21375,-98.67061,1051
Graford,TX,32.93762,-98.24699,575
Graham,TX,33.10706,-98.5895,8865
Granbury,TX,32.44208,-97.7942,9386
Grand Prairie,TX,32.74596,-96.99778,187809
Grand Saline,TX,32.67346,-95.70941,3131
Grandview,TX,32.27042,-97.17918,1615
Granger,TX,30.71769,-97.44278,1517
Granite Shoals,TX,30.58908,-98.38392,5071
Grapeland,TX,31.49185,-95.47856,1417
Grapevine,TX,32.93429,-97.07807,51404
Greatwood,TX,29.55413,-95.67578,11538
Green Valley Farms,TX,26.12202,-97.56054,1272
Greenville,TX,33.13845,-96.11081,26515
Gregory,TX,27.92224,-97.28999,1992
Grey Forest,TX,29.6155,-98.68086,515
Groesbeck,TX,31.52434,-96.53387,4304
Groves,TX,29.94827,-93.91712,15750
Groveton,TX,31.05491,-95.12577,1024
Gun Barrel City,TX,32.33459,-96.15136,5985
Gunter,TX,32.86873,-95.62968,1666
Hackberry,TX,33.15234,-96.91778,1037
Hallettsville,TX,29.44385,-96.94109,2592
Hallsburg,TX,31.53878,-96.95611,522
Hallsville,TX,32.50432,-94.57409,4065
Haltom City,TX,32.79957,-97.26918,44206
Hamilton,TX,31.70377,-98.12392,2937
Hardin,TX,30.15243,-94.73909,866
Hargill,TX,26.44257,-98.01389,877
Harker Heights,TX,31.08351,-97.65974,29142
Harlingen,TX,26.19063,-97.6961,65774
Harper,TX,30.29992,-99.24421,1192
Haskell,TX,33.1576,-99.7337,3226
Haslet,TX,32.97485,-97.3478,1786
Hawkins,TX,32.58847,-95.20411,1291
Hawley,TX,32.61206,-99.81426,614
Hearne,TX,30.87852,-96.59303,4456
Heath,TX,32.83651,-96.47499,8211
Hebbronville,TX,27.30688,-98.68032,4558
Hedwig Village,TX,29.77745,-95.51716,2557
Heidelberg,TX,26.19702,-97.88028,1725
Helotes,TX,29.57801,-98.68975,8591
Hemphill,TX,31.34074,-93.84685,1218
Hempstead,TX,30.09744,-96.07829,7110
Henrietta,TX,33.81732,-98.19532,3014
Hewitt,TX,31.46239,-97.19584,14252
Hickory Creek,TX,33.12234,-97.04306,4139
Hico,TX,31.98293,-98.03365,1326
Hidalgo,TX,26.10035,-98.26307,13709
Hideaway,TX,32.49042,-95.45746,3090
Highland Park,TX,32.83346,-96.79195,9189
Highland Village,TX,33.09179,-97.04668,16149
Highlands,TX,29.81884,-95.05604,7522
Hill Country Village,TX,29.58245,-98.49085,1067
Hillcrest,TX,29.39274,-95.25938,730
Hillsboro,TX,32.01099,-97.13001,8321
Hilltop Lakes,TX,31.07935,-96.20385,1101
Hilshire Village,TX,29.79078,-95.48911,811
Hitchcock,TX,29.34829,-95.01604,7621
Holiday Beach,TX,28.1689,-97.01027,514
Holiday Lakes,TX,29.20969,-95.51689,1166
Holland,TX,30.87824,-97.40167,1129
Holliday,TX,33.81621,-98.69506,1706
Hollywood Park,TX,29.6005,-98.48724,3298
Hondo,TX,29.34746,-99.14142,9119
Honey Grove,TX,33.58344,-95.90997,1656
Hooks,TX,33.46623,-94.28853,2744
Hornsby Bend,TX,30.24743,-97.58333,6791
Horseshoe Bay,TX,30.54429,-98.37394,3560
Houston,TX,29.76328,-95.36327,2314157
Howe,TX,33.50872,-96.61221,2798
Hubbard,TX,31.84849,-96.79721,1370
Hudson,TX,31.32268,-94.77826,4821
Hudson Bend,TX,30.41714,-97.92918,2981
Hudson Oaks,TX,32.75707,-97.7067,2160
Hughes Springs,TX,32.99846,-94.63076,1776
Hull,TX,30.14632,-94.64242,669
Humble,TX,29.99883,-95.26216,15665
Hunters Creek Village,TX,29.77051,-95.4955,4756
Huntington,TX,31.27769,-94.57659,2140
Huntsville,TX,30.72353,-95.55078,40938
Hurst,TX,32.82346,-97.17057,39016
Hutchins,TX,32.6493,-96.71305,5727
Hutto,TX,30.5427,-97.54667,22722
Indian Hills,TX,26.21285,-97.91639,2591
Indian Lake,TX,26.08924,-97.50249,642
Inez,TX,28.90388,-96.78804,2098
Ingleside,TX,27.8778,-97.21166,9695
Ingleside On-the-Bay,TX,27.82947,-97.22332,615
Ingram,TX,30.07743,-99.24032,1822
Iowa Colony,TX,29.48246,-95.4155,1170
Iowa Park,TX,33.95148,-98.66867,6344
Irving,TX,32.81402,-96.94889,236607
Italy,TX,32.18404,-96.88472,1897
Itasca,TX,32.15959,-97.15001,1625
Jacinto City,TX,29.76745,-95.23382,10782
Jacksboro,TX,33.21845,-98.15866,4424
Jacksonville,TX,31.96378,-95.2705,14884
Jamaica Beach,TX,29.18968,-94.97965,1047
Jarrell,TX,30.82491,-97.60445,1171
Jasper,TX,30.9202,-93.99658,7619
Jefferson,TX,32.75736,-94.34519,2048
Jersey Village,TX,29.88772,-95.563,7900
Jewett,TX,31.36157,-96.14413,1192
Joaquin,TX,31.96578,-94.05499,817
Johnson City,TX,30.27687,-98.41197,1959
Jollyville,TX,30.4427,-97.77501,16151
Jones Creek,TX,28.96858,-95.45522,2074
Jonestown,TX,30.49547,-97.92335,2033
Josephine,TX,33.06123,-96.3072,1142
Joshua,TX,32.46153,-97.38807,6066
Jourdanton,TX,28.91803,-98.54641,4275
Junction,TX,30.48936,-99.77201,2444
Justin,TX,33.08484,-97.29613,3437
Karnes City,TX,28.88498,-97.90084,3371
Kaufman,TX,32.58902,-96.30887,7156
Katy,TX,29.78579,-95.8244,16158
Keene,TX,32.39681,-97.3239,6181
Keller,TX,32.93457,-97.25168,45758
Kemah,TX,29.54273,-95.02048,1986
Kemp,TX,32.44264,-96.22998,1256
Kenedy,TX,28.81915,-97.84861,3421
Kenefick,TX,30.1091,-94.85826,597
Kennedale,TX,32.6468,-97.22585,7715
Kempner,TX,31.08101,-98.00252,1078
Kerens,TX,32.13321,-96.22775,1572
Kerrville,TX,30.04743,-99.14032,23136
Kilgore,TX,32.38626,-94.87577,14947
Killeen,TX,31.11712,-97.7278,140806
Kingsbury,TX,29.64801,-97.82806,782
Kingsland,TX,30.65824,-98.44058,6030
Kingsville,TX,27.51587,-97.85611,26225
Kirby,TX,29.46329,-98.38557,8550
Kirbyville,TX,30.66048,-93.89268,2132
Knippa,TX,29.29524,-99.63727,689
Knox City,TX,33.41815,-99.81898,1183
Kountze,TX,30.3716,-94.31241,2083
Krugerville,TX,33.28151,-96.99056,1669
Krum,TX,33.26151,-97.23807,4990
Kyle,TX,29.98911,-97.87723,35733
La Blanca,TX,26.29285,-98.03778,2488
La Coste,TX,29.31079,-98.81003,1119
La Feria,TX,26.15896,-97.82389,7338
La Grange,TX,29.9055,-96.87665,4712
La Grulla,TX,26.26951,-98.64725,1695
La Homa,TX,26.25007,-98.36363,11985
La Joya,TX,26.24702,-98.48141,4291
La Marque,TX,29.36857,-94.97131,15908
La Paloma,TX,26.04591,-97.66749,2903
La Porte,TX,29.66578,-95.01937,35148
La Pryor,TX,28.94108,-99.84978,1643
La Puerta,TX,26.34451,-98.74503,632
La Tina Ranch,TX,26.21869,-97.47471,618
La Vernia,TX,29.35635,-98.11556,1261
La Villa,TX,26.29868,-97.92861,2600
Lacy-Lakeview,TX,31.62933,-97.10278,6604
Ladonia,TX,33.42483,-95.94636,605
Lago Vista,TX,30.4602,-97.98835,6550
Laguna Heights,TX,26.08008,-97.25386,3488
Laguna Park,TX,31.85932,-97.37974,1276
Laguna Vista,TX,26.10091,-97.29025,3212
Lake Brownwood,TX,31.824,-99.099,1532
Lake City,TX,28.07946,-97.88583,518
Lake Dallas,TX,33.11929,-97.02556,7892
Lake Jackson,TX,29.03386,-95.43439,27533
Lake Kiowa,TX,33.57705,-97.01306,1906
Lake Dunlap,TX,29.67578,-98.07223,1934
Lake Worth,TX,32.80485,-97.44502,4822
Lakehills,TX,29.60467,-98.94309,5150
Lakeport,TX,32.40904,-94.70521,967
Lakeside,TX,32.82235,-97.49335,1385
Lakeside City,TX,33.82871,-98.54533,981
Lakeway,TX,30.36377,-97.97959,14217
Lakewood Village,TX,33.14262,-96.96945,560
Lamar,TX,28.13946,-97.00555,636
Lampasas,TX,31.06378,-98.1817,7687
Lancaster,TX,32.59208,-96.75611,38801
Larga Vista,TX,27.49891,-99.43004,814
Laredo,TX,27.50641,-99.50754,256153
Las Lomas,TX,26.36479,-98.7753,3147
Lasara,TX,26.46479,-97.91111,1039
Laureles,TX,26.10924,-97.49415,3692
Lavon,TX,33.02762,-96.43415,2889
League City,TX,29.50745,-95.09493,98312
Leakey,TX,29.72884,-99.76145,424
Leander,TX,30.57881,-97.85307,59202
Leming,TX,29.07302,-98.48418,946
Leon Valley,TX,29.49523,-98.61863,11174
Leonard,TX,33.37955,-96.24748,1970
Lewisville,TX,33.04623,-96.99417,104039
Lexington,TX,30.4191,-97.01165,1181
Liberty,TX,30.05799,-94.79548,9039
Liberty City,TX,32.44543,-94.94855,2351
Liberty Hill,TX,30.66491,-97.92252,1389
Lindale,TX,32.5157,-95.4094,5692
Linden,TX,33.01235,-94.36547,1979
Lindsay,TX,33.63594,-97.22279,1078
Linn,TX,26.56006,-98.12195,801
Little Elm,TX,33.16262,-96.93751,38341
Little River-Academy,TX,30.98629,-97.35861,1959
Live Oak,TX,29.56523,-98.3364,15346
Liverpool,TX,29.29496,-95.27882,501
Livingston,TX,30.71103,-94.93299,5172
Llano,TX,30.75935,-98.67504,3341
Llano Grande,TX,26.1298,-97.96806,3008
Lockhart,TX,29.88494,-97.67,13446
Log Cabin,TX,32.22237,-96.02191,717
Lolita,TX,28.83943,-96.54247,555
Lometa,TX,31.21711,-98.39337,849
Lone Oak,TX,32.99678,-95.94025,628
Lone Star,TX,33.78566,-95.38773,1631
Longview,TX,32.5007,-94.74049,82287
Lopezville,TX,26.23813,-98.15973,4333
Lorena,TX,31.38656,-97.21556,1737
Los Fresnos,TX,26.07174,-97.47637,6582
Los Indios,TX,26.04924,-97.74499,1114
Lost Creek,TX,30.29548,-97.84445,4509
Lott,TX,31.20351,-97.03666,726
Louise,TX,29.11137,-96.4033,995
Lovelady,TX,31.12685,-95.4455,620
Lowry Crossing,TX,33.15484,-96.54721,1780
Lucas,TX,33.08429,-96.57666,6883
Luella,TX,33.56955,-96.5511,581
Lufkin,TX,31.33824,-94.7291,36333
Luling,TX,29.68051,-97.6475,5764
Lumberton,TX,30.26577,-94.19963,12421
Lyford,TX,26.41229,-97.78972,2607
Lytle,TX,29.23329,-98.79641,2869
Mabank,TX,32.36653,-96.10081,3309
Macdona,TX,29.32579,-98.69113,559
Madisonville,TX,30.94991,-95.91162,4637
Magnolia,TX,30.20938,-95.75078,1828
Malakoff,TX,32.1696,-96.01247,2296
Manchaca,TX,30.14077,-97.83306,1133
Manor,TX,30.34076,-97.55695,7587
Mansfield,TX,32.56319,-97.14168,64274
Manvel,TX,29.46274,-95.35799,7950
Marble Falls,TX,30.57841,-98.27507,6281
Marion,TX,29.57134,-98.14029,1111
Markham,TX,28.96026,-96.06524,1082
Marlin,TX,31.30629,-96.89804,5682
Marshall,TX,32.54487,-94.36742,23820
Marshall Creek,TX,33.01679,-97.20863,504
Mart,TX,31.54239,-96.8336,1910
Martindale,TX,29.8455,-97.84084,1216
Mason,TX,30.74879,-99.23061,2139
Matagorda,TX,28.69082,-95.96746,503
Mathis,TX,28.09446,-97.82805,5037
Maud,TX,33.3329,-94.3427,1071
Mauriceville,TX,30.20354,-93.86628,3252
Maypearl,TX,32.3132,-97.01167,981
McAllen,TX,26.20341,-98.23001,140269
McDade,TX,30.28382,-97.23777,685
McGregor,TX,31.44406,-97.40918,5064
McKinney,TX,33.19762,-96.61527,162898
McLendon-Chisholm,TX,32.84235,-96.38054,2210
McQueeney,TX,29.59217,-98.03334,2545
Meadowlakes,TX,30.56245,-98.29867,1872
Meadows Place,TX,29.65134,-95.588,4759
Medina,TX,26.92115,-99.25948,3935
Melissa,TX,33.28595,-96.57277,7436
Menard,TX,30.91767,-99.78646,1420
Mercedes,TX,26.1498,-97.91361,16657
Meridian,TX,31.92321,-97.65669,1427
Mesquite,TX,32.7668,-96.59916,144788
Mexia,TX,31.67989,-96.4822,7406
Midlothian,TX,32.48236,-96.99445,22318
Midway North,TX,26.18776,-98.01708,4752
Midway South,TX,26.15694,-98.02011,2239
Mila Doce,TX,26.22618,-97.95889,6222
Milam,TX,31.4324,-93.84574,1480
Milford,TX,32.1246,-96.94528,739
Mineola,TX,32.66319,-95.48829,4625
Mineral Wells,TX,32.80846,-98.11282,14754
Mission,TX,26.21591,-98.32529,83298
Mission Bend,TX,29.69384,-95.66495,36501
Missouri City,TX,29.61857,-95.53772,74139
Mont Belvieu,TX,29.84772,-94.89076,5193
Montague,TX,33.66483,-97.72059,304
Monte Alto,TX,26.37312,-97.97167,1924
Montgomery,TX,30.38826,-95.69634,806
Moody,TX,31.30823,-97.3614,1380
Morgans Point Resort,TX,31.14823,-97.46334,4170
Moulton,TX,29.57496,-97.14276,907
Mount Pleasant,TX,33.15679,-94.96827,16051
Mount Vernon,TX,33.18873,-95.22133,2753
Mountain City,TX,30.03716,-97.88695,659
Muenster,TX,33.65177,-97.37641,1608
Munday,TX,33.44926,-99.62286,1339
Muniz,TX,26.25646,-98.08945,1370
Murchison,TX,32.27848,-95.74969,594
Murillo Colonia,TX,26.25646,-98.11334,7344
Murphy,TX,33.01512,-96.61305,20610
Mustang Ridge,TX,30.05688,-97.69111,969
Myrtle Springs,TX,32.60986,-95.93024,828
Nacogdoches,TX,31.60351,-94.65549,33894
Naples,TX,33.20318,-94.68021,1339
Nash,TX,33.44235,-94.13075,3141
Nassau Bay,TX,29.54468,-95.09104,4100
Navasota,TX,30.38798,-96.08773,7476
Nederland,TX,29.97438,-93.9924,17196
Needville,TX,29.39941,-95.83773,3063
Nevada,TX,33.04234,-96.37387,1008
New Berlin,TX,29.46412,-98.10112,535
New Boston,TX,33.45984,-94.41548,4688
New Braunfels,TX,29.703,-98.12445,70543
New Caney,TX,30.15522,-95.21132,20000
New Chapel Hill,TX,32.30515,-95.173,616
New Hope,TX,33.21012,-96.56527,639
New Hope (historical),TX,33.23456,-96.98862,603
New London,TX,32.23877,-94.94049,997
New Summerfield,TX,31.98072,-95.09383,1111
New Territory,TX,29.59412,-95.68078,15186
New Waverly,TX,30.5377,-95.48328,1040
Newark,TX,33.00124,-97.48447,1061
Newcastle,TX,33.194,-98.73867,570
Newton,TX,30.84853,-93.7574,2403
Niederwald,TX,30.00938,-97.72806,565
Nixon,TX,29.26746,-97.76444,2465
Nocona,TX,33.78677,-97.72586,2939
Nolanville,TX,31.07879,-97.60557,4774
Noonday,TX,32.23571,-95.40607,777
Nome,TX,30.03577,-94.42436,562
Normangee,TX,31.02963,-96.11468,693
North Alamo,TX,26.2173,-98.1289,3235
North Pearsall,TX,28.91497,-99.09642,614
North Richland Hills,TX,32.8343,-97.2289,69204
North San Pedro,TX,27.8028,-97.68305,895
Northcrest,TX,31.63655,-97.09972,1785
Northlake,TX,33.12734,-97.26557,2237
Nurillo,TX,26.26702,-98.1214,5547
Oak Grove,TX,32.53514,-96.31943,667
Oak Leaf,TX,32.52042,-96.85472,1373
Oak Point,TX,33.19012,-96.99167,3349
Oak Ridge,TX,32.65735,-96.2622,575
Oak Ridge North,TX,30.16022,-95.44438,3161
Oak Trail Shores,TX,32.48875,-97.8342,2755
Oakwood,TX,31.5849,-95.84913,516
Odem,TX,27.95057,-97.58222,2482
Old River-Winfree,TX,29.86828,-94.8327,1288
Olivarez,TX,26.22841,-97.99223,3827
Olmito,TX,26.02174,-97.53415,1210
Olmos Park,TX,29.47884,-98.48752,2390
Olney,TX,33.37066,-98.75284,3179
Omaha,TX,33.18068,-94.7441,993
Onalaska,TX,30.80575,-95.11633,1764
Onion Creek,TX,30.1366,-97.78417,2116
Orange,TX,30.09299,-93.73655,19347
Orange Grove,TX,27.95668,-97.93694,1334
Ore City,TX,32.80014,-94.72076,1189
Overton,TX,32.2746,-94.97855,2536
Ovilla,TX,32.52653,-96.88639,3855
Oyster Creek,TX,29.00302,-95.33188,1132
Paint Rock,TX,31.50849,-99.92008,266
Palacios,TX,28.70805,-96.21747,4634
Palestine,TX,31.76212,-95.63079,18288
Palm Valley,TX,26.20174,-97.75416,1294
Palmer,TX,32.43125,-96.66777,2055
Palmhurst,TX,26.25841,-98.31807,2687
Palmview,TX,26.23341,-98.37085,5715
Palmview South,TX,26.21563,-98.37863,5575
Palo Pinto,TX,32.76735,-98.29866,333
Panorama Village,TX,30.38104,-95.49355,2293
Pantego,TX,32.7143,-97.1564,2531
Paris,TX,33.66094,-95.55551,24782
Parker,TX,33.0554,-96.62194,4352
Pasadena,TX,29.69106,-95.2091,153784
Pattison,TX,29.82523,-95.99496,532
Patton Village,TX,30.19299,-95.16882,1620
Payne Springs,TX,32.2782,-96.06692,768
Pearland,TX,29.56357,-95.28605,108821
Pearsall,TX,28.89219,-99.09503,9980
Pecan Acres,TX,32.97013,-97.47474,4099
Pecan Grove,TX,29.62607,-95.73162,15963
Pecan Hill,TX,32.48653,-96.78583,647
Pecan Plantation,TX,32.36042,-97.67558,5294
Pelican Bay,TX,32.92096,-97.51836,1635
Penitas,TX,26.23063,-98.44474,4715
Perezville,TX,26.22452,-98.40057,5376
Petrolia,TX,34.01315,-98.23227,660
Pettus,TX,28.61804,-97.80222,558
Pflugerville,TX,30.43937,-97.62,57122
Pharr,TX,26.1948,-98.18362,76538
Pilot Point,TX,33.3965,-96.96056,4093
Pine Forest,TX,33.11262,-95.38467,623
Pine Island,TX,30.058,-96.03746,1076
Pinehurst,TX,30.17105,-95.68245,4624
Pineland,TX,31.24797,-93.97436,813
Pinewood Estates,TX,30.16438,-94.32158,1678
Piney Point Village,TX,29.75995,-95.51716,3376
Pittsburg,TX,32.9954,-94.96577,4602
Placedo,TX,28.69138,-96.82804,692
Plano,TX,33.01984,-96.69889,283558
Pleak,TX,29.48913,-95.80773,1366
Pleasant Hill,TX,31.0088,-94.79771,522
Pleasanton,TX,28.96719,-98.47863,9829
Plum Grove,TX,32.1957,-96.98945,1027
Point Comfort,TX,28.67972,-96.56025,723
Point Venture,TX,30.37937,-97.99612,902
Pointblank,TX,30.74575,-95.21272,575
Point,TX,32.93151,-95.87135,834
Ponder,TX,33.1829,-97.28724,1530
Port Aransas,TX,27.83392,-97.0611,3955
Port Arthur,TX,29.88519,-93.94233,55340
Port Isabel,TX,26.07341,-97.20858,5016
Port Lavaca,TX,28.615,-96.62609,12416
Port Neches,TX,29.99132,-93.95851,12786
Port O'Connor,TX,28.44834,-96.40581,1253
Porter Heights,TX,30.15188,-95.32188,1653
Portland,TX,27.87725,-97.32388,16116
Post Oak Bend City,TX,32.63208,-96.31359,687
Poteet,TX,29.04052,-98.56807,3419
Poth,TX,29.06969,-98.08195,2167
Potosi,TX,32.3293,-99.65647,2991
Pottsboro,TX,33.75927,-96.66944,2250
Powderly,TX,33.81122,-95.5244,1178
Prairie View,TX,30.09327,-95.98773,6369
Premont,TX,27.36059,-98.12362,2659
Preston,TX,33.88232,-96.63305,2096
Primera,TX,26.22591,-97.75805,4626
Princeton,TX,33.18012,-96.49804,8939
Progreso,TX,26.0923,-97.95722,5922
Prosper,TX,33.23623,-96.80111,15967
Pueblo Nuevo Colonia,TX,27.49419,-99.31031,521
Quanah,TX,34.29785,-99.74037,2438
Queen City,TX,33.14874,-94.15019,1468
Quinlan,TX,32.9104,-96.13553,1439
Quitman,TX,32.79596,-95.45106,1827
Rancho Alegre,TX,27.74169,-98.09473,1704
Rancho Viejo,TX,26.03952,-97.55638,2491
Ranchos Penitas West,TX,27.67418,-99.61088,573
Ranchos Penitas West Colonia,TX,27.67529,-99.60338,573
Ranger,TX,32.46985,-98.67895,2464
Raymondville,TX,26.48146,-97.78305,11139
Red Lick,TX,33.46485,-94.17103,1006
Red Oak,TX,32.51764,-96.80444,12022
Redland,TX,31.40435,-94.72132,1047
Redwater,TX,33.35818,-94.25436,1071
Redwood,TX,29.81022,-97.91139,4338
Refugio,TX,28.30528,-97.27527,2855
Reid Hope King,TX,25.9223,-97.41387,786
Reid Hope King Colonia,TX,25.91925,-97.41415,786
Rendon,TX,32.57625,-97.2414,12552
Reno,TX,33.66316,-95.46245,3281
Rhome,TX,33.05346,-97.47197,1630
Ricardo,TX,27.42143,-97.85111,1048
Rice,TX,32.24376,-96.4986,952
Richardson,TX,32.94818,-96.72972,110815
Richland Hills,TX,32.81596,-97.22807,8098
Richmond,TX,29.58218,-95.76078,12138
Richwood,TX,29.05608,-95.40994,3830
Riesel,TX,31.47489,-96.92333,1019
Rio Bravo,TX,27.36419,-99.48004,4818
Rio Grande City,TX,26.37979,-98.8203,14404
Rio Hondo,TX,26.23535,-97.58193,2445
Rio Vista,TX,32.23348,-97.37446,933
Rising Star,TX,32.09597,-98.96367,827
River Oaks,TX,32.77707,-97.39446,7724
Riverside,TX,30.85297,-95.40355,510
Riviera,TX,27.29865,-97.815,689
Roanoke,TX,33.00401,-97.22585,7400
Robinson,TX,31.46767,-97.11472,11484
Robstown,TX,27.7903,-97.66888,11576
Rockdale,TX,30.65548,-97.00137,5609
Rockwall,TX,32.93123,-96.45971,42566
Rockport,TX,28.02077,-97.05601,10490
Rogers,TX,30.93157,-97.22666,1211
Rollingwood,TX,30.27687,-97.79112,1543
Roman Forest,TX,30.1791,-95.16243,1847
Roma-Los Saenz,TX,26.40506,-99.01586,9765
Rose City,TX,30.10271,-94.05184,518
Rosebud,TX,31.07296,-96.9786,1373
Rosenberg,TX,29.55718,-95.80856,35510
Rosharon,TX,29.35218,-95.46022,1152
Round Rock,TX,30.50826,-97.6789,115997
Rowlett,TX,32.9029,-96.56388,60236
Roxton,TX,33.54622,-95.72579,642
Royse City,TX,32.97512,-96.33248,11465
Rule,TX,33.18454,-99.89371,619
Runaway Bay,TX,33.16789,-97.87837,1408
Runge,TX,28.88331,-97.71305,1062
Rusk,TX,31.79601,-95.15022,5618
Sabinal,TX,29.31746,-99.46644,1717
Sachse,TX,32.97623,-96.59527,24554
Saginaw,TX,32.86013,-97.36391,22079
Saint Hedwig,TX,29.4144,-98.20001,2094
Saint Jo,TX,33.69483,-97.52252,1043
Saint Paul,TX,33.04123,-96.55027,1066
Salado,TX,30.94713,-97.53862,2140
Sam Rayburn,TX,31.06408,-94.03575,1181
San Antonio,TX,29.42412,-98.49363,1526656
San Augustine,TX,31.5299,-94.10603,2009
San Benito,TX,26.13258,-97.6311,24496
San Carlos,TX,26.29563,-98.07195,3130
San Diego,TX,27.76391,-98.2389,4368
San Felipe,TX,29.79301,-96.10079,793
San Juan,TX,26.18924,-98.15529,36556
San Leon,TX,29.48329,-94.92215,4970
San Marcos,TX,29.88327,-97.94139,60684
San Leanna,TX,30.14577,-97.81806,536
San Pedro,TX,31.47629,-95.37828,733
San Perlita,TX,26.50118,-97.63971,566
San Saba,TX,31.19572,-98.7181,3030
San Ygnacio,TX,27.04253,-99.44004,667
Sanger,TX,33.36317,-97.1739,7747
Sansom Park,TX,32.80596,-97.40307,4858
Santa Anna,TX,31.74209,-99.32173,1034
Santa Clara,TX,29.5119,-98.1214,725
Santa Fe,TX,29.37801,-95.10576,13037
Santa Maria,TX,26.07869,-97.84944,733
Santa Rosa,TX,26.25674,-97.825,2876
Sarita,TX,27.22171,-97.78916,238
Savoy,TX,33.59927,-96.36665,825
Scenic Oaks,TX,29.71078,-98.67586,4957
Schertz,TX,29.55217,-98.26973,43091
Schulenburg,TX,29.6819,-96.90304,2925
Scissors,TX,26.1398,-98.05389,3186
Scurry,TX,32.51875,-96.38082,736
Seabrook,TX,29.56412,-95.02548,13716
Seadrift,TX,28.41528,-96.71359,1474
Seagoville,TX,32.63958,-96.53832,15894
Sealy,TX,29.78079,-96.15718,6403
Sebastian,TX,26.34285,-97.79027,1917
Seguin,TX,29.56884,-97.96473,27864
Selma,TX,29.58439,-98.30585,9108
Serenada,TX,30.69936,-97.69195,1641
Seven Points,TX,32.32042,-96.21303,1447
Seymour,TX,33.59426,-99.26035,2652
Shady Hollow,TX,30.16493,-97.86223,5004
Shady Shores,TX,33.16512,-97.02945,2866
Shamrock,TX,35.21422,-100.24901,1989
Shavano Park,TX,29.58495,-98.55252,3527
Sheldon,TX,29.868,-95.12826,1990
Shenandoah,TX,30.18022,-95.45577,2770
Shepherd,TX,30.49798,-94.9966,2418
Sherman,TX,33.63566,-96.60888,40667
Sherwood Shores,TX,33.85232,-96.81778,1190
Shiner,TX,29.42913,-97.17054,2139
Shoreacres,TX,29.62023,-95.00993,1603
Sienna Plantation,TX,29.48607,-95.508,13721
Siesta Shores,TX,26.8581,-99.25365,1382
Silsbee,TX,30.3491,-94.17796,6688
Simonton,TX,29.6794,-95.97718,863
Sinton,TX,28.03668,-97.50916,5736
Skidmore,TX,28.25417,-97.68555,925
Smiley,TX,29.26774,-97.63583,567
Smithville,TX,30.00855,-97.15943,4101
Snook,TX,30.48918,-96.46537,512
Solis,TX,26.16174,-97.84361,512
Somerset,TX,29.22635,-98.6578,1783
Somerville,TX,30.34604,-96.5283,1383
Sour Lake,TX,30.14021,-94.41102,1773
South Alamo,TX,26.15702,-98.10862,3361
South Houston,TX,29.66301,-95.23549,17544
South Padre Island,TX,26.10369,-97.16469,2884
South Point,TX,25.86869,-97.38359,1376
Southlake,TX,32.94124,-97.13418,29941
Southmayd,TX,33.63038,-96.76916,1015
Southside Place,TX,29.70606,-95.43688,1835
Sparks,TX,31.67261,-106.2397,4529
Splendora,TX,30.23299,-95.16104,1684
Spring,TX,30.07994,-95.41716,54298
Spring Valley,TX,29.78967,-95.50355,3611
Springtown,TX,32.96596,-97.68364,2811
Stafford,TX,29.61607,-95.55772,18459
Stagecoach,TX,30.14549,-95.71356,583
Stamford,TX,32.94539,-99.80287,2973
Stephenville,TX,32.2207,-98.20226,20120
Stockdale,TX,29.23691,-97.96,1564
Stonewall,TX,30.23604,-98.66448,505
Stowell,TX,29.78994,-94.38324,1756
Strawn,TX,32.55207,-98.49811,643
Sugar Land,TX,29.61968,-95.63495,88156
Sullivan City,TX,26.27757,-98.56363,4189
Sulphur Springs,TX,33.13845,-95.60107,16098
Sunnyvale,TX,32.79652,-96.56082,6044
Sunrise Beach Village,TX,30.59963,-98.41003,731
Sunset Valley,TX,30.22576,-97.80362,749
Surfside Beach,TX,28.94441,-95.28883,544
Sweeny,TX,29.03886,-95.69856,3771
Taft,TX,27.97891,-97.3986,3091
Taft Southwest (historical),TX,27.97391,-97.40305,1460
Talco,TX,33.36261,-95.10466,513
Talty,TX,32.68319,-96.38554,1927
Tatum,TX,32.31599,-94.51659,1379
Taylor,TX,30.57076,-97.40944,16702
Taylor Lake Village,TX,29.57523,-95.05021,3656
Teague,TX,31.62711,-96.28386,3572
Tenaha,TX,31.94378,-94.24409,1152
Temple,TX,31.09823,-97.34278,72277
Terrell,TX,32.73596,-96.27526,16981
Terrell Hills,TX,29.47495,-98.45085,5287
Texarkana,TX,33.42513,-94.04769,37280
Texas City,TX,29.38385,-94.9027,47618
The Colony,TX,33.08901,-96.88639,41779
The Hills,TX,30.34798,-97.98501,2573
The Woodlands,TX,30.15799,-95.48938,93847
Thornton,TX,31.41101,-96.5722,523
Thorndale,TX,30.61381,-97.20555,1316
Thrall,TX,30.59048,-97.29694,920
Three Rivers,TX,28.46027,-98.18251,1971
Throckmorton,TX,33.17872,-99.17758,797
Tilden,TX,28.46194,-98.54918,261
Timberwood Park,TX,29.69438,-98.49741,13447
Timpson,TX,31.90378,-94.3952,1149
Tioga,TX,33.46678,-96.91834,862
Tolar,TX,32.38903,-97.92059,828
Tom Bean,TX,33.52011,-96.48387,1055
Tomball,TX,30.09716,-95.61605,11540
Tool,TX,32.26792,-96.17025,2268
Trenton,TX,33.43067,-96.33859,628
Trinidad,TX,32.14404,-96.09108,878
Trinity,TX,30.94519,-95.3755,2752
Trophy Club,TX,32.9979,-97.18362,11759
Troup,TX,32.1446,-95.1205,1966
Troy,TX,31.20684,-97.30278,1843
Tuscola,TX,32.20958,-99.79675,744
Tye,TX,32.45762,-99.87148,1260
Tyler,TX,32.35126,-95.30106,103700
Uhland,TX,29.95772,-97.78611,1052
Universal City,TX,29.54801,-98.29112,19986
University of Texas,TX,30.28604,-97.73889,53082
University Park,TX,32.85013,-96.80028,24759
Uvalde,TX,29.20968,-99.78617,16476
Uvalde Estates,TX,29.16524,-99.83228,2171
Valley Mills,TX,31.65933,-97.47224,1177
Valley View,TX,33.48817,-97.16501,768
Van,TX,32.52486,-95.63718,2685
Van Alstyne,TX,33.4215,-96.57721,3344
Van Vleck,TX,29.01775,-95.8894,1844
Venus,TX,32.43347,-97.10251,3297
Vernon,TX,34.15536,-99.26628,10573
Victoria,TX,28.80527,-97.0036,67574
Vidor,TX,30.1316,-94.01545,10945
Villa Pancho,TX,25.88425,-97.41581,788
Villa Verde,TX,26.13202,-97.99834,874
Volente,TX,30.43381,-97.90362,563
Von Ormy,TX,29.28913,-98.64446,1175
Waco,TX,31.54933,-97.14667,132356
Waelder,TX,29.69523,-97.2986,997
Wake Village,TX,33.42679,-94.1063,5471
Waller,TX,30.05661,-95.9269,2522
Walnut Springs,TX,32.05765,-97.74947,811
Warren,TX,30.61465,-94.40853,757
Waskom,TX,32.47876,-94.05963,2177
Watauga,TX,32.85791,-97.25474,24525
Waxahachie,TX,32.38653,-96.84833,33384
Weatherford,TX,32.7593,-97.79725,28742
Webster,TX,29.53773,-95.11826,11116
Weimar,TX,29.70301,-96.78053,2161
Wells,TX,31.48851,-94.93993,796
Wells Branch,TX,30.44604,-97.67945,12120
Weslaco,TX,26.15952,-97.99084,39474
West,TX,31.80238,-97.09167,2883
West Alto Bonito Colonia,TX,26.31424,-98.66336,696
West Columbia,TX,29.14386,-95.64522,3935
West Lake Hills,TX,30.29798,-97.80195,3317
West Livingston,TX,30.69825,-95.00188,8071
West Orange,TX,30.08215,-93.75822,3458
West Sharyland,TX,26.27257,-98.32863,2309
West Tawakoni,TX,32.89373,-96.02941,1576
West University Place,TX,29.71801,-95.43383,15741
Westlake,TX,32.99124,-97.19501,1264
Westminster,TX,33.36261,-96.46193,861
Westover Hills,TX,32.74485,-97.41363,721
Westworth,TX,32.75735,-97.41085,2124
Wharton,TX,29.31164,-96.10274,8726
White Oak,TX,32.52792,-94.86133,6345
White Settlement,TX,32.75957,-97.45835,17077
Whitehouse,TX,32.22682,-95.2255,8189
Whitesboro,TX,33.65622,-96.90695,3909
Whitewright,TX,33.51289,-96.39248,1633
Whitney,TX,31.95182,-97.3214,2101
Wichita Falls,TX,33.91371,-98.49339,104710
Wild Peach Village,TX,29.08358,-95.63384,2452
Wildwood,TX,30.52409,-94.44158,1235
Willis,TX,30.42493,-95.47994,6313
Willow Park,TX,32.76263,-97.65058,4922
Wills Point,TX,32.7093,-96.0083,3547
Wilmer,TX,32.58902,-96.68527,3928
Wimberley,TX,29.99744,-98.09862,2670
Windemere,TX,30.45886,-97.66066,1037
Windcrest,TX,29.51551,-98.38029,5794
Winfield,TX,33.16734,-95.11188,524
Winnie,TX,29.82022,-94.38408,3254
Winnsboro,TX,32.95734,-95.29022,3340
Winona,TX,32.48959,-95.16717,598
Winters,TX,31.95653,-99.96231,2563
Wolfe City,TX,33.37067,-96.06886,1416
Woodbranch,TX,30.18105,-95.18882,1377
Woodcreek,TX,30.02827,-98.11112,1528
Woodsboro,TX,28.23834,-97.31999,1483
Woodville,TX,30.7752,-94.41548,2478
Woodway,TX,31.506,-97.20501,8777
Wortham,TX,31.78794,-96.46248,1028
Wyldwood,TX,30.12938,-97.47277,2505
Wylie,TX,33.01512,-96.53888,46708
Yoakum,TX,29.28775,-97.15193,6016
Yorktown,TX,28.98109,-97.50277,2145
Zapata,TX,26.90726,-99.27143,5089
Zavalla,TX,31.15852,-94.42631,715
Abingdon,VA,36.70983,-81.97735,8119
Accomac,VA,37.71957,-75.66548,496
Adwolf,VA,36.78928,-81.58206,1530
Alexandria,VA,38.80484,-77.04692,159467
Altavista,VA,37.11181,-79.28558,3474
Amelia Court House,VA,37.34293,-77.98056,1099
Amherst,VA,37.58514,-79.05141,2210
Annandale,VA,38.83039,-77.19637,41008
Appalachia,VA,36.90676,-82.78183,1671
Apple Mountain Lake,VA,38.92428,-78.10139,1396
Appomattox,VA,37.35709,-78.82529,1759
Aquia Harbour,VA,38.46262,-77.38887,6727
Arlington,VA,38.88101,-77.10428,207627
Arrington,VA,37.68403,-78.90113,708
Ashburn,VA,39.04372,-77.48749,43511
Ashland,VA,37.75903,-77.47998,7503
Atkins,VA,36.86734,-81.42344,1143
Atlantic,VA,37.90068,-75.5077,862
Baileys Crossroads,VA,38.85039,-77.1297,23643
Bassett,VA,36.7593,-79.99032,1100
Basye,VA,38.80706,-78.79224,1253
Bealeton,VA,38.57179,-77.76388,4435
Bedford,VA,37.33431,-79.52309,6561
Belle Haven,VA,38.78539,-77.06303,6518
Bellwood,VA,37.42181,-77.43748,6352
Belmont,VA,39.06483,-77.50999,5966
Benns Church,VA,36.93793,-76.58606,872
Bensley,VA,37.44681,-77.44332,5819
Berryville,VA,39.15177,-77.98222,4300
Big Stone Gap,VA,36.88176,-82.7471,5614
Blackstone,VA,37.08043,-77.99723,3491
Blacksburg,VA,37.22957,-80.41394,44215
Blairs,VA,36.67986,-79.37308,916
Bland,VA,37.10206,-81.1162,409
Blue Ridge,VA,37.37847,-79.80698,3084
Blue Ridge Shores,VA,38.10514,-78.02472,813
Bluefield,VA,37.25262,-81.27121,5279
Bon Air,VA,37.52487,-77.55777,16366
Boston,VA,37.6093,-75.84271,504
Bowling Green,VA,38.04958,-77.34665,1160
Boyce,VA,39.09316,-78.05944,615
Boydton,VA,36.66764,-78.3875,416
Boykins,VA,36.58321,-77.19997,543
Bracey,VA,36.59959,-78.14305,1554
Brambleton,VA,38.98205,-77.5386,9845
Brandermill,VA,37.43209,-77.64971,13173
Bridgewater,VA,38.38207,-78.9767,5889
Brightwood,VA,38.42152,-78.19361,1001
Bristol,VA,36.59649,-82.18847,17141
Bristow,VA,38.72289,-77.5361,8910
Broadlands,VA,39.01816,-77.52027,12313
Broadway,VA,38.61317,-78.79891,3807
Brookneal,VA,37.05014,-78.94418,1119
Buchanan,VA,37.52736,-79.67976,1178
Buckhall,VA,38.73178,-77.4311,16293
Buckingham,VA,37.55015,-78.55556,0
Buena Vista,VA,37.7343,-79.35392,6618
Bull Run,VA,38.78373,-77.52055,14983
Bull Run Mountain Estates,VA,38.90372,-77.66166,1251
Burke,VA,38.79345,-77.27165,41055
Cana,VA,36.58958,-80.67173,1254
Cape Charles,VA,37.27008,-76.01649,1017
Carrollton,VA,36.94682,-76.56051,4574
Castlewood,VA,36.8901,-82.27959,2045
Cave Spring,VA,37.22764,-80.01282,24922
Cedar Bluff,VA,37.08761,-81.759,1076
Central Garage,VA,37.74403,-77.13164,1318
Centreville,VA,38.84039,-77.42888,71135
Chamberlayne,VA,37.62653,-77.42859,5456
Chantilly,VA,38.89428,-77.4311,23039
Charles City,VA,37.34348,-77.07303,133
Charlotte Court House,VA,37.05654,-78.63833,530
Charlottesville,VA,38.02931,-78.47668,46597
Chase City,VA,36.79931,-78.45833,2296
Chatham,VA,36.82569,-79.39808,1481
Chatmoss,VA,36.6568,-79.81226,1698
Cherry Hill,VA,38.56984,-77.26693,16000
Chesapeake,VA,36.81904,-76.27494,235429
Chester,VA,37.35682,-77.44165,20987
Chester Gap,VA,38.85345,-78.135,839
Chesterfield,VA,37.37709,-77.50582,0
Chesterfield Court House,VA,37.37709,-77.50499,3808
Chilhowie,VA,36.79845,-81.68234,1741
Chincoteague,VA,37.93318,-75.37881,2914
Christiansburg,VA,37.12985,-80.40894,21943
Clarksville,VA,36.62403,-78.55694,1204
Claypool Hill,VA,37.06261,-81.75178,1776
Clifton Forge,VA,37.81624,-79.82449,3739
Clintwood,VA,37.15011,-82.45598,1325
Cloverdale,VA,37.36514,-79.9056,3119
Cluster Springs,VA,36.62097,-78.92168,811
Coeburn,VA,36.94399,-82.46404,1999
Collinsville,VA,36.71514,-79.91532,7335
Colonial Beach,VA,38.25457,-76.96358,3580
Colonial Heights,VA,37.26804,-77.40726,17820
Concord,VA,37.34264,-78.97502,1458
Countryside,VA,39.04094,-77.4136,10072
Courtland,VA,36.71626,-77.06802,1246
Covington,VA,37.79346,-79.99395,5658
Craigsville,VA,38.07874,-79.38309,930
Crewe,VA,37.17321,-78.12333,2241
Crimora,VA,38.15402,-78.8503,2209
Crozet,VA,38.06958,-78.70058,5565
Culpeper,VA,38.47318,-77.99666,17557
Cumberland,VA,37.49598,-78.24527,393
Dahlgren,VA,38.33124,-77.05109,2653
Dale City,VA,38.63706,-77.31109,65969
Daleville,VA,37.40986,-79.91254,2557
Damascus,VA,36.63373,-81.78373,800
Dante,VA,36.97844,-82.29764,649
Danville,VA,36.58597,-79.39502,42082
Dayton,VA,38.41485,-78.93864,1588
Deltaville,VA,37.55486,-76.33689,1119
Dinwiddie,VA,37.07793,-77.58665,0
Dooms,VA,38.10902,-78.85752,1327
Drakes Branch,VA,36.99293,-78.60111,515
Dranesville,VA,39.00067,-77.34582,11921
Dryden,VA,36.77759,-82.94155,1208
Dublin,VA,37.10568,-80.68534,2686
Dulles Town Center,VA,39.03761,-77.41582,4601
Dumfries,VA,38.56762,-77.32804,5217
Dumbarton,VA,37.60376,-77.49137,7879
Dunn Loring,VA,38.89344,-77.22165,8803
East Hampton,VA,37.03737,-76.33161,147993
East Lexington,VA,37.79291,-79.42532,1463
East Highland Park,VA,37.58098,-77.40693,14796
Eastville,VA,37.35264,-75.94576,167
Edinburg,VA,38.82095,-78.56585,1069
Elkton,VA,38.4079,-78.62363,2809
Elliston,VA,37.21652,-80.23254,902
Emory,VA,36.77289,-81.83623,1251
Emporia,VA,36.68598,-77.54248,5496
Enon,VA,37.3307,-77.32276,3466
Esmont,VA,37.83125,-78.60724,528
Ettrick,VA,37.24015,-77.42998,6682
Exmore,VA,37.5318,-75.82299,1447
Fairfax,VA,38.84622,-77.30637,24013
Fairfax Station,VA,38.80095,-77.32554,12030
Fairlawn,VA,37.14846,-80.57839,2367
Falls Church,VA,38.88233,-77.17109,13892
Falmouth,VA,38.32402,-77.46832,4274
Farmville,VA,37.3021,-78.39194,8169
Ferrum,VA,36.92292,-80.01337,2043
Fieldale,VA,36.70014,-79.93865,879
Fincastle,VA,37.4993,-79.87726,341
Fishersville,VA,38.09902,-78.96919,7462
Floris,VA,38.93706,-77.41277,8375
Floyd,VA,36.91124,-80.32005,439
Forest,VA,37.36375,-79.28975,9106
Fort Chiswell,VA,36.94706,-80.94147,939
Fort Lee,VA,37.24694,-77.33442,9874
Franconia,VA,38.78206,-77.14637,18245
Franklin,VA,36.67765,-76.92246,8490
Fredericksburg,VA,38.30318,-77.46054,28118
Front Royal,VA,38.91817,-78.19444,15070
Gainesville,VA,38.79567,-77.61388,11481
Galax,VA,36.66124,-80.92397,6914
Gate City,VA,36.63788,-82.58099,1955
Glade Spring,VA,36.79122,-81.77123,1453
Glasgow,VA,37.63402,-79.45031,1115
Glen Allen,VA,37.66598,-77.50637,14774
Glenvar,VA,37.27402,-80.13393,976
Gloucester Courthouse,VA,37.40986,-76.52662,2951
Gloucester Point,VA,37.25403,-76.49689,9402
Goochland,VA,37.68431,-77.88527,861
Gordonsville,VA,38.13736,-78.18778,1577
Gratton,VA,37.13484,-81.41399,937
Great Falls,VA,38.99817,-77.28832,15427
Greenbriar,VA,38.87345,-77.40082,8166
Greenville,VA,38.00347,-79.15586,832
Gretna,VA,36.95375,-79.35891,1248
Grottoes,VA,38.26735,-78.82586,2758
Groveton,VA,38.76734,-77.0847,14598
Grundy,VA,37.27789,-82.09902,978
Gwynn,VA,37.5043,-76.28855,602
Halifax,VA,36.76597,-78.92834,1249
Hamilton,VA,39.13427,-77.66249,609
Hampden Sydney,VA,37.24237,-78.45972,1450
Hampton,VA,37.02987,-76.34522,137148
Hanover,VA,37.76653,-77.37026,252
Harrisonburg,VA,38.44957,-78.86892,52538
Harriston,VA,38.21735,-78.83225,909
Hayfield,VA,38.75178,-77.13581,3909
Haymarket,VA,38.81206,-77.63638,1980
Heathsville,VA,37.91763,-76.47217,142
Henry Fork,VA,36.96625,-79.87031,1234
Herndon,VA,38.96955,-77.3861,24568
Highland Springs,VA,37.54598,-77.32776,15711
Hillsville,VA,36.76263,-80.73479,2677
Hollins,VA,37.34125,-79.9431,14673
Hollymead,VA,38.11708,-78.44168,7690
Honaker,VA,37.01622,-81.97429,1392
Hopewell,VA,37.30432,-77.2872,22378
Horntown,VA,37.96957,-75.46381,574
Horse Pasture,VA,36.62847,-79.95087,2227
Hot Springs,VA,37.99957,-79.83172,738
Huntington,VA,38.79234,-77.07081,11267
Hurt,VA,37.09264,-79.29641,1274
Hybla Valley,VA,38.74761,-77.08303,15801
Idylwood,VA,38.89511,-77.21165,17288
Independent Hill,VA,38.63595,-77.43776,7419
Isle of Wight,VA,36.90765,-76.70773,0
Ivanhoe,VA,36.84012,-80.96675,551
Ivy,VA,38.05653,-78.59668,905
Jarratt,VA,36.81432,-77.46831,619
Jolivue,VA,38.10985,-79.07308,1129
Jonesville,VA,36.68898,-83.111,974
Kenbridge,VA,36.96209,-78.125,1227
Keysville,VA,37.04043,-78.48333,812
Kilmarnock,VA,37.71041,-76.37967,1437
King George,VA,38.26818,-77.18442,4457
King William,VA,37.68736,-77.01358,252
King and Queen Court House,VA,37.66986,-76.87746,85
Kings Park,VA,38.80622,-77.24332,4333
La Crosse,VA,36.70014,-78.09972,589
Lake Barcroft,VA,38.84789,-77.15581,9558
Lake Monticello,VA,37.9232,-78.33473,9920
Lake Ridge,VA,38.68789,-77.29776,41058
Lakeside,VA,37.60765,-77.47693,11849
Lancaster,VA,37.76986,-76.46634,0
Laurel,VA,37.64292,-77.50887,16713
Laurel Park,VA,37.6432,-77.49943,842
Lawrenceville,VA,36.75765,-77.84694,1078
Laymantown,VA,37.36569,-79.85754,1979
Lebanon,VA,36.90094,-82.08013,3342
Leesburg,VA,39.11566,-77.5636,51209
Lexington,VA,37.78402,-79.44282,7262
Lincolnia,VA,38.81845,-77.14331,22855
Linton Hall,VA,38.75984,-77.57499,35725
Loch Lomond,VA,38.78623,-77.47804,3701
Lorton,VA,38.70428,-77.22776,18610
Louisa,VA,38.02514,-78.00416,1621
Lovettsville,VA,39.2726,-77.63666,1934
Lovingston,VA,37.75986,-78.87086,520
Lowes Island,VA,39.05983,-77.35221,10756
Lunenburg,VA,36.96098,-78.26555,165
Luray,VA,38.6654,-78.45945,4828
Lynchburg,VA,37.41375,-79.14225,79812
Lyndhurst,VA,38.0293,-78.94502,1490
Madison,VA,38.38041,-78.2575,220
Madison Heights,VA,37.43098,-79.12308,11285
Manassas,VA,38.75095,-77.47527,41764
Manassas Park,VA,38.784,-77.46971,15726
Mantua,VA,38.85372,-77.25943,7135
Marion,VA,36.83484,-81.51484,5957
Marshall,VA,38.86484,-77.85777,1480
Martinsville,VA,36.69153,-79.87254,13645
Massanetta Springs,VA,38.4004,-78.83419,4833
Massanutten,VA,38.40957,-78.7378,2291
Mathews,VA,37.43708,-76.31994,555
Matoaca,VA,37.23043,-77.47749,2403
Maurertown,VA,38.92983,-78.46362,770
Max Meadows,VA,36.9704,-80.94953,562
McLean,VA,38.93428,-77.17748,48115
Meadowview,VA,36.76039,-81.8629,967
Mechanicsville,VA,37.60876,-77.37331,36348
Merrifield,VA,38.87428,-77.22693,15212
Merrimac,VA,37.18957,-80.42561,2133
Metompkin,VA,37.76929,-75.60271,551
Middleburg,VA,38.96872,-77.73555,807
Middletown,VA,39.02761,-78.28056,1315
Midlothian,VA,37.50598,-77.64916,18320
Montclair,VA,38.61095,-77.33971,19570
Monterey,VA,38.41234,-79.5806,136
Montrose,VA,37.5207,-77.37831,7993
Montross,VA,38.09513,-76.82746,389
Montvale,VA,37.38458,-79.73115,698
Motley,VA,37.06959,-79.34114,1015
Mount Hermon,VA,36.67847,-79.42225,3966
Mount Jackson,VA,38.74595,-78.64224,2042
Mount Sidney,VA,38.25735,-78.95947,663
Mountain Road,VA,36.75958,-78.98696,1100
Narrows,VA,37.20542,-79.95893,2171
Nellysford,VA,37.89042,-78.87224,1076
New Baltimore,VA,38.76734,-77.72833,8119
New Castle,VA,37.50013,-80.11088,152
New Hope,VA,38.19791,-78.90586,797
New Market,VA,38.6479,-78.67141,2208
Newington,VA,38.73845,-77.18498,12943
Newport News,VA,36.98038,-76.42975,186247
Nokesville,VA,38.69873,-77.57971,1354
Norfolk,VA,36.84681,-76.28522,238005
North Shore,VA,37.08209,-79.65836,3094
North Springfield,VA,38.80428,-77.2047,7274
Norton,VA,36.93343,-82.62905,3939
Oak Grove,VA,38.984,-77.40388,1777
Oak Level,VA,36.81542,-79.93559,857
Oakton,VA,38.88095,-77.30082,34166
Occoquan,VA,38.68373,-77.26026,1025
Onancock,VA,37.7118,-75.7491,1261
Onley,VA,37.69096,-75.71604,516
Opal,VA,38.62095,-77.79999,691
Orange,VA,38.24541,-78.11083,4947
Palmyra,VA,37.86097,-78.26334,104
Pannill Fork,VA,36.70903,-80.0131,3027
Parksley,VA,37.78207,-75.65354,840
Passapatanzy,VA,38.29735,-77.31415,1283
Patrick Springs,VA,36.6418,-80.19505,1845
Pearisburg,VA,37.32673,-80.73702,2678
Pembroke,VA,37.31957,-80.63895,1081
Penhook,VA,36.98237,-79.62808,801
Pennington Gap,VA,36.75842,-83.02711,1805
Petersburg,VA,37.22793,-77.40193,32477
Pimmit Hills,VA,38.91289,-77.20081,6094
Poquoson,VA,37.12237,-76.34578,12059
Portsmouth,VA,36.83543,-76.29827,96201
Portsmouth Heights,VA,36.82098,-76.36883,99049
Potomac Mills,VA,38.64595,-77.29415,5614
Pound,VA,37.12371,-82.60127,966
Powhatan,VA,37.54209,-77.91889,0
Prices Fork,VA,37.20985,-80.49005,1066
Prince George,VA,37.22043,-77.28803,2066
Pulaski,VA,37.0479,-80.77979,8890
Purcellville,VA,39.13677,-77.71472,9232
Radford,VA,37.13179,-80.57645,17403
Raven,VA,37.08706,-81.85512,2270
Ravensworth,VA,38.804,-77.22054,2466
Remington,VA,38.53374,-77.80833,627
Reston,VA,38.96872,-77.3411,58404
Rich Creek,VA,37.38234,-80.82258,748
Richmond,VA,37.55376,-77.46026,226610
Richlands,VA,37.09317,-81.79373,5504
Ridgeway,VA,36.98931,-79.48253,797
Riner,VA,37.06652,-80.44061,859
Riverdale,VA,36.68736,-78.90001,956
Riverview,VA,36.93538,-82.48182,782
Roanoke,VA,37.27097,-79.94143,100011
Rocky Mount,VA,36.99764,-79.89198,4799
Rose Hill,VA,38.78872,-77.11276,20226
Rosslyn,VA,38.89678,-77.07248,9599
Round Hill,VA,39.13261,-77.76861,641
Ruckersville,VA,38.23319,-78.36917,1141
Rural Retreat,VA,36.89373,-81.27593,1485
Rushmere,VA,37.06681,-76.67635,1018
Rustburg,VA,37.27681,-79.10085,1431
Saint Paul,VA,36.90538,-82.31098,970
Salem,VA,37.29347,-80.05476,25432
Saluda,VA,37.60597,-76.59495,769
Saltville,VA,36.8815,-81.76206,2031
Sandston,VA,37.52348,-77.31581,7571
Scottsville,VA,37.79875,-78.49556,603
Selma,VA,37.80652,-79.84811,529
Seven Corners,VA,38.87206,-77.15526,9255
Seven Mile Ford,VA,36.81039,-81.62956,783
Shawnee Land,VA,39.19149,-78.34556,1873
Shawsville,VA,37.16847,-80.25532,1310
Shenandoah,VA,38.48512,-78.62502,2340
Shenandoah Farms,VA,38.98178,-78.07555,3033
Shenandoah Retreat,VA,39.13427,-77.865,518
Shenandoah Shores,VA,38.96039,-78.14305,934
Sherando,VA,37.98125,-78.95391,688
Shipman,VA,37.72375,-78.83919,507
Short Pump,VA,37.65042,-77.61249,24729
Skyland Estates,VA,38.92317,-78.08222,830
Smithfield,VA,36.98237,-76.63107,8364
South Boston,VA,36.69875,-78.9014,7976
South Hill,VA,36.72653,-78.12889,4527
South Riding,VA,38.92094,-77.50388,24256
South Suffolk,VA,36.71709,-76.59023,80690
Spotsylvania,VA,38.20096,-77.58915,0
Spotsylvania Courthouse,VA,38.19791,-77.58777,4239
Springfield,VA,38.78928,-77.1872,30484
Springville,VA,37.19651,-81.40288,1371
Stafford,VA,38.42207,-77.40832,4320
Stanardsville,VA,38.29735,-78.44001,380
Stanley,VA,38.5754,-78.50251,1654
Stanleytown,VA,36.7443,-79.96282,1422
Staunton,VA,38.14991,-79.0732,24416
Stephens City,VA,39.08344,-78.21806,1940
Sterling,VA,39.00622,-77.4286,27822
Strasburg,VA,38.98872,-78.35862,6586
Stuart,VA,36.64097,-80.26561,1442
Stuarts Draft,VA,38.03014,-79.03364,9235
Sudley,VA,38.79289,-77.49749,16203
Suffolk,VA,36.72836,-76.58496,88161
Sugar Grove,VA,36.77567,-81.41233,758
Sugarland Run,VA,39.03761,-77.37526,11799
Surry,VA,37.13793,-76.83524,232
Sussex,VA,36.91515,-77.27914,256
Tangier,VA,37.82624,-75.9916,726
Tappahannock,VA,37.92541,-76.85913,2387
Tazewell,VA,37.11484,-81.51955,4421
Timberlake,VA,37.3207,-79.25753,12183
Timberville,VA,38.63901,-78.77391,2603
Triangle,VA,38.54679,-77.33665,8188
Tuckahoe,VA,37.59015,-77.55638,44990
Tysons,VA,38.91872,-77.23109,19627
Union Hall,VA,37.01875,-79.68642,1138
University Center,VA,39.05705,-77.44415,3586
Verona,VA,38.20208,-79.00836,4239
Victoria,VA,36.99487,-78.22722,1677
Vienna,VA,38.90122,-77.26526,16522
Villa Heights,VA,37.29514,-79.97754,827
Vinton,VA,37.28097,-79.89698,8231
Virginia Beach,VA,36.85293,-75.97799,454808
Wakefield,VA,36.96821,-76.98968,884
Warm Springs,VA,38.04624,-79.79061,123
Warrenton,VA,38.71345,-77.79527,9897
Warsaw,VA,37.95874,-76.75801,1495
Washington,VA,38.71345,-78.15944,128
Wattsville,VA,37.93401,-75.49965,1128
Waverly,VA,37.03598,-77.09524,2073
Waynesboro,VA,38.06847,-78.88947,21491
Weber City,VA,37.75514,-78.28389,1276
West Gate,VA,38.78289,-77.49749,8046
West Lynchburg,VA,37.4032,-79.17808,65517
West Point,VA,37.53153,-76.79635,3333
West Springfield,VA,38.77261,-77.22109,22460
Westlake Corner,VA,37.1232,-79.69948,976
Weyers Cave,VA,38.28846,-78.91308,2473
Williamsburg,VA,37.2707,-76.70746,15052
Winchester,VA,39.18566,-78.16333,27284
Windsor,VA,36.80848,-76.74412,2671
Wolf Trap,VA,38.93983,-77.28609,16131
Woodbridge,VA,38.65817,-77.2497,4055
Woodlawn,VA,38.71678,-77.13276,20804
Woodstock,VA,38.88178,-78.50584,5248
Wyndham,VA,37.69848,-77.61249,9785
Wytheville,VA,36.94845,-81.08481,8115
Yorkshire,VA,38.79317,-77.44777,7541
Accoville,WV,37.76872,-81.83706,574
Alderson,WV,37.72595,-80.64202,1182
Alum Creek,WV,38.28676,-81.80513,1749
Anmoore,WV,39.25676,-80.29231,757
Ansted,WV,38.13622,-81.09955,1397
Athens,WV,37.42234,-81.0162,951
Augusta,WV,39.29538,-78.63779,5734
Bancroft,WV,38.50953,-81.83985,592
Barboursville,WV,38.40953,-82.29459,4069
Barrackville,WV,39.5037,-80.16675,1321
Beaver,WV,37.74781,-81.14352,1308
Beckley,WV,37.77817,-81.18816,17056
Belington,WV,39.0251,-79.93563,1933
Belle,WV,38.23205,-81.53762,1211
Belmont,WV,39.37952,-81.25845,901
Berkeley Springs,WV,39.6248,-78.22472,766
Bethlehem,WV,39.39203,-80.28064,2588
Beverly,WV,38.84066,-79.87535,685
Big Chimney,WV,38.40565,-81.53568,627
Blennerhassett,WV,39.26369,-81.62929,3089
Bluefield,WV,37.26984,-81.22232,10323
Bluewell,WV,37.31262,-81.25982,2184
Boaz,WV,39.36146,-81.50207,1297
Bolivar,WV,39.32343,-77.75277,1060
Bolt,WV,37.76233,-81.41233,548
Boomer,WV,38.15066,-81.28733,615
Bradley,WV,37.86539,-81.19399,2040
Bridgeport,WV,39.28648,-80.2562,8359
Brookhaven,WV,39.61175,-79.90451,5171
Brush Fork,WV,37.28095,-81.25593,1197
Buckhannon,WV,38.99399,-80.23203,5657
Buffalo,WV,38.61759,-81.9818,1253
Cameron,WV,39.82702,-80.56647,903
Cassville,WV,39.66564,-80.06368,701
Cedar Grove,WV,38.22121,-81.42789,952
Ceredo,WV,38.39647,-82.55877,1388
Chapmanville,WV,37.97371,-82.01735,1205
Charles Town,WV,39.28899,-77.85972,5899
Charleston,WV,38.34982,-81.63262,46838
Chattaroy,WV,37.70343,-82.28097,756
Cheat Lake,WV,39.67202,-79.85339,7988
Chelyan,WV,38.19538,-81.49095,776
Chesapeake,WV,38.22344,-81.53623,1502
Clarksburg,WV,39.28065,-80.34453,16152
Clay,WV,38.46038,-81.08511,467
Clendenin,WV,38.48871,-81.34817,1187
Coal City,WV,37.679,-81.21038,1815
Coal Fork,WV,38.3176,-81.52095,1233
Cowen,WV,38.40955,-80.55787,505
Crab Orchard,WV,37.74067,-81.23066,2678
Craigsville,WV,38.33067,-80.65315,2213
Cross Lanes,WV,38.42037,-81.79068,9995
Culloden,WV,38.42009,-82.05542,3061
Daniels,WV,37.74327,-81.12408,1881
Danville,WV,38.08093,-81.83401,655
Davis,WV,39.12872,-79.46477,658
Delbarton,WV,37.71066,-82.18402,540
Despard,WV,39.2887,-80.30592,1004
Dunbar,WV,38.36065,-81.73735,7659
East Bank,WV,38.21816,-81.44289,932
East Dailey,WV,38.78039,-79.8909,557
Eleanor,WV,38.53759,-81.93236,1586
Elizabeth,WV,39.06341,-81.39512,839
Elkins,WV,38.92594,-79.84673,7226
Elkview,WV,38.44288,-81.4804,1222
Enterprise,WV,39.42092,-80.27786,961
Fairlea,WV,37.78068,-80.45702,1747
Fairmont,WV,39.48508,-80.14258,18733
Falling Waters,WV,39.55926,-77.89083,876
Fayetteville,WV,38.05289,-81.10399,2892
Fort Ashby,WV,39.50315,-78.76863,1380
Fort Gay,WV,38.1162,-82.59571,683
Franklin,WV,38.64289,-79.33115,677
Gallipolis Ferry,WV,38.77064,-82.19876,817
Gary,WV,37.36373,-81.55011,889
Gassaway,WV,38.67315,-80.77482,902
Gauley Bridge,WV,38.16844,-81.19483,595
Gilbert Creek,WV,37.57594,-81.89484,1090
Glasgow,WV,38.21538,-81.42456,877
Glenville,WV,38.93426,-80.8376,1543
Glendale,WV,39.94924,-80.75425,1526
Grafton,WV,39.34092,-80.01897,5148
Grant Town,WV,39.55814,-80.18174,618
Granville,WV,39.64591,-79.98729,2554
Grantsville,WV,38.92342,-81.09595,548
Hamlin,WV,38.2787,-82.10292,1123
Harrisville,WV,39.20952,-81.05178,1775
Hartford City,WV,39.00397,-81.98903,598
Harts,WV,38.03121,-82.1293,656
Hepzibah,WV,39.33259,-80.33537,566
Hilltop,WV,37.94289,-81.15094,624
Hinton,WV,37.67401,-80.88925,2528
Holden,WV,37.82427,-82.05957,876
Hometown,WV,38.53287,-81.86124,668
Huntington,WV,38.41925,-82.44515,48638
Hurricane,WV,38.43259,-82.02014,6493
Idamay,WV,39.49703,-80.25703,611
Inwood,WV,39.35788,-78.04,2954
Jefferson,WV,38.37537,-81.78041,676
Junior,WV,38.97871,-79.94952,503
Kenova,WV,38.39897,-82.57821,3083
Keyser,WV,39.44093,-78.97392,5248
Kingwood,WV,39.47176,-79.68339,2959
Kistler,WV,37.75622,-81.86012,528
Kopperston,WV,37.74844,-81.56955,616
Lavalette,WV,38.32286,-82.44682,1073
Lesage,WV,38.50647,-82.29848,1358
Lewisburg,WV,37.80179,-80.44563,3949
Logan,WV,37.84871,-81.99346,1649
Lubeck,WV,39.23535,-81.63124,1311
Lumberport,WV,39.37398,-80.34842,863
Mabscott,WV,37.77095,-81.20843,1372
MacArthur,WV,37.75845,-81.2126,1500
Madison,WV,38.06705,-81.81929,2929
Man,WV,37.73983,-81.87762,704
Mallory,WV,37.73066,-81.8379,1654
Mannington,WV,39.53092,-80.34342,2077
Marlinton,WV,38.22345,-80.09451,1029
Marmet,WV,38.24538,-81.56706,1450
Martinsburg,WV,39.45621,-77.96389,17700
Maryland Junction,WV,39.63259,-78.78446,954
Mason,WV,39.02175,-82.02903,942
Masontown,WV,39.55231,-79.79784,546
Matheny,WV,37.66483,-81.60039,531
McConnell,WV,37.82566,-81.96679,514
McMechen,WV,39.98813,-80.73147,1842
Middlebourne,WV,39.4923,-80.90372,790
Mill Creek,WV,38.7315,-79.97007,706
Milton,WV,38.43453,-82.13236,2637
Mineral Wells,WV,39.178,-81.51207,1950
Monongah,WV,39.46258,-80.21814,1091
Montcalm,WV,37.35401,-81.2526,726
Montgomery,WV,38.18038,-81.32845,1596
Moorefield,WV,39.06233,-78.96947,2482
Morgantown,WV,39.62953,-79.9559,30708
Moundsville,WV,39.92035,-80.74314,8710
Mount Hope,WV,37.89539,-81.16427,1377
Mullens,WV,37.58317,-81.38038,1464
Nettie,WV,38.21845,-80.68593,568
New Martinsville,WV,39.64452,-80.8576,5218
New Haven,WV,38.98647,-81.97347,1532
Nitro,WV,38.41481,-81.84402,6763
North Hills,WV,39.31646,-81.5129,829
Nutter Fort,WV,39.26342,-80.31981,1575
Oak Hill,WV,37.97233,-81.14871,8140
Oceana,WV,37.69206,-81.624,1302
Omar,WV,37.75566,-81.99957,552
Paden City,WV,39.60285,-80.93677,2506
Parkersburg,WV,39.26674,-81.56151,30991
Parsons,WV,39.09649,-79.6809,1431
Paw Paw,WV,39.54869,-80.15313,508
Pea Ridge,WV,38.41397,-82.31987,6650
Pennsboro,WV,39.28508,-80.96844,1080
Peterstown,WV,37.39734,-80.79924,645
Petersburg,WV,38.99261,-79.12392,2520
Philippi,WV,39.15232,-80.04036,3256
Piedmont,WV,37.45067,-81.26371,925
Pinch,WV,38.40871,-81.48179,3262
Pine Grove,WV,39.56591,-80.67899,520
Pineville,WV,37.58317,-81.53705,628
Piney View,WV,37.83623,-81.13482,989
Pleasant Valley,WV,39.45536,-80.14175,3196
Poca,WV,38.47231,-81.8143,989
Point Pleasant,WV,38.84453,-82.13709,4276
Powellton,WV,38.099,-81.324,619
Pratt,WV,38.2101,-81.384,586
Prichard,WV,38.24008,-82.59849,527
Princeton,WV,37.36623,-81.10259,6035
Prosperity,WV,37.8365,-81.20177,1498
Rainelle,WV,37.96873,-80.76703,1481
Rand,WV,38.2826,-81.56234,1631
Ranson,WV,39.2951,-77.86055,4941
Ravenswood,WV,38.94814,-81.76096,3843
Red Jacket,WV,37.64844,-82.14013,581
Reedsville,WV,39.51064,-79.79839,601
Richwood,WV,38.22484,-80.53314,1980
Ridgeley,WV,39.64148,-78.77446,643
Ripley,WV,38.8187,-81.71069,3255
Rivesville,WV,39.52981,-80.11674,944
Robinette,WV,37.78511,-81.79373,663
Romney,WV,39.34204,-78.75668,1773
Ronceverte,WV,37.74984,-80.46285,1752
Rowlesburg,WV,39.34843,-79.67089,581
Rupert,WV,37.96317,-80.68953,932
Saint Albans,WV,38.38565,-81.83624,11044
Saint Marys,WV,39.39174,-81.20511,1860
Salem,WV,39.28287,-80.55899,1551
Shady Spring,WV,37.70567,-81.09843,2998
Shannondale,WV,39.21705,-77.80749,3358
Shenandoah Junction,WV,39.35871,-77.84305,703
Shepherdstown,WV,39.4301,-77.80416,2079
Shinnston,WV,39.39564,-80.30009,2171
Shrewsbury,WV,38.20621,-81.4715,652
Sissonville,WV,38.52815,-81.63096,4028
Sistersville,WV,39.56424,-80.99594,1366
Smithers,WV,38.18122,-81.30706,790
Sophia,WV,37.70761,-81.25066,1318
South Charleston,WV,38.36843,-81.69957,13045
Spencer,WV,38.80203,-81.35095,2195
Stanaford,WV,37.81595,-81.15232,1350
Star City,WV,39.65841,-79.98645,2014
Stonewood,WV,39.25092,-80.31231,1766
Summersville,WV,38.28122,-80.8526,3478
Sutton,WV,38.66454,-80.70982,984
Switzer,WV,37.79316,-81.98762,595
Teays Valley,WV,38.45009,-81.9293,13175
Terra Alta,WV,39.44565,-79.54644,1493
Thomas,WV,39.149,-79.49811,565
Union,WV,37.59151,-80.54368,559
Tornado,WV,38.34287,-81.8443,1081
Verdunville,WV,37.84455,-82.05513,687
Vienna,WV,39.32702,-81.54846,10573
War,WV,37.30122,-81.69094,775
Washington,WV,39.26119,-81.6718,1175
Wayne,WV,38.22147,-82.44237,1382
Webster Springs,WV,38.47927,-80.41342,1009
Welch,WV,37.43289,-81.58455,1973
West Hamlin,WV,38.28564,-82.1957,762
West Union,WV,39.29647,-80.77705,831
Weston,WV,39.03843,-80.46731,4082
Westover,WV,39.63453,-79.96979,4223
White Sulphur Springs,WV,37.79651,-80.29757,2438
White Hall,WV,39.4212,-80.18258,663
Wiley Ford,WV,39.61453,-78.77502,1026
Williamson,WV,37.67427,-82.27736,3003
Williamstown,WV,39.40063,-81.44818,2965
Winfield,WV,38.53314,-81.89347,2354
Ariton,AL,31.60017,-85.71883,746
Elba,AL,31.41461,-86.06772,3903
Elmore,AL,32.53874,-86.31497,1271
Sherwood,AR,34.81509,-92.22432,30517
Franklin,IN,39.48061,-86.05499,24598
Newton,IL,38.99088,-88.16254,2814
South Williamson,KY,37.67205,-82.28403,602
Linn,MO,38.48587,-91.85045,1429
Villa Ridge,MO,38.47255,-90.8868,2636
Rosedale,MS,33.85344,-91.02789,1756
Shaw,MS,33.60211,-90.77458,1841
Dobbins Heights,NC,34.90488,-79.69228,838
Northwest,NC,34.31295,-78.16111,769
Merchantville,NJ,39.94734,-75.06656,3821
Florence,NJ,39.73428,-74.91822,4426
Oak Valley,NJ,39.80122,-75.1624,3483
Bremen,OH,39.70173,-82.42682,1437
Chillicothe,OH,39.33312,-82.9824,21727
Coalgate,OK,34.53815,-96.21861,1867
Dilley,TX,28.66748,-99.17059,4223
Devine,TX,29.13996,-98.90531,4705
Wallis,TX,29.63135,-96.06524,1294
Bruno,WV,37.69066,-81.86901,544
New Kent,VA,37.51765,-76.97886,239
Independence,VA,36.62245,-81.15309,927
Cresson,TX,32.53264,-97.6178,788
Bay City,TX,28.98276,-95.9694,17598
Pastoria,VA,37.74985,-75.63021,649
Wise,VA,36.97593,-82.57571,3119
West Milford,WV,39.20092,-80.40426,619
Abbeville,AL,31.57184,-85.25049,2620
Adamsville,AL,33.60094,-86.95611,4400
Addison,AL,34.20232,-87.1814,741
Alabaster,AL,33.24428,-86.81638,32707
Albertville,AL,34.26783,-86.20878,21462
Alexander City,AL,32.94401,-85.95385,14718
Alexandria,AL,33.77399,-85.88552,3917
Aliceville,AL,33.12957,-88.15142,2381
Allgood,AL,33.91204,-86.50943,628
Altoona,AL,34.02621,-86.32609,924
Andalusia,AL,31.30808,-86.48243,9063
Anniston,AL,33.65983,-85.83163,22347
Arab,AL,34.31815,-86.49582,8295
Argo,AL,33.68778,-86.50051,4071
Athens,AL,34.80243,-86.97219,24966
Ashford,AL,31.18296,-85.23632,2158
Ashland,AL,33.27373,-85.83607,1983
Ashville,AL,33.83704,-86.25442,2256
Atmore,AL,31.02379,-87.49387,10049
Attalla,AL,34.02176,-86.08859,5899
Auburn,AL,32.60986,-85.48078,62059
Autaugaville,AL,32.43402,-86.6547,859
Axis,AL,30.92991,-88.02722,757
Avon,AL,31.18934,-85.28604,530
Babbie,AL,31.27961,-86.32551,606
Brunswick,MO,39.42336,-93.13048,830
Baileyton,AL,34.26232,-86.61277,625
Ballplay,AL,34.05871,-85.80802,1580
Norfolk,CT,41.99398,-73.20206,553
South Coventry,CT,41.7701,-72.30508,1483
Tariffville,CT,41.90871,-72.7601,1324
Union,CT,41.99093,-72.1573,797
Gladbrook,IA,42.18776,-92.7152,890
Victor,IA,41.73167,-92.29796,888
Cos Cob,CT,41.03343,-73.59957,6770
Andover,IL,41.29392,-90.29207,573
Canton,IL,40.55809,-90.03512,14211
Deer Park,IL,42.16086,-88.08147,3759
Coventry Lake,CT,41.77232,-72.33258,2990
Glendale Heights,IL,41.9146,-88.06486,34208
Lena,IL,42.37946,-89.82234,2800
Cromwell,CT,41.5951,-72.64537,13750
East Falmouth,MA,41.57844,-70.55864,6038
Crystal Lake,CT,41.93176,-72.37842,1945
North Andover,MA,42.6987,-71.13506,28222
Revere,MA,42.40843,-71.01199,53422
West Barnstable,MA,41.70566,-70.37447,1508
Alfred,ME,43.47647,-70.71839,2596
Danbury,CT,41.39482,-73.45401,84657
Berwick,ME,43.26592,-70.8645,2187
Guilford,ME,45.16894,-69.38449,903
Hope,ME,44.26508,-69.15893,1362
Danielson,CT,41.8026,-71.88591,3987
Darien,CT,41.07871,-73.46929,20732
Rockland,ME,44.10369,-69.10893,7237
Union,ME,44.21147,-69.27421,2297
Inkster,MI,42.2942,-83.30993,24672
Edina,MO,40.16754,-92.17268,1108
Derby,CT,41.32065,-73.089,12700
Saint Edward,NE,41.57001,-97.86589,705
Shelby,NE,41.19224,-97.42532,685
Dalton,NH,44.41589,-71.69481,987
Stark,NH,44.60144,-71.42453,550
Yardville,NJ,40.18122,-74.66432,7186
Camillus,NY,43.03923,-76.3041,1228
Clyde,NY,43.08423,-76.8694,2006
Durham,CT,41.48176,-72.68121,2933
Rush,NY,42.9959,-77.64556,3478
Wayland,NY,42.56784,-77.58971,1813
Watervliet,NY,42.73008,-73.70123,10214
East Brooklyn,CT,41.79677,-71.89729,1638
Cleveland Heights,OH,41.52005,-81.55624,44962
Genoa,OH,40.78284,-81.46651,2331
East Haddam,CT,41.45315,-72.4612,9042
East Hampton,CT,41.57593,-72.50259,2691
East Hartford,CT,41.78232,-72.61203,51252
East Haven,CT,41.27621,-72.86843,29257
Chase,PA,41.2848,-75.96298,978
Carnegie,PA,40.40868,-80.08339,7931
East Norwalk,CT,41.10565,-73.39845,84530
Goldsboro,PA,40.15259,-76.75025,938
Roxborough,PA,40.03817,-75.2224,14131
Easton,CT,41.25287,-73.29734,7625
Hayti,SD,44.65719,-97.20507,381
Brussels,WI,44.73611,-87.62093,1110
Ellington,CT,41.90399,-72.46981,14693
Montfort,WI,42.97166,-90.43318,702
Sherry,WI,44.58413,-89.91568,800
Enfield,CT,41.97621,-72.59176,45212
Fairfield,CT,41.14121,-73.26373,59052
Falls Village,CT,41.95593,-73.36317,538
Farmington,CT,41.71982,-72.83204,25000
Gales Ferry,CT,41.42982,-72.08202,1162
Georgetown,CT,41.25565,-73.43484,1805
Glastonbury,CT,41.71232,-72.60815,31876
Glastonbury Center,CT,41.70093,-72.59953,7387
Glenville,CT,41.03538,-73.65985,2327
Greenwich,CT,41.02649,-73.62846,12942
Groton,CT,41.3501,-72.07841,9221
Groton Long Point,CT,41.31454,-72.00785,513
Guilford,CT,41.28899,-72.68176,22498
Hamden,CT,41.39593,-72.89677,59847
Hartford,CT,41.76371,-72.68509,121054
Hazardville,CT,41.98732,-72.54481,4599
Hebron,CT,41.65788,-72.36592,9298
Heritage Village,CT,41.48565,-73.23789,3736
Higganum,CT,41.49704,-72.55703,1698
Jewett City,CT,41.60677,-71.98091,3441
Kensington,CT,41.63538,-72.76871,8459
Kent,CT,41.72482,-73.47707,2858
Killingly Center,CT,41.83871,-71.86924,17282
Killingworth,CT,41.35815,-72.5637,6174
Lake Pocotopaug,CT,41.59843,-72.51037,3436
Lakeville,CT,41.96454,-73.44012,928
Ledyard,CT,41.43982,-72.01424,15212
Lisbon,CT,41.60399,-72.01174,4234
Litchfield,CT,41.74732,-73.18872,1215
Long Hill,CT,41.35399,-72.0523,4205
Madison,CT,41.27954,-72.59843,19100
Manchester,CT,41.77593,-72.52148,30577
Mansfield Center,CT,41.76538,-72.19813,947
Mansfield City,CT,41.76593,-72.23369,26439
Meriden,CT,41.53815,-72.80704,59988
Middlebury,CT,41.52787,-73.12761,6974
Middletown,CT,41.56232,-72.65065,46756
Milford,CT,41.22232,-73.0565,52759
Montville Center,CT,41.47899,-72.15119,20180
Moodus,CT,41.50288,-72.45009,1413
Moosup,CT,41.71288,-71.88091,3231
Mystic,CT,41.35427,-71.96646,4205
Naugatuck,CT,41.48593,-73.05066,31538
New Britain,CT,41.66121,-72.77954,72808
New Canaan,CT,41.14676,-73.49484,19738
New Fairfield,CT,41.46648,-73.48568,14126
New Haven,CT,41.30815,-72.92816,130322
New London,CT,41.35565,-72.09952,27179
New Milford,CT,41.57704,-73.40845,6523
New Preston,CT,41.6751,-73.35179,1182
Newington,CT,41.69788,-72.72371,30562
Niantic,CT,41.32538,-72.19313,3114
Noank,CT,41.32788,-71.99063,1796
North Branford,CT,41.3276,-72.76732,14454
North Granby,CT,41.99593,-72.82954,1944
North Grosvenor Dale,CT,41.98565,-71.89868,1530
North Haven,CT,41.39093,-72.85954,24093
North Stamford,CT,41.13815,-73.54346,121230
Norwalk,CT,41.1176,-73.4079,88485
Norwich,CT,41.52426,-72.07591,39899
Oakville,CT,41.59343,-73.08539,9047
Old Greenwich,CT,41.02287,-73.56485,6611
Old Mystic,CT,41.39149,-71.96174,3554
Old Saybrook,CT,41.29177,-72.3762,10627
Orange,CT,41.27843,-73.02566,13956
Oxford,CT,41.43399,-73.11678,11345
Pawcatuck,CT,41.37732,-71.83368,5624
Pemberwick,CT,41.02565,-73.66068,3680
Plainfield,CT,41.67649,-71.91507,15498
Plainville,CT,41.67454,-72.85816,17328
Plymouth,CT,41.67204,-73.05289,12284
Poquonock Bridge,CT,41.3451,-72.0248,1727
Portland,CT,41.57288,-72.64065,5862
Prospect,CT,41.50232,-72.97872,9476
Preston City,CT,41.52899,-71.97396,5000
Putnam,CT,41.9151,-71.90896,7214
Quinebaug,CT,42.02371,-71.9498,1133
Ridgefield,CT,41.28148,-73.49818,7645
Riverside,CT,41.03371,-73.57818,8416
Rockville,CT,41.86676,-72.44953,7474
Salem,CT,41.49038,-72.27536,4183
Salmon Brook,CT,41.95649,-72.79537,2324
Saybrook Manor,CT,41.28538,-72.39897,1052
Seymour,CT,41.39676,-73.07594,16562
Sharon,CT,41.87926,-73.47679,729
Shelton,CT,41.31649,-73.09316,41296
Sherman,CT,41.57926,-73.49568,3827
Sherwood Manor,CT,42.01343,-72.56425,5410
Somers,CT,41.98537,-72.4462,1789
South Windham,CT,41.67954,-72.17036,1421
South Windsor,CT,41.82371,-72.6212,24412
South Woodstock,CT,41.93899,-71.95952,1291
Southbury,CT,41.48148,-73.21317,19836
Southington,CT,41.59649,-72.8776,43501
Southport,CT,41.13649,-73.28345,1585
Southwood Acres,CT,41.9626,-72.57148,7657
Stafford,CT,41.98482,-72.28897,12029
Stafford Springs,CT,41.95426,-72.3023,4988
Stamford,CT,41.05343,-73.53873,128874
Stonington,CT,41.33593,-71.9059,908
Storrs,CT,41.80843,-72.24952,15344
Stratford,CT,41.18454,-73.13317,51384
Suffield Depot,CT,41.98121,-72.64981,1325
Terramuggus,CT,41.6351,-72.47036,1025
Terryville,CT,41.67815,-73.01094,5387
Thomaston,CT,41.67399,-73.07316,1910
Thompson,CT,41.95871,-71.86257,9358
Thompsonville,CT,41.99704,-72.59898,8577
Tolland,CT,41.87149,-72.36869,14891
Torrington,CT,41.80065,-73.12122,34906
Trumbull,CT,41.24287,-73.20067,36018
Uncasville,CT,41.43454,-72.1098,1500
Wallingford,CT,41.45704,-72.82316,17712
Washington,CT,41.63148,-73.31067,3466
Waterbury,CT,41.55815,-73.0515,108802
Watertown,CT,41.60621,-73.11817,3574
Wauregan,CT,41.74427,-71.90924,1205
Weatogue,CT,41.84371,-72.82843,2776
West Hartford,CT,41.76204,-72.74204,63268
West Haven,CT,41.27065,-72.94705,54927
West Simsbury,CT,41.87315,-72.85815,2447
West Torrington,CT,41.81843,-73.14372,36000
Westport,CT,41.14149,-73.3579,26391
Wethersfield,CT,41.71427,-72.65259,26668
Willimantic,CT,41.71065,-72.20813,17737
Wilton,CT,41.19537,-73.4379,18062
Winchester Center,CT,41.9001,-73.13483,10830
Windham,CT,41.69982,-72.15702,23072
Windsor,CT,41.8526,-72.6437,28778
Windsor Locks,CT,41.92926,-72.62731,12498
Winsted,CT,41.92121,-73.06011,7712
Wolcott,CT,41.60232,-72.98677,16639
Woodbridge,CT,41.3526,-73.00844,9355
Woodbury,CT,41.54454,-73.209,9755
Woodmont,CT,41.22815,-72.99149,1505
Ackley,IA,42.55415,-93.05326,1560
Adair,IA,41.50054,-94.64359,728
Adel,IA,41.61443,-94.01745,4245
Afton,IA,41.02749,-94.19801,829
Agency,IA,40.99502,-92.30685,641
Ainsworth,IA,41.28891,-91.55238,571
Akron,IA,42.82888,-96.55948,1450
Albert City,IA,42.78192,-94.9486,688
Albia,IA,41.02667,-92.80575,3829
Alburnett,IA,42.14833,-91.61851,695
Alden,IA,42.52026,-93.37604,764
Algona,IA,43.06997,-94.23302,5470
Allison,IA,42.75275,-92.79519,1029
Alta,IA,42.67359,-95.29055,1883
Alton,IA,42.98749,-96.01057,1264
Altoona,IA,41.64416,-93.46466,16984
Ames,IA,42.03471,-93.61994,65060
Anamosa,IA,42.10834,-91.28516,5469
Anita,IA,41.44526,-94.7647,956
Ankeny,IA,41.72971,-93.60577,56764
Anthon,IA,42.38832,-95.86668,569
Aplington,IA,42.58415,-92.88436,1079
Armstrong,IA,43.39607,-94.47831,889
Arnolds Park,IA,43.37274,-95.12388,1234
Asbury,IA,42.51445,-90.75152,5291
Atkins,IA,41.99694,-91.86213,1795
Atlantic,IA,41.4036,-95.01388,6833
Audubon,IA,41.71804,-94.93249,2017
Aurelia,IA,42.71276,-95.43667,992
Avoca,IA,41.47666,-95.33805,1504
Badger,IA,42.61441,-94.14607,550
Bancroft,IA,43.29274,-94.21802,710
Batavia,IA,40.99418,-92.1674,516
Battle Creek,IA,42.31554,-95.59861,695
Baxter,IA,41.8261,-93.15159,1103
Beaverdale,IA,40.8467,-91.20848,952
Bedford,IA,40.66693,-94.72136,1415
Belle Plaine,IA,41.89694,-92.27824,2475
Bellevue,IA,42.25863,-90.42291,2176
Belmond,IA,42.84608,-93.6141,2314
Bettendorf,IA,41.52448,-90.51569,35505
Blairstown,IA,41.90944,-92.08435,670
Bloomfield,IA,40.75169,-92.41491,2617
Blue Grass,IA,41.50892,-90.76598,1676
Bondurant,IA,41.70054,-93.46216,4996
Boone,IA,42.0597,-93.88023,12692
Boyden,IA,43.19109,-96.00585,708
Brighton,IA,41.17474,-91.81961,659
Britt,IA,43.09774,-93.80189,1973
Brooklyn,IA,41.73361,-92.44546,1420
Buffalo (historical),IA,41.3111,-94.00356,1262
Buffalo,IA,41.45642,-90.72347,1299
Buffalo Center,IA,43.38579,-93.94662,895
Burlington,IA,40.80754,-91.11292,25410
Burt,IA,43.19746,-94.21969,511
Calmar,IA,43.18358,-91.86405,960
Camanche,IA,41.78809,-90.25624,4341
Cambridge,IA,41.89832,-93.5291,821
Carlisle,IA,41.50082,-93.49105,4168
Carroll,IA,42.06582,-94.86693,9968
Carson,IA,41.23666,-95.41806,816
Carter Lake,IA,41.29055,-95.91807,3791
Cascade,IA,42.29862,-91.01486,2271
Cedar Falls,IA,42.52776,-92.44547,41255
Cedar Rapids,IA,42.00833,-91.64407,130405
Center Point,IA,42.19083,-91.78518,2521
Centerville,IA,42.09276,-93.93551,5745
Central City,IA,42.20388,-91.52406,1269
Chariton,IA,41.01389,-93.3066,4214
Charles City,IA,43.06636,-92.67241,7455
Cherokee,IA,42.74943,-95.55167,5030
Clarence,IA,41.88891,-91.05654,970
Clarinda,IA,40.73981,-95.038,5418
Clarion,IA,42.73164,-93.73299,2767
Clarksville,IA,42.7847,-92.66769,1409
Clear Lake,IA,43.13802,-93.37937,7590
Clermont,IA,43.00359,-91.65237,609
Clinton,IA,41.84447,-90.18874,26064
Clive,IA,41.60304,-93.72411,15447
Coalville,IA,42.44525,-94.12579,610
Coggon,IA,42.28082,-91.53044,659
Colfax,IA,41.67777,-93.2452,2051
Colo,IA,42.01777,-93.31521,861
Columbus Junction,IA,41.28003,-91.36071,1860
Conrad,IA,42.22471,-92.87465,1100
Coon Rapids,IA,41.87082,-94.67748,1269
Coralville,IA,41.6764,-91.58045,20608
Corning,IA,40.98999,-94.74081,1537
Correctionville,IA,42.47499,-95.78557,811
Corydon,IA,40.75695,-93.31882,1589
Council Bluffs,IA,41.26194,-95.86083,62597
Crescent,IA,41.365,-95.85807,630
Cresco,IA,43.38136,-92.11405,3833
Creston,IA,41.0586,-94.36135,7854
Dakota City,IA,42.72219,-94.19718,813
Dallas Center,IA,41.68443,-93.96106,1792
Danville,IA,40.86448,-91.3146,936
Davenport,IA,41.52364,-90.57764,102582
Dayton,IA,42.26136,-94.06857,798
De Soto,IA,41.53166,-94.00967,1089
De Witt,IA,41.82336,-90.53819,5242
Decorah,IA,43.30331,-91.78571,7907
Delmar,IA,42.00225,-90.60708,502
Denison,IA,42.01777,-95.35528,8334
Denver,IA,42.67137,-92.3374,1835
Des Moines,IA,41.60054,-93.60911,214133
Dexter,IA,41.51832,-94.22635,630
Dike,IA,42.46415,-92.62825,1289
Donnellson,IA,40.64282,-91.5646,901
Doon,IA,43.27942,-96.2328,591
Dows,IA,42.65664,-93.50104,514
Dubuque,IA,42.50056,-90.66457,58799
Dumont,IA,42.75192,-92.97547,627
Dunkerton,IA,42.56999,-92.16046,842
Dunlap,IA,41.85443,-95.60056,977
Durant,IA,41.59975,-90.9107,1816
Dyersville,IA,42.48444,-91.12291,4204
Dysart,IA,42.17166,-92.3063,1354
Eagle Grove,IA,42.66414,-93.90439,3419
Earlham,IA,41.49193,-94.12412,1405
Earlville,IA,42.48166,-91.27236,790
Early,IA,42.46137,-95.15194,532
Edgewood,IA,42.64443,-91.40125,867
Eddyville,IA,41.1565,-92.63739,1012
Eldon,IA,40.91863,-92.22296,915
Eldora,IA,42.36082,-93.09965,2702
Eldridge,IA,41.65809,-90.58458,6232
Elgin,IA,42.95748,-91.63071,649
Elk Horn,IA,41.59166,-95.05999,638
Elk Run Heights,IA,42.46693,-92.25657,1134
Elkader,IA,42.85387,-91.40542,1213
Elkhart,IA,41.79165,-93.52216,742
Ellsworth,IA,42.31276,-93.57882,509
Elma,IA,43.24664,-92.43601,539
Ely,IA,41.87362,-91.58518,2074
Emmetsburg,IA,43.11274,-94.68304,3811
Epworth,IA,42.445,-90.93208,1955
Estherville,IA,43.40163,-94.83276,6011
Essex,IA,40.83361,-95.30832,770
Evansdale,IA,42.46915,-92.28102,4812
Everly,IA,43.15997,-95.3275,581
Exira,IA,41.59082,-94.87554,788
Fairbank,IA,42.63915,-92.04712,1117
Fairfax,IA,41.91945,-91.78101,2497
Fairfield,IA,41.00863,-91.96267,9892
Farley,IA,42.44278,-91.00625,1691
Farmington,IA,40.64031,-91.74294,649
Fayette,IA,42.84193,-91.80211,1491
Fonda,IA,42.58137,-94.8461,607
Fontanelle,IA,41.28971,-94.56164,636
Forest City,IA,43.26246,-93.63716,4018
Fort Dodge,IA,42.49747,-94.16802,24649
Fort Madison,IA,40.62976,-91.31515,10717
Fredericksburg,IA,42.96525,-92.19962,922
Fremont,IA,41.21251,-92.43546,729
Fruitland,IA,41.35614,-91.12932,977
Garnavillo,IA,42.8686,-91.23596,726
Garner,IA,43.10246,-93.60188,3107
Garwin,IA,42.0936,-92.67575,508
George,IA,43.34386,-96.00224,1055
Gilbert,IA,42.10693,-93.64966,1116
Gilbertville,IA,42.4161,-92.2149,747
Gilman,IA,41.87888,-92.78936,504
Glenwood,IA,41.04694,-95.74251,5253
Glidden,IA,42.05693,-94.72887,1127
Goldfield,IA,42.7358,-93.92078,608
Gowrie,IA,42.28053,-94.2908,999
Graettinger,IA,43.23774,-94.75137,811
Grand Junction,IA,42.03165,-94.2408,789
Grand Mound,IA,41.82419,-90.64792,617
Grandview,IA,41.27586,-91.18848,534
Granger,IA,41.7611,-93.82439,1431
Greene,IA,42.89581,-92.80242,1120
Greenfield,IA,41.30527,-94.46135,1883
Grimes,IA,41.68832,-93.79106,10676
Grinnell,IA,41.74305,-92.72241,9141
Griswold,IA,41.23499,-95.13749,984
Grundy Center,IA,42.36165,-92.76853,2714
Guthrie Center,IA,41.67721,-94.5033,1513
Guttenberg,IA,42.78582,-91.09957,1861
Hamburg,IA,40.60445,-95.65777,1082
Hampton,IA,42.74192,-93.20242,4290
Harlan,IA,41.65304,-95.32555,5002
Hartford,IA,41.45944,-93.40493,762
Hartley,IA,43.17997,-95.47695,1616
Hawarden,IA,42.99582,-96.48531,2551
Hazleton,IA,42.62082,-91.90017,818
Hedrick,IA,41.17251,-92.30879,744
Hiawatha,IA,42.03583,-91.68212,7199
Hills,IA,41.55419,-91.53489,822
Hinton,IA,42.62777,-96.29169,938
Holstein,IA,42.48915,-95.545,1391
Hopkinton,IA,42.34389,-91.24848,613
Hospers,IA,43.07193,-95.90446,714
Hubbard,IA,42.30554,-93.30021,834
Hudson,IA,42.40665,-92.45547,2381
Hull,IA,43.18859,-96.13363,2244
Humboldt,IA,42.7208,-94.21524,4596
Huxley,IA,41.89527,-93.60077,3536
Ida Grove,IA,42.34499,-95.47167,2122
Independence,IA,42.4686,-91.88934,6028
Indianola,IA,41.35805,-93.55744,15467
Inwood,IA,43.3072,-96.43198,811
Iowa City,IA,41.66113,-91.53017,74220
Iowa Falls,IA,42.52248,-93.25131,5195
Ireton,IA,42.97471,-96.31836,602
Janesville,IA,42.64609,-92.46296,954
Jefferson,IA,42.01526,-94.37747,4204
Jesup,IA,42.47554,-92.06379,2671
Jewell,IA,42.30693,-93.64022,1188
Johnston,IA,41.67304,-93.69772,20871
Kalona,IA,41.48307,-91.706,2509
Kanawha,IA,42.93774,-93.79327,627
Kellogg,IA,41.71805,-92.90742,592
Keokuk,IA,40.39727,-91.38487,10609
Keosauqua,IA,40.73031,-91.96239,947
Keota,IA,41.3639,-91.95379,970
Keystone,IA,41.99833,-92.19741,609
Kingsley,IA,42.58832,-95.96752,1396
Knoxville,IA,41.32083,-93.10937,7248
La Porte City,IA,42.31499,-92.19213,2290
Lake City,IA,42.26748,-94.73387,1670
Lake Mills,IA,43.4194,-93.53327,2060
Lake Park,IA,43.45552,-95.32083,1137
Lake View,IA,42.31165,-95.05332,1125
Lakeside,IA,42.62137,-95.17333,700
Lamoni,IA,40.62278,-93.93412,2376
Lansing,IA,43.3622,-91.21652,939
Larchwood,IA,43.45359,-96.43421,886
Laurens,IA,42.84664,-94.85193,1180
Lawton,IA,42.4786,-96.18391,960
Le Claire,IA,41.59864,-90.34346,3982
Le Grand,IA,42.00693,-92.77548,946
Le Mars,IA,42.79416,-96.16558,9761
Lenox,IA,40.88165,-94.56191,1385
Leon,IA,40.73972,-93.74772,1903
Lisbon,IA,41.92112,-91.38545,2202
Logan,IA,41.64305,-95.7889,1465
Lone Tree,IA,41.48808,-91.42599,1415
Long Grove,IA,41.69753,-90.58264,844
Lovilia,IA,41.13584,-92.90409,519
Lowden,IA,41.85752,-90.9282,770
Madrid,IA,41.87665,-93.82328,2588
Maharishi Vedic City,IA,41.05252,-91.9949,1299
Malvern,IA,41.00278,-95.58528,1117
Manchester,IA,42.48415,-91.45543,5073
Manilla,IA,41.88971,-95.23222,775
Manly,IA,43.28718,-93.20215,1310
Manning,IA,41.90915,-95.06499,1472
Manson,IA,42.52914,-94.53414,1615
Mapleton,IA,42.16582,-95.79306,1214
Maquoketa,IA,42.06891,-90.66569,5989
Marcus,IA,42.82582,-95.80751,1070
Marengo,IA,41.79806,-92.07074,2513
Marion,IA,42.03417,-91.59768,37330
Marshalltown,IA,42.04943,-92.90798,27620
Mason City,IA,43.15357,-93.20104,27366
Maxwell,IA,41.89193,-93.39965,923
McGregor,IA,43.01832,-91.18263,839
Mechanicsville,IA,41.90446,-91.25461,1108
Mediapolis,IA,41.00809,-91.16404,1574
Melbourne,IA,41.94138,-93.10326,827
Melcher-Dallas,IA,41.225,-93.24132,1259
Merrill,IA,42.71971,-96.24864,733
Middle Amana,IA,41.79556,-91.89962,581
Milford,IA,43.32469,-95.15,3018
Milo,IA,41.29166,-93.44243,772
Minden,IA,41.46694,-95.54278,594
Missouri Valley,IA,41.55638,-95.88779,2695
Mitchellville,IA,41.6686,-93.35771,2304
Monona,IA,43.05165,-91.3893,1500
Monroe,IA,41.52221,-93.10187,1831
Montezuma,IA,41.58583,-92.52741,1411
Monticello,IA,42.23834,-91.18709,3825
Montrose,IA,40.53226,-91.41488,885
Moravia,IA,40.89084,-92.8152,643
Morning Sun,IA,41.09614,-91.25765,821
Moulton,IA,40.68585,-92.67741,585
Mount Ayr,IA,40.71471,-94.23523,1686
Mount Pleasant,IA,40.96364,-91.55794,8433
Mount Vernon,IA,41.92195,-91.41684,4486
Moville,IA,42.48888,-96.07252,1634
Murray,IA,41.04166,-93.94939,735
Muscatine,IA,41.42447,-91.04321,23968
Nashua,IA,42.95275,-92.5363,1621
Neola,IA,41.44888,-95.61556,862
Nevada,IA,42.02277,-93.45243,6831
New Hampton,IA,43.05914,-92.31768,3452
New Hartford,IA,42.56693,-92.62214,508
New London,IA,40.92698,-91.3996,1882
New Sharon,IA,41.47,-92.6513,1291
Newell,IA,42.60553,-95.00277,871
Newhall,IA,41.99556,-91.96768,850
Newton,IA,41.69971,-93.04798,15125
Nora Springs,IA,43.14275,-93.00437,1389
North English,IA,41.5139,-92.07629,1022
North Liberty,IA,41.74918,-91.59795,15931
Northwood,IA,43.44412,-93.22104,1995
Norwalk,IA,41.47555,-93.67883,10135
Norway,IA,41.90278,-91.92157,526
Oakland,IA,41.30916,-95.39667,1507
Odebolt,IA,42.31221,-95.25055,978
Oelwein,IA,42.67332,-91.9135,6153
Ogden,IA,42.03915,-94.02773,2041
Okoboji,IA,43.38635,-95.14833,818
Olin,IA,41.99807,-91.14155,688
Onawa,IA,42.02665,-96.09724,2881
Orange City,IA,43.00721,-96.05835,6198
Orleans,IA,43.44718,-95.09249,614
Osage,IA,43.28414,-92.81103,3654
Osceola,IA,41.03389,-93.7655,4972
Oskaloosa,IA,41.29639,-92.64436,11607
Ossian,IA,43.14636,-91.7646,819
Otho,IA,42.42469,-94.15024,524
Ottumwa,IA,41.02001,-92.4113,24624
Oxford,IA,41.72334,-91.79045,825
Palo,IA,42.06611,-91.79546,1053
Panora,IA,41.69165,-94.36302,1085
Park View,IA,41.6942,-90.54569,2389
Parkersburg,IA,42.57748,-92.78686,1960
Paullina,IA,42.97915,-95.68807,1017
Pella,IA,41.40805,-92.91631,10363
Peosta,IA,42.45056,-90.85041,1618
Perry,IA,41.8386,-94.10718,8089
Pleasant Hill,IA,41.58388,-93.51994,9314
Pleasantville,IA,41.38583,-93.26937,1669
Pocahontas,IA,42.73553,-94.66915,1740
Polk City,IA,41.77138,-93.713,4323
Pomeroy,IA,42.55109,-94.68387,625
Postville,IA,43.0847,-91.5682,2131
Prairie City,IA,41.59943,-93.23521,1709
Preston,IA,42.0503,-90.41402,1012
Primghar,IA,43.08692,-95.62723,879
Princeton,IA,41.67475,-90.34041,929
Quasqueton,IA,42.39443,-91.761,547
Radcliffe,IA,42.31526,-93.43438,538
Raymond,IA,42.46888,-92.21963,816
Readlyn,IA,42.70221,-92.22546,826
Red Oak,IA,41.00972,-95.22555,5472
Redfield,IA,41.58943,-94.19607,873
Reinbeck,IA,42.3236,-92.59936,1639
Remsen,IA,42.81471,-95.97335,1632
Riceville,IA,43.36386,-92.55407,810
Richland,IA,41.18557,-91.99295,562
Riverside,IA,41.47974,-91.58128,1045
Robins,IA,42.07111,-91.66684,3454
Rock Rapids,IA,43.42719,-96.17586,2602
Rock Valley,IA,43.20526,-96.29503,3693
Rockford,IA,43.05219,-92.94853,844
Rockwell,IA,42.98524,-93.19187,1019
Rockwell City,IA,42.39526,-94.63387,2141
Roland,IA,42.16637,-93.50188,1304
Rolfe,IA,42.81275,-94.52692,559
Runnells,IA,41.5111,-93.35743,516
Russell,IA,40.98195,-93.19854,537
Ruthven,IA,43.12913,-94.89915,704
Sabula,IA,42.07113,-90.17402,552
Sac City,IA,42.4222,-94.98971,2144
Saint Ansgar,IA,43.3783,-92.91881,1107
Saint Charles,IA,41.28833,-93.80939,653
Sanborn,IA,43.18164,-95.65557,1385
Saylorville,IA,41.6786,-93.62966,3301
Schaller,IA,42.4997,-95.29305,745
Schleswig,IA,42.16527,-95.43694,881
Scranton,IA,42.02248,-94.54525,530
Sergeant Bluff,IA,42.40388,-96.35864,4520
Seymour,IA,40.68251,-93.12104,696
Sheffield,IA,42.8933,-93.2152,1140
Shelby,IA,41.5161,-95.45028,618
Sheldon,IA,43.18109,-95.85613,5088
Shell Rock,IA,42.71026,-92.58297,1323
Shellsburg,IA,42.09444,-91.86935,951
Shenandoah,IA,40.76555,-95.37221,5021
Shueyville,IA,41.85056,-91.64656,672
Sidney,IA,40.74833,-95.6475,1044
Sibley,IA,43.39914,-95.75196,2668
Sigourney,IA,41.33334,-92.20463,2005
Sioux Center,IA,43.07971,-96.17558,7461
Sioux City,IA,42.49999,-96.40031,82821
Sioux Rapids,IA,42.89331,-95.15111,777
Slater,IA,41.87776,-93.67855,1506
Sloan,IA,42.23277,-96.22808,979
Solon,IA,41.80723,-91.49406,2545
Spencer,IA,43.14136,-95.14444,11212
Spirit Lake,IA,43.42218,-95.10222,5018
Springville,IA,42.05945,-91.44267,1139
Stanton,IA,40.98166,-95.10415,639
Stanwood,IA,41.89307,-91.15071,662
State Center,IA,42.01665,-93.16354,1470
Storm Lake,IA,42.64109,-95.20972,10910
Story City,IA,42.18721,-93.59577,3438
Stratford,IA,42.27137,-93.92717,725
Strawberry Point,IA,42.6836,-91.53403,1236
Stuart,IA,41.50332,-94.31857,1602
Sully,IA,41.57833,-92.84492,822
Sumner,IA,42.84748,-92.09156,2009
Sutherland,IA,42.97414,-95.49751,618
Swea City,IA,43.3844,-94.31497,521
Swisher,IA,41.84556,-91.69295,943
Tabor,IA,40.89833,-95.67139,979
Tama,IA,41.96666,-92.57686,2819
Tiffin,IA,41.70585,-91.66295,2657
Tipton,IA,41.76974,-91.12793,3200
Toledo,IA,41.99555,-92.57686,2202
Traer,IA,42.1936,-92.46547,1655
Treynor,IA,41.2325,-95.61306,952
Tripoli,IA,42.80804,-92.25823,1342
Underwood,IA,41.38694,-95.67667,940
University Heights,IA,41.65502,-91.55684,1119
Urbana,IA,42.22416,-91.87434,1459
Urbandale,IA,41.62666,-93.71217,44062
Van Horne,IA,42.00861,-92.09102,664
Van Meter,IA,41.53193,-93.95412,1142
Ventura,IA,43.12635,-93.47771,718
Villisca,IA,40.92971,-94.97609,1194
Vinton,IA,42.16861,-92.02351,5148
Walcott,IA,41.58475,-90.77209,1636
Walford,IA,41.87834,-91.83462,1459
Walker,IA,42.28666,-91.78073,792
Wall Lake,IA,42.2711,-95.09305,795
Walnut,IA,41.47749,-95.22194,776
Wapello,IA,41.18142,-91.18543,2041
Washburn,IA,42.41166,-92.26741,876
Washington,IA,41.29918,-91.69294,7408
Waterloo,IA,42.49276,-92.34296,68460
Waukee,IA,41.61166,-93.88523,18990
Waukon,IA,43.26942,-91.4757,3736
Waverly,IA,42.72581,-92.47546,10066
Wayland,IA,41.14724,-91.66072,969
Webster City,IA,42.46942,-93.81605,7814
Wellman,IA,41.46418,-91.83823,1431
Wellsburg,IA,42.45915,-92.93853,707
West Branch,IA,41.67141,-91.34655,2337
West Bend,IA,42.95691,-94.44108,759
West Burlington,IA,40.82504,-91.15654,3047
West Des Moines,IA,41.57721,-93.71133,64113
West Liberty,IA,41.57002,-91.26377,3728
West Point,IA,40.7167,-91.45015,962
West Union,IA,42.96276,-91.80822,2409
Wheatland,IA,41.83169,-90.8382,733
What Cheer,IA,41.4014,-92.35463,622
Whiting,IA,42.12749,-96.14946,753
Williamsburg,IA,41.66112,-92.00907,3195
Wilton,IA,41.58892,-91.01682,2805
Windsor Heights,IA,41.59777,-93.70828,4889
Winfield,IA,41.12308,-91.44127,1142
Winterset,IA,41.33082,-94.01384,5176
Winthrop,IA,42.47332,-91.73433,849
Woodbine,IA,41.73832,-95.70278,1422
Woodward,IA,41.85693,-93.9219,1503
Wyoming,IA,42.05918,-91.00737,511
Zearing,IA,42.1611,-93.29715,537
Abingdon,IL,40.80448,-90.4018,3182
Addison,IL,41.9317,-87.98896,37208
Albany,IL,41.78947,-90.21929,890
Albany Park,IL,41.96836,-87.72339,52079
Aledo,IL,41.19976,-90.74931,3564
Alexis,IL,41.06337,-90.55597,809
Algonquin,IL,42.16558,-88.29425,30571
Alpha,IL,41.1917,-90.38013,648
Alsip,IL,41.66892,-87.73866,19346
Altona,IL,41.11476,-90.16456,511
Amboy,IL,41.7142,-89.32871,2356
Andalusia,IL,41.4392,-90.71764,1182
Annawan,IL,41.39726,-89.90455,858
Antioch,IL,42.47724,-88.09564,14329
Arlington Heights,IL,42.08836,-87.98063,75926
Aroma Park,IL,41.07975,-87.81143,712
Ashburn,IL,41.74753,-87.71116,42752
Ashkum,IL,40.88031,-87.95504,737
Ashton,IL,41.86614,-89.22121,916
Astoria,IL,40.22754,-90.35957,1086
Atkinson,IL,41.42087,-90.01511,948
Atlanta,IL,40.25948,-89.23342,1648
Augusta,IL,40.23005,-90.95013,566
Aurora,IL,41.76058,-88.32007,200661
Avon,IL,40.66421,-90.43485,757
Avondale,IL,41.93892,-87.71117,39721
Bannockburn,IL,42.19336,-87.86646,1571
Barrington,IL,42.15391,-88.13619,10353
Barrington Hills,IL,42.14475,-88.15563,4251
Bartlett,IL,41.99503,-88.18563,41545
Bartonville,IL,40.65032,-89.65205,6382
Batavia,IL,41.85003,-88.31257,26495
Beach Park,IL,42.42224,-87.8573,13976
Beardstown,IL,40.01755,-90.42429,5738
Bedford Park,IL,41.76281,-87.80006,577
Beecher,IL,41.34059,-87.62143,4450
Bellevue,IL,40.68448,-89.6801,1954
Bellwood,IL,41.88142,-87.88312,19308
Belmont Cragin,IL,41.9317,-87.76867,79159
Belvidere,IL,42.26391,-88.84427,25132
Bensenville,IL,41.95503,-87.94007,18440
Berkeley,IL,41.88892,-87.9034,5203
Berwyn,IL,41.85059,-87.79367,56368
Big Rock,IL,41.76392,-88.54702,1165
Bismarck,IL,40.26393,-87.60808,555
Blandinsville,IL,40.55615,-90.86597,620
Bloomingdale,IL,41.95753,-88.0809,22254
Bloomington,IL,40.4842,-88.99369,78292
Blue Island,IL,41.65726,-87.68005,23652
Bolingbrook,IL,41.69864,-88.0684,74306
Boulder Hill,IL,41.71253,-88.33618,8108
Bourbonnais,IL,41.15376,-87.88754,18569
Braceville,IL,41.22698,-88.26478,769
Bradford,IL,41.17726,-89.6576,736
Bradley,IL,41.14198,-87.86115,15617
Braidwood,IL,41.26503,-88.21228,6172
Bridgeview,IL,41.75003,-87.80422,16407
Brighton Park,IL,41.81892,-87.69894,44202
Brimfield,IL,40.83893,-89.8865,854
Broadview,IL,41.86392,-87.85339,7918
Brookfield,IL,41.82392,-87.85173,18944
Buckley,IL,40.59698,-88.0381,569
Buda,IL,41.32615,-89.67899,519
Buffalo Grove,IL,42.15141,-87.95979,41496
Bull Valley,IL,42.32058,-88.35509,1104
Burbank,IL,41.73392,-87.7795,29128
Burlington,IL,42.0528,-88.54814,637
Burnham,IL,41.63892,-87.55671,4210
Burr Ridge,IL,41.74892,-87.91839,10818
Bushnell,IL,40.55282,-90.50624,2976
Byron,IL,42.12697,-89.25566,3648
Calumet City,IL,41.61559,-87.52949,37031
Calumet Park,IL,41.66281,-87.6606,7865
Cambridge,IL,41.30365,-90.1929,2113
Camp Point,IL,40.03921,-91.0693,1125
Capron,IL,42.39974,-88.74038,1348
Carbon Cliff,IL,41.49476,-90.39068,2037
Carlock,IL,40.58226,-89.13203,555
Carol Stream,IL,41.91253,-88.13479,40356
Carpentersville,IL,42.12114,-88.25786,38512
Carthage,IL,40.41643,-91.13625,2545
Cary,IL,42.21197,-88.23814,17965
Catlin,IL,40.06504,-87.70197,2007
Cedarville,IL,42.37585,-89.63317,716
Chadwick,IL,42.01336,-89.89068,526
Champaign,IL,40.11642,-88.24338,86096
Chandlerville,IL,40.0481,-90.15512,523
Channahon,IL,41.42948,-88.22867,12594
Channel Lake,IL,42.47863,-88.13759,1664
Chatsworth,IL,40.75365,-88.29199,1151
Chebanse,IL,41.00309,-87.9081,1023
Chenoa,IL,40.7417,-88.71979,1763
Cherry Valley,IL,42.23474,-88.94899,3098
Chicago,IL,41.85003,-87.65005,2664452
Chicago Heights,IL,41.50615,-87.6356,30284
Chicago Lawn,IL,41.77503,-87.69644,55551
Chicago Ridge,IL,41.70142,-87.77922,14373
Chillicothe,IL,40.92226,-89.4862,6226
Cicero,IL,41.84559,-87.75394,83886
Cissna Park,IL,40.56476,-87.89309,812
Clarendon Hills,IL,41.79753,-87.95478,8676
Clayton,IL,40.03144,-90.96069,745
Clifton,IL,40.93531,-87.93449,1410
Clinton,IL,40.15365,-88.96453,7048
Coal City,IL,41.28781,-88.28562,5489
Coal Valley,IL,41.42865,-90.46096,3748
Colchester,IL,40.42643,-90.79263,1337
Colfax,IL,40.56698,-88.61645,1046
Colona,IL,41.48392,-90.35318,5100
Como,IL,41.76642,-89.76705,567
Cordova,IL,41.68031,-90.31902,660
Cortland,IL,41.92003,-88.6887,4325
Country Club Hills,IL,41.56809,-87.72033,16795
Countryside,IL,41.78281,-87.87811,6002
Coyne Center,IL,41.40476,-90.5593,827
Crescent City,IL,40.77004,-87.85893,598
Crest Hill,IL,41.55475,-88.09867,21153
Creston,IL,41.93086,-88.96454,649
Crestwood,IL,41.64463,-87.74154,10984
Crete,IL,41.44448,-87.63143,8191
Creve Coeur,IL,40.64726,-89.59121,5272
Crystal Lake,IL,42.24113,-88.3162,40448
Crystal Lawns,IL,41.57031,-88.15812,1872
Cuba,IL,42.18391,-88.19091,1361
Cullom,IL,40.87781,-88.26922,529
Dallas City,IL,40.63615,-91.16737,910
Dalzell,IL,41.35781,-89.1762,681
Danforth,IL,40.82031,-87.97782,578
Danvers,IL,40.52948,-89.17731,1137
Danville,IL,40.12448,-87.63002,32108
Darien,IL,41.75198,-87.97395,22256
Davis,IL,42.42251,-89.41373,642
Davis Junction,IL,42.10169,-89.09316,2270
Dayton,IL,41.38476,-88.79424,537
DeKalb,IL,41.92947,-88.75036,43211
Deer Creek,IL,40.63004,-89.33259,682
Deerfield,IL,42.17114,-87.84451,19019
Delavan,IL,40.37254,-89.54732,1633
Depue,IL,41.3242,-89.30675,1838
Des Plaines,IL,42.03336,-87.8834,58677
Diamond,IL,41.28864,-88.25173,2488
Dixmoor,IL,41.6317,-87.66088,3597
Dixon,IL,41.83892,-89.47955,15319
Dolton,IL,41.63892,-87.60727,23197
Douglas,IL,41.83476,-87.61811,20323
Downers Grove,IL,41.80892,-88.01117,49732
Downs,IL,40.39698,-88.87063,988
Dunlap,IL,40.8617,-89.67871,1417
Durand,IL,42.4364,-89.33206,1409
Dwight,IL,41.09448,-88.42506,4063
Earlville,IL,41.58948,-88.92203,1632
East Dundee,IL,42.09891,-88.27147,3200
East Dubuque,IL,42.49223,-90.64291,1658
East Galesburg,IL,40.94782,-90.31013,796
East Garfield Park,IL,41.88087,-87.70283,20656
East Hazel Crest,IL,41.57365,-87.64643,1545
East Moline,IL,41.50087,-90.4443,21350
East Peoria,IL,40.66615,-89.5801,23080
Edgewater,IL,41.98337,-87.66395,54873
Edgewood,IL,42.24113,-88.92094,531
El Paso,IL,40.7392,-89.01646,2798
Elburn,IL,41.89225,-88.4723,5748
Elgin,IL,42.03725,-88.28119,112111
Elizabeth,IL,42.31779,-90.22152,749
Elk Grove Village,IL,42.00392,-87.97035,33238
Elmhurst,IL,41.89947,-87.94034,45957
Elmwood,IL,40.77782,-89.9665,2089
Elmwood Park,IL,41.92114,-87.80923,24840
Elwood,IL,41.40392,-88.11172,2258
Englewood,IL,41.77976,-87.64588,26121
Erie,IL,41.65642,-90.07929,1553
Essex,IL,41.17725,-88.18561,770
Eureka,IL,40.72143,-89.27286,5377
Evanston,IL,42.04114,-87.69006,75527
Evergreen Park,IL,41.72059,-87.70172,19841
Fairbury,IL,40.74726,-88.51478,3630
Fairmont,IL,41.55614,-88.05923,2459
Fairmount,IL,40.04559,-87.83058,620
Farmer City,IL,40.24337,-88.64257,2004
Farmington,IL,41.94475,-88.31591,2460
Fisher,IL,40.31476,-88.35005,1959
Flanagan,IL,40.87809,-88.86118,1082
Flossmoor,IL,41.54281,-87.68477,9478
Ford Heights,IL,41.50642,-87.59171,2773
Forest Lake,IL,42.20752,-88.05563,1659
Forest Park,IL,41.87948,-87.81367,14123
Forest View,IL,41.80864,-87.79339,692
Forrest,IL,40.75198,-88.41116,1177
Forreston,IL,42.12614,-89.57928,1377
Fox Lake,IL,42.39669,-88.1837,10518
Fox Lake Hills,IL,42.40808,-88.13175,2591
Fox River Grove,IL,42.20086,-88.21453,4686
Frankfort,IL,41.49587,-87.84866,18653
Frankfort Square,IL,41.51892,-87.8031,9276
Franklin Grove,IL,41.8417,-89.30038,967
Franklin Park,IL,41.93531,-87.86562,18312
Freeport,IL,42.29669,-89.62123,24476
Fulton,IL,41.86725,-90.15957,3369
Gage Park,IL,41.79503,-87.69616,41202
Gages Lake,IL,42.35169,-87.98258,10198
Galena,IL,42.41667,-90.42902,3299
Galesburg,IL,40.94782,-90.37124,31273
Galva,IL,41.16754,-90.04261,2517
Gardner,IL,41.18559,-88.30978,1434
Geneseo,IL,41.44809,-90.15428,6538
Geneva,IL,41.88753,-88.30535,21806
Genoa,IL,42.09725,-88.69287,5196
Germantown Hills,IL,40.76643,-89.46787,3508
Gibson City,IL,40.45843,-88.3846,3409
Gifford,IL,40.30587,-88.02115,1092
Gilberts,IL,42.10336,-88.37286,7638
Gilman,IL,40.7667,-87.99226,1754
Glasford,IL,40.57254,-89.81344,1003
Glen Ellyn,IL,41.87753,-88.06701,28201
Glenview,IL,42.06975,-87.78784,47446
Glenwood,IL,41.54253,-87.60227,8996
Godley,IL,41.2367,-88.24367,681
Golden,IL,40.10921,-91.01764,637
Golf,IL,42.05892,-87.79256,504
Goodfield,IL,40.62976,-89.27481,945
Goodings Grove,IL,41.6292,-87.93089,18569
Glencoe,IL,42.13503,-87.75812,8945
Grand Boulevard,IL,41.81392,-87.61727,22373
Grand Ridge,IL,41.23698,-88.83147,532
Grandwood Park,IL,42.39308,-87.98674,5202
Grant Park,IL,41.24114,-87.64615,1289
Granville,IL,41.26115,-89.22759,1318
Grayslake,IL,42.34447,-88.04175,20915
Green Oaks,IL,42.29002,-87.90341,3837
Green Rock,IL,41.47309,-90.35763,2970
Green Valley,IL,40.40754,-89.64288,685
Greenview,IL,40.0831,-89.73816,749
Gridley,IL,40.74337,-88.88146,1439
Gurnee,IL,42.3703,-87.90202,31056
Hainesville,IL,42.34502,-88.06786,3668
Hamilton,IL,40.39643,-91.33904,2853
Hampshire,IL,42.0978,-88.53036,6130
Hampton,IL,41.55587,-90.4093,1840
Hanna City,IL,40.6917,-89.79511,1232
Hanover,IL,42.25641,-90.27957,814
Hanover Park,IL,41.99947,-88.14507,38333
Harvard,IL,42.42224,-88.61371,9194
Harvey,IL,41.61003,-87.64671,25194
Harwood Heights,IL,41.96725,-87.80756,8635
Havana,IL,40.30004,-90.06095,3076
Hawthorn Woods,IL,42.21697,-88.04952,7961
Hazel Crest,IL,41.5717,-87.69449,14118
Hebron,IL,42.47169,-88.43232,1202
Hennepin,IL,41.2542,-89.34231,698
Henry,IL,41.11142,-89.35648,2327
Herscher,IL,41.0492,-88.09783,1554
Heyworth,IL,40.31337,-88.97369,2890
Hickory Hills,IL,41.72559,-87.82506,14122
Highland Park,IL,42.18169,-87.80034,29743
Highwood,IL,42.19975,-87.80923,5352
Hillcrest,IL,41.95114,-89.06454,1280
Hillside,IL,41.87781,-87.90284,8155
Hinckley,IL,41.76892,-88.64091,2058
Hillsdale,IL,41.61364,-90.1729,510
Hinsdale,IL,41.80086,-87.93701,17628
Hodgkins,IL,41.76892,-87.85783,1868
Hoffman Estates,IL,42.04281,-88.0798,52138
Holiday Hills,IL,42.29002,-88.22481,592
Homer,IL,40.03476,-87.95809,1198
Homer Glen,IL,41.60003,-87.93811,24395
Hometown,IL,41.73448,-87.73144,4342
Homewood,IL,41.55726,-87.6656,19373
Hoopeston,IL,40.46726,-87.66836,5220
Hopedale,IL,40.42087,-89.41454,843
Hopkins Park,IL,41.06337,-87.62503,605
Hudson,IL,40.60587,-88.9873,1846
Huntley,IL,42.16808,-88.42814,26005
Hyde Park,IL,41.7942,-87.59394,26893
Indian Creek,IL,42.22697,-87.9798,543
Indian Head Park,IL,41.77031,-87.90228,3824
Ingalls Park,IL,41.52253,-88.04283,3314
Inverness,IL,42.11808,-88.09619,7583
Irving Park,IL,41.95336,-87.73645,56520
Island Lake,IL,42.27613,-88.19203,8080
Itasca,IL,41.97503,-88.00729,8798
Johnsburg,IL,42.38002,-88.24203,6310
Joliet,IL,41.52519,-88.0834,147861
Justice,IL,41.74448,-87.83783,12968
Kankakee,IL,41.12003,-87.86115,26676
Keithsburg,IL,41.09948,-90.94264,582
Kenilworth,IL,42.08586,-87.71756,2555
Kenwood,IL,41.8092,-87.59755,17601
Kewanee,IL,41.24559,-89.92483,12533
Kildeer,IL,42.17058,-88.04785,4040
Kingston,IL,42.09975,-88.75898,1155
Kirkland,IL,42.09253,-88.85121,1734
Kirkwood,IL,40.86587,-90.74847,704
Knollwood,IL,42.28613,-87.88563,1747
Knoxville,IL,40.90837,-90.28485,2836
La Grange,IL,41.80503,-87.86923,15723
La Grange Park,IL,41.83475,-87.86173,13608
La Harpe,IL,40.58337,-90.96931,1197
La Moille,IL,41.5317,-89.27981,701
La Salle,IL,41.33337,-89.09175,9609
Lacon,IL,41.02476,-89.4112,1826
Ladd,IL,41.38253,-89.21897,1241
Lake Barrington,IL,42.21252,-88.15258,4973
Lake Bluff,IL,42.27891,-87.83424,5674
Lake Catherine,IL,42.47919,-88.13342,1379
Lake Forest,IL,42.25863,-87.84063,19408
Lake Summerset,IL,42.45446,-89.38956,2048
Lake Villa,IL,42.41697,-88.07397,8821
Lake Zurich,IL,42.19697,-88.09341,19993
Lake in the Hills,IL,42.18169,-88.33036,29024
Lake of the Woods,IL,40.20642,-88.36867,2912
Lakemoor,IL,42.32863,-88.19897,6015
Lakewood,IL,42.22919,-88.35509,3843
Lakewood Shores,IL,41.2817,-88.14478,1347
Lanark,IL,42.10225,-89.83345,1373
Lansing,IL,41.56476,-87.53893,28349
Le Roy,IL,40.35198,-88.76424,3582
Leland,IL,41.61253,-88.79952,943
Lemont,IL,41.67364,-88.00173,16788
Lewistown,IL,40.3931,-90.15484,2261
Lexington,IL,40.64142,-88.7834,2059
Libertyville,IL,42.28308,-87.95313,20436
Lily Lake,IL,41.94892,-88.47786,1032
Lincoln,IL,40.14838,-89.36482,13966
Lincoln Park,IL,41.9217,-87.64783,66959
Lincoln Square,IL,41.97587,-87.68922,40761
Lincolnshire,IL,42.19002,-87.9084,7282
Lincolnwood,IL,42.00448,-87.73006,12646
Lindenhurst,IL,42.41058,-88.02619,14408
Lisle,IL,41.80114,-88.07479,22964
Lockport,IL,41.58948,-88.05784,25175
Logan Square,IL,41.92337,-87.69922,73702
Lombard,IL,41.88003,-88.00784,43797
Long Grove,IL,42.17836,-87.99785,8166
Long Lake,IL,42.37085,-88.12758,3515
Lost Nation,IL,41.91114,-89.36677,708
Loves Park,IL,42.32002,-89.05816,23455
Lower West Side,IL,41.8542,-87.66561,34410
Lyndon,IL,41.71753,-89.92595,626
Lynwood,IL,41.52642,-87.53865,9280
Lyons,IL,41.81337,-87.81811,10722
Machesney Park,IL,42.34724,-89.039,22927
Mackinaw,IL,40.53698,-89.35759,1923
Macomb,IL,40.45921,-90.6718,18547
Mahomet,IL,40.19531,-88.40422,8056
Malta,IL,41.92975,-88.86092,1152
Manhattan,IL,41.42253,-87.98589,7400
Manito,IL,40.42587,-89.77928,1527
Mansfield,IL,40.21142,-88.50617,870
Manteno,IL,41.25059,-87.83143,8999
Maple Park,IL,41.90753,-88.59925,1308
Marengo,IL,42.24863,-88.60843,7503
Mark,IL,41.26448,-89.25009,532
Markham,IL,41.59365,-87.69477,12682
Maroa,IL,40.03643,-88.95703,1739
Marquette Heights,IL,40.61754,-89.60038,2742
Marseilles,IL,41.33087,-88.70813,4963
Mason City,IL,40.20227,-89.69816,2180
Matherville,IL,41.25976,-90.60791,684
Matteson,IL,41.50392,-87.7131,19195
Maywood,IL,41.8792,-87.84312,24012
Mazon,IL,41.24142,-88.41951,989
McCullom Lake,IL,42.36835,-88.29259,1021
McHenry,IL,42.33335,-88.26675,26657
McKinley Park,IL,41.8317,-87.67366,15612
McLean,IL,40.31448,-89.16981,815
Medinah,IL,41.98142,-88.05118,2097
Melrose Park,IL,41.90059,-87.85673,25379
Mendon,IL,40.08838,-91.28376,942
Mendota,IL,41.54725,-89.11759,7204
Merrionette Park,IL,41.6842,-87.70033,1886
Metamora,IL,40.79059,-89.36064,3734
Mettawa,IL,42.23336,-87.92591,578
Midlothian,IL,41.62531,-87.71755,14847
Milan,IL,41.45309,-90.57208,5096
Milford,IL,40.62837,-87.69614,1242
Milledgeville,IL,41.96336,-89.77456,983
Millington,IL,41.56253,-88.59841,665
Minier,IL,40.43365,-89.31315,1224
Minonk,IL,40.90448,-89.03452,2053
Minooka,IL,41.45531,-88.26173,11243
Mokena,IL,41.52614,-87.88922,19923
Moline,IL,41.5067,-90.51513,42681
Momence,IL,41.1667,-87.66281,3213
Monee,IL,41.42003,-87.74171,5082
Monmouth,IL,40.91143,-90.64736,9291
Montgomery,IL,41.73058,-88.3459,19489
Monticello,IL,40.02781,-88.5734,5509
Morgan Park,IL,41.69031,-87.66672,22924
Morris,IL,41.35725,-88.42118,14363
Morrison,IL,41.80975,-89.96512,4145
Morton,IL,40.61282,-89.45926,16306
Morton Grove,IL,42.04059,-87.78256,23448
Mount Carroll,IL,42.09502,-89.97818,1620
Mount Greenwood,IL,41.69809,-87.70866,18783
Mount Morris,IL,42.05031,-89.43122,2877
Mount Prospect,IL,42.06642,-87.93729,54747
Mount Pulaski,IL,40.01088,-89.28231,1515
Mundelein,IL,42.26308,-88.00397,31582
Naperville,IL,41.78586,-88.14729,147100
Nauvoo,IL,40.55004,-91.38487,1108
Near North Side,IL,41.90003,-87.6345,85711
Near South Side,IL,41.8567,-87.62477,22401
New Boston,IL,41.17031,-90.99681,653
New City,IL,41.80753,-87.65644,40997
New Lenox,IL,41.51198,-87.96561,25800
New Milford,IL,42.18697,-89.06788,697
New Windsor,IL,41.20226,-90.44235,782
Newark,IL,41.53697,-88.58341,1025
Niles,IL,42.01892,-87.80284,29876
Normal,IL,40.5142,-88.99063,54373
Norridge,IL,41.96336,-87.82728,14621
North Aurora,IL,41.80614,-88.3273,17456
North Barrington,IL,42.2078,-88.14063,3022
North Center,IL,41.95392,-87.67895,34623
North Chicago,IL,42.32558,-87.84118,29491
North Lawndale,IL,41.86003,-87.71839,35276
North Pekin,IL,40.61504,-89.62232,1569
North Peoria,IL,40.71754,-89.58426,113004
North Riverside,IL,41.84281,-87.82311,6665
Northbrook,IL,42.12753,-87.82895,33663
Northfield,IL,42.09975,-87.7809,5484
Northlake,IL,41.91725,-87.89562,12312
Oak Brook,IL,41.83281,-87.92895,8091
Oak Forest,IL,41.60281,-87.74394,28074
Oak Grove,IL,41.41059,-90.57069,572
Oak Lawn,IL,41.71087,-87.75811,56781
Oak Park,IL,41.88503,-87.7845,52287
Oak Run,IL,40.96337,-90.14512,547
Oakbrook Terrace,IL,41.85003,-87.96451,2164
Oakwood,IL,40.11615,-87.77836,1532
Oakwood Hills,IL,42.24641,-88.24286,2063
Odell,IL,41.00364,-88.52534,1000
Ogden,IL,40.11392,-87.95614,806
Oglesby,IL,41.29531,-89.05953,3647
Olympia Fields,IL,41.51337,-87.67421,4988
Onarga,IL,40.71504,-88.00615,1321
Oneida,IL,41.07226,-90.2254,681
Oquawka,IL,40.93198,-90.94709,1314
Orangeville,IL,42.46835,-89.64401,756
Oregon,IL,42.01475,-89.33233,3580
Orion,IL,41.35476,-90.38152,1825
Orland Hills,IL,41.58531,-87.84311,7249
Orland Park,IL,41.63031,-87.85394,58619
Oswego,IL,41.68281,-88.35146,33955
Ottawa,IL,41.34559,-88.84258,18342
Palatine,IL,42.1103,-88.03424,69308
Palos Heights,IL,41.66809,-87.79644,12545
Palos Hills,IL,41.6967,-87.817,17565
Palos Park,IL,41.66725,-87.83033,4888
Park City,IL,42.34836,-87.88424,7392
Park Forest,IL,41.49142,-87.67449,21954
Park Ridge,IL,42.01114,-87.84062,37757
Paw Paw,IL,41.68892,-88.9812,821
Paxton,IL,40.46031,-88.09532,4357
Pearl City,IL,42.2653,-89.82595,805
Pecatonica,IL,42.31391,-89.35928,2124
Pekin,IL,40.56754,-89.64066,33223
Peoria,IL,40.69365,-89.58899,115070
Peoria Heights,IL,40.74726,-89.57398,5979
Peotone,IL,41.33226,-87.78532,4120
Peru,IL,41.32753,-89.12897,9952
Petersburg,IL,40.01172,-89.84817,2190
Philo,IL,40.00698,-88.1581,1464
Phoenix,IL,41.61115,-87.63477,1958
Pingree Grove,IL,42.06864,-88.41342,6648
Piper City,IL,40.7567,-88.19116,791
Pistakee Highlands,IL,42.40863,-88.20648,3454
Plainfield,IL,41.62697,-88.20395,42527
Plano,IL,41.66281,-88.53702,11282
Polo,IL,41.98614,-89.57928,2253
Pontiac,IL,40.88087,-88.62978,11794
Poplar Grove,IL,42.36835,-88.82205,5139
Port Barrington,IL,42.24252,-88.20203,1504
Port Byron,IL,41.60642,-90.33541,1649
Portage Park,IL,41.95781,-87.76506,64841
Posen,IL,41.6317,-87.68144,5992
Potomac,IL,40.30504,-87.80058,721
Prairie Grove,IL,42.27863,-88.26092,1869
Preston Heights,IL,41.4917,-88.08172,2575
Princeton,IL,41.36809,-89.46481,7594
Princeville,IL,40.92976,-89.7576,1726
Prophetstown,IL,41.67142,-89.93622,2012
Prospect Heights,IL,42.0953,-87.93757,16386
Rankin,IL,40.46504,-87.89642,539
Rantoul,IL,40.30837,-88.15588,13008
Rapids City,IL,41.5817,-90.34346,968
Reynolds,IL,41.32976,-90.67042,519
Richmond,IL,42.47585,-88.30593,1900
Richton Park,IL,41.48448,-87.70338,13695
Ringwood,IL,42.39224,-88.29703,823
River Forest,IL,41.89781,-87.81395,11199
River Grove,IL,41.92586,-87.83589,10219
Riverdale,IL,41.63337,-87.6331,13536
Riverside,IL,41.83503,-87.82284,8835
Riverwoods,IL,42.16753,-87.89701,3643
Roanoke,IL,40.79615,-89.1973,2073
Robbins,IL,41.64392,-87.70366,5480
Rochelle,IL,41.92392,-89.06871,9309
Rock Falls,IL,41.77975,-89.689,9087
Rock Island,IL,41.50948,-90.57875,38620
Rockdale,IL,41.50614,-88.1145,1948
Rockford,IL,42.27113,-89.094,148278
Rockton,IL,42.45252,-89.07233,7525
Rogers Park,IL,42.00864,-87.66672,54402
Rolling Meadows,IL,42.08419,-88.01313,24190
Rome,IL,40.88309,-89.50259,1738
Romeoville,IL,41.64753,-88.08951,39719
Roscoe,IL,42.41335,-89.00927,10565
Roselle,IL,41.98475,-88.07979,22994
Rosemont,IL,41.99531,-87.88451,4206
Roseville,IL,40.73226,-90.66458,980
Rossville,IL,40.3792,-87.66863,1282
Round Lake,IL,42.35336,-88.09341,18461
Round Lake Beach,IL,42.37169,-88.09008,27852
Round Lake Heights,IL,42.38002,-88.10425,2718
Round Lake Park,IL,42.35697,-88.07675,7426
Rushville,IL,40.12116,-90.56318,2972
Saint Anne,IL,41.02503,-87.71392,1257
St. Charles,IL,41.91419,-88.30869,32974
Saint David,IL,40.49337,-90.04873,589
Saint Joseph,IL,40.1117,-88.0417,3967
San Jose,IL,40.3056,-89.60288,614
Sandwich,IL,41.64586,-88.62174,7366
Sauk Village,IL,41.48837,-87.56754,10493
Savanna,IL,42.09447,-90.15679,2880
Savoy,IL,40.05475,-88.25172,8133
Saybrook,IL,40.4267,-88.52617,684
Schaumburg,IL,42.03336,-88.08341,74693
Schiller Park,IL,41.95586,-87.8709,11806
Seneca,IL,41.31114,-88.60979,2292
Shabbona,IL,41.76809,-88.87703,933
Shannon,IL,42.15475,-89.73984,712
Sheffield,IL,41.35837,-89.73732,892
Sheldon,IL,40.7692,-87.56392,1024
Sheridan,IL,41.53003,-88.6798,2743
Sherrard,IL,41.31892,-90.50597,609
Shirland,IL,42.44446,-89.19761,936
Shorewood,IL,41.52003,-88.20173,16747
Sidney,IL,40.02503,-88.07337,1232
Silvis,IL,41.51226,-90.41513,7491
Skokie,IL,42.03336,-87.73339,64821
Sleepy Hollow,IL,42.09419,-88.30258,3346
Somonauk,IL,41.63364,-88.68119,1877
South Barrington,IL,42.09142,-88.12174,4565
South Beloit,IL,42.49307,-89.03678,7680
South Chicago,IL,41.73977,-87.55425,28095
South Chicago Heights,IL,41.48087,-87.63782,4138
South Elgin,IL,41.99419,-88.2923,22365
South Holland,IL,41.60087,-87.60699,22043
South Lawndale,IL,41.84364,-87.71255,73826
South Pekin,IL,40.49448,-89.65177,1120
South Shore,IL,41.76198,-87.57783,51451
South Wilmington,IL,41.17281,-88.27673,661
Spring Grove,IL,42.44363,-88.23648,5711
Spring Valley,IL,41.32754,-89.19981,5314
Stanford,IL,40.43476,-89.21786,582
Steger,IL,41.47003,-87.63643,9515
Sterling,IL,41.78864,-89.69622,15057
Stickney,IL,41.82142,-87.78283,6786
Stillman Valley,IL,42.10725,-89.17927,1072
Stockton,IL,42.34974,-90.00679,1792
Stone Park,IL,41.90559,-87.88367,4931
Streamwood,IL,42.02558,-88.17841,40554
Streator,IL,41.12087,-88.83535,13182
Stronghurst,IL,40.74698,-90.90403,837
Sugar Grove,IL,41.76142,-88.44369,9512
Summit,IL,41.78809,-87.81033,11389
Sun River Terrace,IL,41.12698,-87.73559,518
Sycamore,IL,41.98892,-88.68675,17712
Tampico,IL,41.63031,-89.78622,759
Third Lake,IL,42.37391,-88.01091,1189
Thomasboro,IL,40.2417,-88.18421,1133
Thomson,IL,41.95892,-90.09929,562
Thornton,IL,41.56809,-87.6081,2492
Tilton,IL,40.09531,-87.64752,2626
Timberlane,IL,42.33474,-88.86121,949
Tinley Park,IL,41.57337,-87.78449,57143
Tiskilwa,IL,41.29226,-89.5062,791
Toluca,IL,41.00226,-89.13342,1330
Tonica,IL,41.21587,-89.06675,738
Toulon,IL,41.09365,-89.86483,1248
Tower Lake,IL,42.23197,-88.15202,1283
Tremont,IL,40.52754,-89.4926,2175
Trout Valley,IL,42.19808,-88.25342,529
Twin Grove,IL,40.49337,-89.0798,1564
Union,IL,42.23308,-88.54231,558
Uptown,IL,41.9659,-87.65262,55137
Urbana,IL,40.11059,-88.20727,42311
Ursa,IL,40.07477,-91.36737,623
Utica,IL,41.34059,-89.01008,977
Venetian Village,IL,42.39863,-88.05258,2826
Vermont,IL,40.29421,-90.4279,646
Vernon Hills,IL,42.21947,-87.97952,26314
Villa Park,IL,41.88975,-87.98895,21969
Viola,IL,41.20309,-90.58708,924
Volo,IL,42.32613,-88.16786,4164
Wadsworth,IL,42.42863,-87.92397,3739
Walnut,IL,41.5567,-89.59343,1350
Wapella,IL,40.22031,-88.96202,542
Warren,IL,42.4964,-89.98957,1376
Warrenville,IL,41.81781,-88.1734,13317
Warsaw,IL,40.35921,-91.4346,1551
Wasco,IL,41.93808,-88.40452,22560
Washburn,IL,40.9192,-89.2912,1128
Washington,IL,40.70365,-89.40731,16664
Wataga,IL,41.02532,-90.27985,816
Waterman,IL,41.7717,-88.77369,1494
Watseka,IL,40.77615,-87.73642,5070
Wauconda,IL,42.25891,-88.13925,13814
Waukegan,IL,42.36363,-87.84479,88475
Wayne,IL,41.95086,-88.2423,2444
Wenona,IL,41.05253,-89.05036,995
West Chicago,IL,41.88475,-88.20396,27447
West Dundee,IL,42.09808,-88.28286,7395
West Elsdon,IL,41.79392,-87.7245,19219
West Englewood,IL,41.77809,-87.66672,32156
West Garfield Park,IL,41.88059,-87.72922,17742
West Lawn,IL,41.77281,-87.72227,32749
West Peoria,IL,40.69254,-89.62788,4418
West Ridge,IL,41.99975,-87.69284,72211
West Town,IL,41.89381,-87.67493,86429
Westchester,IL,41.85059,-87.882,16729
Western Springs,IL,41.80975,-87.90062,13369
Westmont,IL,41.79586,-87.97562,24941
Westville,IL,40.04226,-87.63863,3105
Wheaton,IL,41.86614,-88.10701,53715
Wheeling,IL,42.13919,-87.92896,38079
Williamsfield,IL,40.92254,-90.01456,560
Willow Springs,IL,41.74087,-87.86033,5695
Willowbrook,IL,41.76975,-87.93589,8613
Wilmette,IL,42.07225,-87.72284,27413
Wilmington,IL,41.30781,-88.14672,5694
Winfield,IL,41.8617,-88.1609,9657
Winnebago,IL,42.26613,-89.24122,3012
Winnetka,IL,42.10808,-87.7359,12472
Winthrop Harbor,IL,42.47891,-87.82368,6818
Wonder Lake,IL,42.3853,-88.34731,4026
Wood Dale,IL,41.96336,-87.97896,13917
Woodhull,IL,41.17893,-90.31596,788
Woodridge,IL,41.74697,-88.05034,33370
Woodstock,IL,42.31474,-88.4487,25189
Worth,IL,41.68975,-87.79728,10784
Wyanet,IL,41.36531,-89.58398,956
Wyoming,IL,41.0617,-89.77316,1376
Yates City,IL,40.77865,-90.01484,670
Yorkville,IL,41.64114,-88.44729,18451
Zion,IL,42.44613,-87.83285,24117
Aberdeen,IN,41.43893,-87.11142,1875
Akron,IN,41.03838,-86.02805,1133
Albany,IN,40.30088,-85.24191,2119
Albion,IN,41.3956,-85.42442,2325
Alexandria,IN,40.26282,-85.67581,5047
Anderson,IN,40.10532,-85.68025,55305
Andrews,IN,40.86254,-85.60165,1133
Angola,IN,41.63477,-84.99941,8644
Arcadia,IN,40.17587,-86.02165,1666
Argos,IN,41.2378,-86.21465,1691
Atlanta,IN,40.21532,-86.02637,735
Attica,IN,40.2942,-87.2489,3117
Auburn,IN,41.36699,-85.05886,12979
Avilla,IN,41.36588,-85.23886,2413
Ashley,IN,41.5262,-85.06678,985
Bass Lake,IN,41.20726,-86.60196,1195
Battle Ground,IN,40.50837,-86.84168,1474
Berne,IN,40.65782,-84.95191,4084
Beverly Shores,IN,41.69254,-86.97753,610
Bluffton,IN,40.73866,-85.17164,10005
Boswell,IN,40.52115,-87.37835,762
Bourbon,IN,41.2956,-86.11639,1781
Bremen,IN,41.44644,-86.14806,4565
Bristol,IN,41.72144,-85.81749,1667
Brook,IN,40.86643,-87.36364,972
Brookston,IN,40.60281,-86.86723,1534
Buffalo,IN,40.88254,-86.74529,692
Bunker Hill,IN,40.66032,-86.10277,858
Burlington,IN,40.48031,-86.39472,596
Burns Harbor,IN,41.62587,-87.13337,1609
Butler,IN,41.42977,-84.87135,2701
Camden,IN,40.60865,-86.54,600
Cedar Lake,IN,41.36476,-87.44115,12000
Chalmers,IN,40.66309,-86.86946,503
Chesterfield,IN,40.11254,-85.59692,2495
Chesterton,IN,41.61059,-87.0642,13433
Churubusco,IN,41.2306,-85.31942,1795
Cicero,IN,40.12393,-86.01332,4891
Clarks Hill,IN,40.24698,-86.72501,677
Colfax,IN,40.19504,-86.66723,680
Columbia City,IN,41.15727,-85.48831,8857
Converse,IN,40.57754,-85.87332,1231
Covington,IN,40.1417,-87.39474,2568
Crawfordsville,IN,40.04115,-86.87445,16024
Cromwell,IN,41.4006,-85.61582,504
Crown Point,IN,41.41698,-87.36531,28879
Culver,IN,41.21893,-86.42306,1396
Daleville,IN,40.12115,-85.55803,1608
Darlington,IN,40.11004,-86.77195,843
Dayton,IN,40.3742,-86.7689,1578
DeMotte,IN,41.19504,-87.19864,3814
Decatur,IN,40.8306,-84.92913,9465
Delphi,IN,40.58754,-86.67501,2858
Dunkirk,IN,40.75643,-86.39361,2630
Dyer,IN,41.4942,-87.52171,16051
Dunlap,IN,41.63783,-85.92166,6235
East Chicago,IN,41.6392,-87.45476,28699
Eaton,IN,40.34032,-85.3508,1748
Edgewood,IN,40.10337,-85.73414,1878
Elkhart,IN,41.68199,-85.97667,52348
Elwood,IN,40.27698,-85.84192,8455
Etna Green,IN,41.27893,-86.04611,585
Fairmount,IN,40.41532,-85.65053,2851
Farmland,IN,40.18782,-85.12747,1284
Fish Lake,IN,41.56671,-86.55196,1016
Flora,IN,40.54726,-86.52444,1985
Fort Wayne,IN,41.1306,-85.12886,260326
Fowler,IN,40.6167,-87.32085,2274
Francesville,IN,40.98532,-86.87946,837
Frankfort,IN,40.27948,-86.51084,16060
Fremont,IN,41.73088,-84.93274,2153
Frankton,IN,40.22282,-85.77887,1824
Galveston,IN,40.57893,-86.19027,1271
Garrett,IN,41.34949,-85.13553,6344
Gary,IN,41.59337,-87.34643,77156
Gas City,IN,40.48726,-85.61303,5968
Gaston,IN,40.31393,-85.50053,865
Goodland,IN,40.76337,-87.29363,1014
Goshen,IN,41.58227,-85.83444,32983
Grabill,IN,41.21088,-84.96691,1127
Granger,IN,41.75338,-86.11084,30465
Greentown,IN,40.47809,-85.96665,2399
Griffith,IN,41.52837,-87.42365,16378
Gulivoire Park,IN,41.61338,-86.24528,3033
Hamilton,IN,41.53366,-84.91274,1544
Hamlet,IN,41.54754,-86.58224,800
Hammond,IN,41.58337,-87.50004,77614
Harlan,IN,41.19616,-84.91969,1634
Hartford City,IN,40.45115,-85.36997,5992
Hebron,IN,41.31865,-87.20031,3704
Hillsboro,IN,40.10893,-87.18556,538
Hoagland,IN,40.94783,-84.99163,821
Hobart,IN,41.53226,-87.25504,28404
Howe,IN,41.72144,-85.42054,807
Hudson,IN,41.53283,-85.08108,516
Hudson Lake,IN,41.71032,-86.53419,1297
Huntertown,IN,41.22838,-85.17247,5387
Huntington,IN,40.8831,-85.49748,17095
Indian Heights,IN,40.42726,-86.12555,3011
Jonesboro,IN,40.47976,-85.62775,1693
Kendallville,IN,41.44144,-85.26498,9927
Kentland,IN,40.77032,-87.4453,1698
Kewanna,IN,41.01865,-86.41334,601
Kingsford Heights,IN,41.4806,-86.69169,1421
Kirklin,IN,40.19337,-86.36055,776
Kokomo,IN,40.48643,-86.1336,57995
Koontz Lake,IN,41.4181,-86.48585,1557
Kouts,IN,41.31671,-87.02586,1967
Knox,IN,41.29588,-86.62501,3597
La Crosse,IN,41.31754,-86.89141,537
La Fontaine,IN,40.67393,-85.72137,861
La Paz,IN,41.45977,-86.30834,555
Lafayette,IN,40.4167,-86.87529,71111
Lagrange,IN,41.64172,-85.41665,2715
Lake Dalecarlia,IN,41.33087,-87.39476,1355
Lake Station,IN,41.57504,-87.23892,12054
Lake Village,IN,41.13753,-87.44864,765
Lakes of the Four Seasons,IN,41.41032,-87.21309,7033
Laketon,IN,40.97421,-85.83582,623
Lakeville,IN,41.52449,-86.27334,788
Lapel,IN,40.06837,-85.84831,2053
Lebanon,IN,40.04837,-86.46917,15892
Leesburg,IN,41.33199,-85.84999,558
Leo-Cedarville,IN,41.21255,-85.01664,3842
Ligonier,IN,41.46588,-85.58748,4405
Linden,IN,40.18809,-86.9039,756
Logansport,IN,40.75448,-86.35667,17793
Long Beach,IN,41.73893,-86.85697,1162
Lowell,IN,41.29142,-87.42059,9450
Lynn,IN,40.04977,-84.93969,1055
Marion,IN,40.55837,-85.65914,29081
Markle,IN,40.82462,-85.33884,1095
Matthews,IN,40.38865,-85.49942,568
Medaryville,IN,41.0806,-86.89196,592
Mentone,IN,41.17338,-86.03472,982
Merrillville,IN,41.48281,-87.33281,35224
Mexico,IN,40.82226,-86.11555,836
Michigan City,IN,41.70754,-86.89503,31459
Middletown,IN,40.05727,-85.5372,2260
Milford,IN,41.40977,-85.84555,1562
Millersburg,IN,41.52783,-85.69443,935
Mishawaka,IN,41.66199,-86.15862,48261
Monon,IN,40.86782,-86.8789,1746
Monroe,IN,40.74505,-84.93691,861
Monroeville,IN,40.97477,-84.8683,1324
Monticello,IN,40.74532,-86.76473,5322
Montpelier,IN,40.55393,-85.27747,1735
Morocco,IN,40.94615,-87.45336,1119
Mulberry,IN,40.34448,-86.66528,1242
Muncie,IN,40.19338,-85.38636,70087
Munster,IN,41.56448,-87.51254,22984
Nappanee,IN,41.44283,-86.00139,6787
New Carlisle,IN,41.70032,-86.50946,1853
New Chicago,IN,41.55837,-87.27448,1975
New Haven,IN,41.0706,-85.01441,15709
New Paris,IN,41.50033,-85.82805,1494
Noblesville,IN,40.04559,-86.0086,59093
North Judson,IN,41.21504,-86.77585,1739
North Liberty,IN,41.53421,-86.42723,1919
North Manchester,IN,41.0006,-85.7686,5971
North Webster,IN,41.3256,-85.69776,1158
Ogden Dunes,IN,41.62281,-87.1917,1115
Osceola,IN,41.66505,-86.07584,2477
Ossian,IN,40.8806,-85.16636,3341
Otis,IN,41.59921,-86.90586,9726
Otterbein,IN,40.49059,-87.0964,1254
Oxford,IN,40.51976,-87.24779,1141
Parker City,IN,40.18893,-85.20413,1370
Pennville,IN,40.49393,-85.1483,693
Peru,IN,40.75365,-86.06888,11060
Pierceton,IN,41.20032,-85.70554,1027
Plymouth,IN,41.34366,-86.30973,10035
Portage,IN,41.57587,-87.17615,36738
Porter,IN,41.61559,-87.0742,4879
Portland,IN,40.43449,-84.97775,6186
Redkey,IN,40.34893,-85.14997,1344
Remington,IN,40.76087,-87.15085,1163
Rensselaer,IN,40.9367,-87.15086,5927
Reynolds,IN,40.74948,-86.87168,523
Ridgeville,IN,40.28921,-85.02886,769
Roanoke,IN,40.96255,-85.37331,1701
Rochester,IN,41.06476,-86.21583,6065
Rolling Prairie,IN,41.67088,-86.61585,582
Rome City,IN,41.49616,-85.37665,1377
Roseland,IN,41.71616,-86.25251,628
Roselawn,IN,41.1417,-87.31475,4131
Rossville,IN,40.41698,-86.59472,1631
Royal Center,IN,40.86448,-86.49973,837
Russiaville,IN,40.41754,-86.27138,1098
Saint John,IN,41.45004,-87.47004,14850
Schererville,IN,41.47892,-87.45476,28791
Selma,IN,40.19171,-85.26886,844
Shadeland,IN,40.37365,-86.9489,1784
Sharpsville,IN,40.37948,-86.0886,580
Shelby,IN,41.19531,-87.34781,539
Sheridan,IN,40.13504,-86.22055,2934
Shipshewana,IN,41.67283,-85.58026,684
Silver Lake,IN,41.07227,-85.89166,923
Simonton Lake,IN,41.75422,-85.975,4678
South Bend,IN,41.68338,-86.25001,101516
South Haven,IN,41.54198,-87.13726,5282
South Whitley,IN,41.08477,-85.62804,1743
Stockwell,IN,40.28615,-86.77084,545
Summitville,IN,40.33865,-85.64442,989
Swayzee,IN,40.50837,-85.82554,952
Sweetser,IN,40.57198,-85.76915,1196
Syracuse,IN,41.42783,-85.75249,2877
Thorntown,IN,40.12948,-86.60667,1485
Tipton,IN,40.28226,-86.0411,5144
Topeka,IN,41.53922,-85.53971,1200
Town of Pines,IN,41.68198,-86.96031,706
Trail Creek,IN,41.69837,-86.8592,2029
Tri-Lakes,IN,41.24588,-85.44192,1421
Union City,IN,40.20199,-84.80913,3447
Upland,IN,40.4756,-85.49442,3785
Valparaiso,IN,41.47309,-87.06114,32626
Van Buren,IN,40.61727,-85.5047,834
Veedersburg,IN,40.11309,-87.26251,2095
Wabash,IN,40.79782,-85.82054,10381
Wakarusa,IN,41.53616,-86.02083,1814
Walkerton,IN,41.46671,-86.48307,2264
Walton,IN,40.66087,-86.24194,1022
Wanatah,IN,41.4306,-86.89836,1024
Warren,IN,40.68282,-85.4272,1223
Warsaw,IN,41.2381,-85.85305,14472
Waynetown,IN,40.08754,-87.05973,956
West Lebanon,IN,40.27004,-87.38668,703
West Lafayette,IN,40.42587,-86.90807,45550
Westfield,IN,40.04282,-86.12749,36738
Westpoint,IN,40.34504,-87.04307,594
Westville,IN,41.54143,-86.90058,5662
Wheatfield,IN,41.19309,-87.05558,845
Whiting,IN,41.67976,-87.49449,4872
Williamsport,IN,40.28837,-87.2939,1848
Winamac,IN,41.05143,-86.60306,2402
Winchester,IN,40.17199,-84.98135,4769
Windfall,IN,40.36309,-85.95637,803
Winona Lake,IN,41.22727,-85.82193,4951
Winfield,IN,41.40531,-87.27531,5406
Wolcott,IN,40.75809,-87.04168,989
Wolcottville,IN,41.52588,-85.36665,1015
Woodburn,IN,41.12533,-84.8533,1611
Yorktown,IN,40.17365,-85.49414,11231
Zanesville,IN,40.91727,-85.28053,610
Aberdeen,MA,42.34454,-71.1495,3575
Abington,MA,42.10482,-70.94532,15985
Acton,MA,42.48509,-71.43284,20897
Acushnet,MA,41.68066,-70.90782,10850
Adams,MA,42.62425,-73.1176,5515
Agawam,MA,42.06954,-72.61481,28761
Allston,MA,42.35843,-71.12589,28821
Amesbury,MA,42.85842,-70.93005,18313
Amherst,MA,42.36723,-72.51852,39833
Amherst Center,MA,42.37537,-72.51925,19065
Andover,MA,42.65843,-71.137,8762
Arlington,MA,42.41537,-71.15644,42844
Ashburnham,MA,42.6362,-71.90785,5643
Ashby,MA,42.67787,-71.82035,2895
Ashfield,MA,42.52647,-72.78843,1831
Ashland,MA,42.26121,-71.4634,15802
Ashmont,MA,42.28343,-71.06894,30000
Assonet,MA,41.79594,-71.06782,4084
Athol,MA,42.59592,-72.22675,8265
Attleboro,MA,41.94454,-71.28561,44284
Auburn,MA,42.19454,-71.83563,16724
Auburndale,MA,42.34732,-71.2495,6928
Avon,MA,42.13066,-71.04116,4521
Ayer,MA,42.5612,-71.58979,2868
Back Bay,MA,42.3501,-71.087,17577
Baldwinville,MA,42.60842,-72.07591,2028
Barnstable,MA,41.70011,-70.29947,47821
Barre,MA,42.42287,-72.10508,1009
Beacon Hill,MA,42.35871,-71.06783,9305
Beaconsfield,MA,42.33676,-71.14116,7199
Becket,MA,42.33203,-73.08288,1786
Bedford,MA,42.49065,-71.27617,12502
Belchertown,MA,42.27704,-72.40092,2899
Bellevue,MA,42.2876,-71.14533,5277
Bellingham,MA,42.08676,-71.47451,4854
Belmont,MA,42.39593,-71.17867,24729
Bemis,MA,42.36871,-71.20367,7472
Berkley,MA,41.84593,-71.08282,5849
Berkshire Heights,MA,42.18898,-73.369,3781
Berlin,MA,42.3812,-71.63701,2422
Bernardston,MA,42.67092,-72.54953,2193
Beverly,MA,42.55843,-70.88005,41186
Beverly Cove,MA,42.55343,-70.85366,40365
Billerica,MA,42.55843,-71.26895,39904
Blackstone,MA,42.01788,-71.54117,9163
Bliss Corner,MA,41.61177,-70.93837,5280
Bolton,MA,42.43343,-71.60784,4220
Bondsville,MA,42.21259,-72.34536,1812
Boston,MA,42.35843,-71.05977,653833
Bourne,MA,41.74122,-70.59892,1418
Boxborough,MA,42.49084,-71.52851,4996
Boxford,MA,42.6612,-70.99672,2339
Boylston,MA,42.39176,-71.70368,4078
Brewster,MA,41.76011,-70.0828,2000
Bridgewater,MA,41.99038,-70.97504,7841
Brighton,MA,42.3501,-71.15644,45977
Brimfield,MA,42.12287,-72.20091,3397
Brockton,MA,42.08343,-71.01838,95314
Brookfield,MA,42.21398,-72.1023,833
Brookline,MA,42.33176,-71.12116,58732
Buckland,MA,42.59231,-72.79176,2026
Burlington,MA,42.50482,-71.19561,24498
Buzzards Bay,MA,41.74538,-70.61809,3859
Cambridge,MA,42.3751,-71.10561,110402
Cambridgeport,MA,42.35843,-71.10366,13438
Canton,MA,42.15843,-71.14477,21679
Carlisle,MA,42.52926,-71.3495,4799
Carver,MA,41.88344,-70.76254,11718
Centerville,MA,41.64872,-70.34808,9190
Charlemont,MA,42.62786,-72.86982,1382
Charlestown,MA,42.37787,-71.062,20397
Charlton,MA,42.13565,-71.97007,12764
Chatham,MA,41.68206,-69.95974,1421
Chelmsford,MA,42.59981,-71.36728,33925
Chelsea,MA,42.39176,-71.03283,39398
Cheshire,MA,42.56203,-73.16288,514
Chester,MA,42.27926,-72.97871,627
Chesterfield,MA,42.39175,-72.83982,1222
Chestnut Hill,MA,42.33065,-71.16616,23649
Chicopee,MA,42.1487,-72.60787,56741
Chilmark,MA,41.34317,-70.74475,858
Clarendon Hills,MA,42.2751,-71.1245,8971
Clinton,MA,42.41676,-71.68285,7389
Cochituate,MA,42.32093,-71.36423,6569
Cohasset,MA,42.24177,-70.80365,7388
Colrain,MA,42.67314,-72.69676,1845
Concord,MA,42.46037,-71.34895,16810
Conway,MA,42.50981,-72.69953,1841
Coolidge Corner,MA,42.34593,-71.1245,5197
Cordaville,MA,42.26898,-71.52395,2650
Cotuit,MA,41.61678,-70.43697,2364
Cummington,MA,42.46175,-72.89398,995
Dalton,MA,42.4737,-73.16621,7012
Danvers,MA,42.57509,-70.93005,26493
Dedham,MA,42.24177,-71.16616,24729
Deerfield,MA,42.54453,-72.60564,643
Dennis,MA,41.73539,-70.19391,2407
Dennis Port,MA,41.65845,-70.12863,3162
Dighton,MA,41.81399,-71.12032,6283
Dorchester,MA,42.29732,-71.0745,97826
Douglas,MA,42.05426,-71.73951,7168
Dover,MA,42.24593,-71.28283,2265
Dracut,MA,42.67037,-71.30201,28831
Dudley,MA,42.0451,-71.93007,11165
Dunstable,MA,42.67509,-71.48284,2878
Duxbury,MA,42.04177,-70.67226,15059
East Boston,MA,42.3751,-71.03922,43066
East Bridgewater,MA,42.03343,-70.95921,14021
East Brookfield,MA,42.22787,-72.04674,1323
East Cambridge,MA,42.36676,-71.08005,13122
East Dennis,MA,41.74261,-70.16196,2753
East Douglas,MA,42.07232,-71.7134,2557
East Harwich,MA,41.70011,-70.02724,4872
East Longmeadow,MA,42.06454,-72.51259,15102
East Pepperell,MA,42.66537,-71.57312,2059
East Sandwich,MA,41.74177,-70.45169,3940
East Somerville,MA,42.38673,-71.0839,8170
Eastham,MA,41.83011,-69.97391,5548
Easthampton,MA,42.26676,-72.66898,16611
Easton,MA,42.02454,-71.12866,23459
Edgartown,MA,41.38901,-70.51336,4306
Erving,MA,42.60009,-72.39814,1493
Essex,MA,42.63204,-70.78283,1471
Everett,MA,42.40843,-71.05366,46050
Fairhaven,MA,41.6376,-70.90365,16453
Fairmount,MA,42.25149,-71.11477,6282
Fall River,MA,41.70149,-71.15505,94000
Falmouth,MA,41.5515,-70.61475,3799
Faneuil,MA,42.35565,-71.16339,2590
Fiskdale,MA,42.11621,-72.11341,2583
Fitchburg,MA,42.58342,-71.8023,40545
Florida,MA,42.66675,-73.01121,688
Forestdale,MA,41.69177,-70.49947,4099
Foxborough,MA,42.06538,-71.24783,5625
Framingham,MA,42.27926,-71.41617,68318
Framingham Center,MA,42.29732,-71.43701,65413
Franklin,MA,42.08343,-71.39673,30636
Freetown,MA,41.76677,-71.03282,8472
Gardner,MA,42.57509,-71.99813,20333
Gill,MA,42.64036,-72.49953,1387
Gloucester,MA,42.61405,-70.66313,29781
Goshen,MA,42.44036,-72.79954,937
Grafton,MA,42.20704,-71.68562,16583
Granby,MA,42.25648,-72.5162,1368
Granville,MA,42.06676,-72.86149,1548
Great Barrington,MA,42.19592,-73.36206,7172
Greenfield,MA,42.58759,-72.59953,19753
Grove Hall,MA,42.31121,-71.0745,5245
Groveland,MA,42.76037,-71.03145,6143
Hadley,MA,42.34176,-72.58842,4877
Halifax,MA,41.99121,-70.86199,7631
Hamilton Worcester,MA,42.2562,-71.76757,8460
Hampden,MA,42.06398,-72.41342,5261
Hancock,MA,42.54314,-73.32372,734
Hanson,MA,42.0751,-70.88004,10209
Hanover,MA,42.11316,-70.81199,16906
Hardwick,MA,42.35009,-72.19952,2668
Harvard,MA,42.50009,-71.58284,6085
Harwich,MA,41.68622,-70.07585,13059
Harwich Port,MA,41.66678,-70.07863,1644
Hatfield,MA,42.37092,-72.59814,1318
Haverhill,MA,42.7762,-71.07728,62765
Head of Westport,MA,41.62094,-71.06199,14809
Heath,MA,42.67342,-72.82176,819
Highland,MA,42.28538,-71.15672,5016
Hingham,MA,42.24177,-70.88977,5650
Hinsdale,MA,42.4387,-73.12538,1905
Holbrook,MA,42.1551,-71.00866,10791
Holden,MA,42.35176,-71.86341,17016
Holland,MA,42.06398,-72.1573,1464
Holliston,MA,42.2001,-71.4245,14010
Holyoke,MA,42.20426,-72.6162,40684
Hopedale,MA,42.13065,-71.54117,3753
Hopkinton,MA,42.22871,-71.52256,2550
Housatonic,MA,42.25425,-73.36622,1109
Hubbardston,MA,42.4737,-72.00619,3977
Hudson,MA,42.39176,-71.56618,14907
Hull,MA,42.30204,-70.90782,10293
Huntington,MA,42.2362,-72.87593,936
Hyannis,MA,41.65289,-70.2828,14120
Hyde Park,MA,42.25565,-71.1245,31845
Ipswich,MA,42.67926,-70.84116,4222
Jamaica Plain,MA,42.30982,-71.12033,37468
Jeffries Point,MA,42.36538,-71.03283,8823
Kingston,MA,41.99455,-70.72448,12208
Lancaster,MA,42.45565,-71.67312,7509
Lanesborough,MA,42.51731,-73.22816,3042
Lawrence,MA,42.70704,-71.16311,80231
Lee,MA,42.30425,-73.24816,2051
Leicester,MA,42.24593,-71.90868,11064
Lenox,MA,42.35648,-73.28483,1675
Leominster,MA,42.52509,-71.75979,41569
Leverett,MA,42.45203,-72.50148,1692
Lexington,MA,42.44732,-71.2245,31394
Leyden,MA,42.70008,-72.63009,785
Lincoln,MA,42.42593,-71.30395,8197
Littleton Common,MA,42.54593,-71.47451,2789
Longmeadow,MA,42.0501,-72.58287,15784
Lowell,MA,42.63342,-71.31617,110699
Ludlow,MA,42.16009,-72.47592,22201
Lunenburg,MA,42.59453,-71.72452,1760
Lynn,MA,42.46676,-70.94949,92457
Lynnfield,MA,42.53898,-71.04811,11596
Malden,MA,42.4251,-71.06616,61068
Manchester-by-the-Sea,MA,42.57787,-70.76894,5366
Mansfield,MA,42.03343,-71.21894,23380
Marblehead,MA,42.5001,-70.85783,19808
Marion,MA,41.7001,-70.76281,5213
Marlborough,MA,42.34593,-71.55229,39818
Marshfield,MA,42.09177,-70.70559,4335
Marshfield Hills,MA,42.14594,-70.73976,2356
Marstons Mills,MA,41.65622,-70.41614,8017
Mashpee,MA,41.64844,-70.48114,14834
Mashpee Neck,MA,41.61011,-70.46475,1000
Mattapan,MA,42.27232,-71.087,36299
Mattapoisett,MA,41.65844,-70.81615,6378
Maynard,MA,42.43343,-71.44951,10106
Medfield,MA,42.1876,-71.30645,6483
Medford,MA,42.41843,-71.10616,57403
Medway,MA,42.14176,-71.39673,13042
Melrose,MA,42.45843,-71.06616,27997
Mendon,MA,42.10565,-71.55229,5378
Merrimac,MA,42.83065,-71.00228,6245
Methuen,MA,42.7262,-71.19089,52044
Middleborough,MA,41.89316,-70.91115,23116
Middlefield,MA,42.34842,-73.0151,551
Middleton,MA,42.59509,-71.01616,9859
Milford,MA,42.13982,-71.51617,25055
Millbury,MA,42.19398,-71.76007,13606
Millers Falls,MA,42.58203,-72.49259,1139
Millis,MA,42.1676,-71.35784,8040
Millville,MA,42.02788,-71.5809,2772
Milton,MA,42.24954,-71.06616,27003
Milton Center,MA,42.25427,-71.08005,5763
Milton Upper Mills,MA,42.26121,-71.09533,6725
Milton Village,MA,42.26677,-71.07172,5123
Monson,MA,42.10426,-72.31897,8505
Monterey,MA,42.17926,-73.21205,950
Montgomery,MA,42.20676,-72.8051,665
Monument Beach,MA,41.71955,-70.61198,2790
Montague,MA,42.53564,-72.53509,8637
Nahant,MA,42.42649,-70.91894,3410
Nantucket,MA,41.28346,-70.09946,7446
Natick,MA,42.28343,-71.3495,32276
Needham,MA,42.28343,-71.23283,28886
New Bedford,MA,41.63526,-70.92701,101079
New Braintree,MA,42.31676,-72.12591,943
New Marlborough,MA,42.12287,-73.22872,1520
New Salem,MA,42.50426,-72.33203,945
New Seabury,MA,41.5715,-70.4753,717
Newburyport,MA,42.81259,-70.87728,17982
Newton,MA,42.33704,-71.20922,88817
Newton Center,MA,42.33065,-71.1995,1701
Newton Corner,MA,42.36121,-71.19533,5042
Newton Highlands,MA,42.32093,-71.1995,9976
Newton Lower Falls,MA,42.32926,-71.25367,1246
Newton Upper Falls,MA,42.31399,-71.2195,7579
Newtonville,MA,42.3501,-71.20367,11251
Nonantum,MA,42.3626,-71.20228,9600
Norfolk,MA,42.11954,-71.32506,10386
North Adams,MA,42.70092,-73.10871,13263
North Amherst,MA,42.41037,-72.53092,6819
North Brighton,MA,42.35843,-71.13839,6531
North Brookfield,MA,42.26676,-72.08285,2265
North Chicopee,MA,42.18343,-72.59953,55179
North Eastham,MA,41.86511,-69.99113,1806
North End,MA,42.3651,-71.0545,10131
North Falmouth,MA,41.64594,-70.61836,3084
North Lakeville,MA,41.8576,-70.94226,2630
North Pembroke,MA,42.09316,-70.79254,3292
North Plymouth,MA,41.97094,-70.68281,3600
North Reading,MA,42.57509,-71.07867,14101
North Scituate,MA,42.21899,-70.7856,5077
North Seekonk,MA,41.88927,-71.33005,2643
North Westport,MA,41.66038,-71.08838,4571
Northampton,MA,42.32509,-72.6412,28540
Northborough,MA,42.31954,-71.64118,6167
Northbridge,MA,42.15148,-71.64951,14061
Northfield,MA,42.69592,-72.45287,1089
Norton,MA,41.96677,-71.18699,19808
Norwell,MA,42.16177,-70.79393,10581
Norwood,MA,42.19454,-71.1995,28602
Oak Bluffs,MA,41.45428,-70.56197,3778
Oak Hill Park,MA,42.29454,-71.18561,7008
Oakham,MA,42.35287,-72.04535,1702
Ocean Grove,MA,41.72927,-71.20921,2811
Onset,MA,41.74177,-70.65781,1573
Orange,MA,42.59036,-72.30981,4018
Orient Heights,MA,42.3876,-71.00366,15741
Orleans,MA,41.78983,-69.98974,1621
Osterville,MA,41.62844,-70.38697,2911
Otis,MA,42.19315,-73.09177,1389
Oxford,MA,42.11676,-71.86479,6103
Palmer,MA,42.15843,-72.32869,18261
Paxton,MA,42.3112,-71.92813,4463
Peabody,MA,42.52787,-70.92866,52504
Pelham,MA,42.39315,-72.4037,1428
Pepperell,MA,42.66592,-71.5884,2504
Peru,MA,42.43814,-73.04593,835
Phillipston,MA,42.5487,-72.13286,1649
Pinehurst,MA,42.52926,-71.22811,7152
Pittsfield,MA,42.45008,-73.24538,43303
Plainville,MA,42.00427,-71.33283,7817
Plymouth,MA,41.95844,-70.66726,7494
Plympton,MA,41.95288,-70.81448,2683
Pocasset,MA,41.68622,-70.61614,2851
Princeton,MA,42.4487,-71.8773,3412
Provincetown,MA,42.05295,-70.1864,2642
Quincy,MA,42.25288,-71.00227,93618
Randolph,MA,42.1626,-71.04116,32112
Raynham,MA,41.94871,-71.0731,13153
Raynham Center,MA,41.92371,-71.05227,4100
Reading,MA,42.52565,-71.09533,24747
Readville,MA,42.24038,-71.137,5041
Rehoboth,MA,41.84038,-71.24949,11486
Reservoir,MA,42.33482,-71.14839,5904
Richmond,MA,42.37314,-73.36761,1632
Rochester,MA,41.73177,-70.82004,4661
Rockland,MA,42.13066,-70.91616,17982
Rockport,MA,42.65565,-70.62032,4966
Roslindale,MA,42.29121,-71.1245,27683
Rowley,MA,42.71676,-70.87866,1416
Roxbury Crossing,MA,42.33065,-71.09116,15248
Royalston,MA,42.67759,-72.18786,1276
Russell,MA,42.18981,-72.85926,786
Rutland,MA,42.36954,-71.94813,2111
Sagamore,MA,41.77011,-70.52836,3623
Salem,MA,42.51977,-70.89552,42869
Salisbury,MA,42.84176,-70.86061,4869
Sandwich,MA,41.759,-70.49392,2962
Sandisfield,MA,42.11259,-73.14316,838
Saugus,MA,42.46482,-71.01005,26628
Savin Hill,MA,42.3126,-71.05783,5318
Savoy,MA,42.56675,-73.02871,717
Scituate,MA,42.19593,-70.72587,5245
Seekonk,MA,41.80843,-71.337,13966
Sharon,MA,42.12371,-71.17866,5658
Shelburne,MA,42.58981,-72.68842,2094
Shelburne Falls,MA,42.60425,-72.73926,1731
Sherborn,MA,42.23899,-71.36978,4273
Shirley,MA,42.5437,-71.64951,1441
Shrewsbury,MA,42.29593,-71.71285,33893
Shutesbury,MA,42.45648,-72.40981,1842
Smith Mills,MA,41.63899,-70.99115,4760
Somerset,MA,41.76955,-71.12866,18165
Somerville,MA,42.3876,-71.0995,80318
South Amherst,MA,42.34037,-72.50509,4994
South Ashburnham,MA,42.61037,-71.93897,1062
South Boston,MA,42.33343,-71.04949,571281
South Deerfield,MA,42.47731,-72.60787,1880
South Dennis,MA,41.68956,-70.15641,3643
South Hadley,MA,42.25842,-72.57453,17652
South Lancaster,MA,42.44454,-71.68701,1894
South Peabody,MA,42.50982,-70.94949,50293
South Yarmouth,MA,41.66678,-70.18474,11092
Southampton,MA,42.22926,-72.73009,5481
Southborough,MA,42.30565,-71.52451,9686
Southbridge,MA,42.0751,-72.03341,19030
Southwick,MA,42.05482,-72.77037,9444
Spencer,MA,42.24398,-71.9923,5700
Spring Hill,MA,42.38591,-71.10927,7873
Springfield,MA,42.10148,-72.58981,154341
Sterling,MA,42.43759,-71.76063,7384
Stockbridge,MA,42.28759,-73.32039,2316
Stoneham,MA,42.4801,-71.0995,21437
Stoughton,MA,42.1251,-71.10227,26915
Stow,MA,42.43704,-71.50562,6005
Sturbridge,MA,42.10843,-72.07869,2253
Sudbury,MA,42.38343,-71.41617,17343
Suffolk Downs Station,MA,42.38982,-70.99783,15000
Sunderland,MA,42.24454,-71.77174,3843
Sutton,MA,42.1501,-71.76285,9215
Swampscott,MA,42.47093,-70.91755,13787
Swansea,MA,41.74816,-71.18977,16525
Taunton,MA,41.9001,-71.08977,56789
Teaticket,MA,41.56455,-70.59586,1692
Templeton,MA,42.55564,-72.06758,6918
Ten Hills,MA,42.39676,-71.087,7062
Tewksbury,MA,42.61065,-71.23422,29326
Thompsonville,MA,42.31538,-71.18422,3623
Topsfield,MA,42.63759,-70.9495,2717
Townsend,MA,42.66676,-71.70507,1128
Truro,MA,41.99344,-70.04975,2123
Turners Falls,MA,42.60425,-72.55648,4470
Tyngsboro,MA,42.67676,-71.42451,11366
Uphams Corner,MA,42.31676,-71.06061,4549
Upton,MA,42.17454,-71.60229,3013
Uxbridge,MA,42.07732,-71.62951,12614
Vineyard Haven,MA,41.45398,-70.6012,2114
Wakefield,MA,42.50648,-71.07283,24932
Wales,MA,42.06954,-72.2223,1767
Walpole,MA,42.14177,-71.2495,5918
Waltham,MA,42.37649,-71.23561,63378
Ware,MA,42.25981,-72.2398,6170
Wareham Center,MA,41.76677,-70.72615,2896
Warren,MA,42.21259,-72.19119,1405
Warwick,MA,42.68203,-72.33897,763
Washington,MA,42.36592,-73.11621,554
Watertown,MA,42.37093,-71.18283,31915
Wayland,MA,42.3626,-71.36145,13155
Webster,MA,42.0501,-71.88007,11412
Wellesley,MA,42.29649,-71.29256,27982
Wellfleet,MA,41.93761,-70.0328,2797
Wendell,MA,42.54814,-72.39675,1003
Wenham,MA,42.60426,-70.89116,4518
West Boylston,MA,42.36676,-71.78563,7612
West Bridgewater,MA,42.01899,-71.00782,6750
West Chatham,MA,41.68122,-69.99113,1410
West Concord,MA,42.45843,-71.39534,6028
West Brookfield,MA,42.23537,-72.14119,1413
West Dennis,MA,41.66456,-70.1728,2242
West Falmouth,MA,41.60427,-70.63447,1738
West Newbury,MA,42.80148,-70.98978,4221
West Newton,MA,42.3501,-71.23283,9347
West Somerville/Davis Square,MA,42.39593,-71.12255,6393
West Springfield,MA,42.10704,-72.62037,27912
West Stockbridge,MA,42.34592,-73.36622,1441
West Tisbury,MA,41.38122,-70.67447,2510
West Roxbury,MA,42.27926,-71.1495,30442
West Wareham,MA,41.78983,-70.76031,2064
West Yarmouth,MA,41.65011,-70.24113,6012
Westborough,MA,42.26954,-71.61618,4045
Westfield,MA,42.12509,-72.74954,41690
Westford,MA,42.57926,-71.43784,21587
Westhampton,MA,42.30287,-72.77454,1494
Westminster,MA,42.54592,-71.91063,7028
Weston,MA,42.36676,-71.30311,11682
Westwood,MA,42.21399,-71.2245,14029
Weweantic,MA,41.73538,-70.73198,2105
Weymouth,MA,42.22093,-70.93977,54395
Whately,MA,42.43981,-72.63481,1600
White Island Shores,MA,41.8001,-70.63475,2106
Whitinsville,MA,42.11121,-71.66618,6704
Whitman,MA,42.08066,-70.9356,14495
Wilbraham,MA,42.12371,-72.43147,3915
Williamsburg,MA,42.39314,-72.73009,2469
Williamstown,MA,42.71202,-73.20372,4325
Wilmington,MA,42.54648,-71.17367,22325
Winchendon,MA,42.6862,-72.04397,4213
Winchester,MA,42.45232,-71.137,21374
Windsor,MA,42.51175,-73.05788,890
Winter Hill,MA,42.39593,-71.09894,12613
Winthrop,MA,42.3751,-70.98283,17618
Woburn,MA,42.47926,-71.15228,39555
Woods Hole,MA,41.52701,-70.67324,781
Worcester,MA,42.26259,-71.80229,206518
Wrentham,MA,42.06677,-71.32811,11251
Yarmouth,MA,41.70567,-70.22863,25243
Yarmouth Port,MA,41.70205,-70.24947,5320
Acton,ME,43.53425,-70.90978,2230
Addison,ME,44.61841,-67.74416,1257
Albion,ME,44.53229,-69.44254,2023
Alexander,ME,45.08869,-67.46833,534
Alna,ME,44.10619,-69.60366,702
Alton,ME,45.03145,-68.72865,848
Andover,ME,44.63562,-70.75118,898
Anson,ME,44.79839,-69.88922,752
Appleton,ME,44.28924,-69.25088,1321
Arundel,ME,43.38259,-70.47783,3571
Ashland,ME,46.63115,-68.40615,709
Athens,ME,44.92311,-69.67283,881
Auburn,ME,44.09785,-70.23117,22871
Augusta,ME,44.31062,-69.77949,18899
Avon,ME,44.80617,-70.27118,524
Bangor,ME,44.79884,-68.77265,32391
Bar Harbor,ME,44.38758,-68.2039,2552
Bath,ME,43.91064,-69.8206,8305
Beals,ME,44.5198,-67.61499,643
Belfast,ME,44.42591,-69.00642,6682
Belgrade,ME,44.44729,-69.83255,3096
Benton,ME,44.58618,-69.55088,2658
Bethel,ME,44.40423,-70.79062,2507
Biddeford,ME,43.49258,-70.45338,21282
Bingham,ME,45.05867,-69.88228,758
Blue Hill,ME,44.41397,-68.58669,943
Boothbay,ME,43.87647,-69.63366,3077
Boothbay Harbor,ME,43.8523,-69.6281,1086
Bowdoinham,ME,44.01008,-69.89838,722
Bradford,ME,45.06673,-68.93781,1233
Bradley,ME,44.9209,-68.62809,1291
Bremen,ME,44.00147,-69.42866,813
Brewer,ME,44.79674,-68.76142,9232
Bridgewater,ME,46.42782,-67.84336,636
Bridgton,ME,44.05479,-70.71284,2071
Bristol,ME,43.95758,-69.50921,2749
Brooklin,ME,44.26619,-68.56919,874
Brooks,ME,44.55035,-69.12087,1063
Brooksville,ME,44.34674,-68.68364,947
Brownfield,ME,43.93813,-70.90868,1301
Brownville,ME,45.307,-69.03337,1309
Brunswick,ME,43.91452,-69.96533,15175
Buckfield,ME,44.28951,-70.36534,1791
Bucksport,ME,44.57369,-68.79559,2885
Burnham,ME,44.69284,-69.42755,1187
Buxton,ME,43.63786,-70.51894,8136
Calais,ME,45.18376,-67.27662,2980
Cambridge,ME,45.02422,-69.47394,512
Camden,ME,44.2098,-69.06476,3570
Canaan,ME,44.76173,-69.56144,2097
Canton,ME,44.4408,-70.31649,1165
Cape Neddick,ME,43.1937,-70.62089,2568
Caribou,ME,46.8606,-68.01197,7816
Carthage,ME,44.62423,-70.47312,541
Casco,ME,44.00674,-70.52284,587
Castine,ME,44.38785,-68.79975,1029
Charleston,ME,45.08506,-69.04059,1452
Chelsea,ME,44.25035,-69.71727,2661
Cherryfield,ME,44.6073,-67.92584,1203
Chesterville,ME,44.55117,-70.08617,1216
Chester,ME,45.40867,-68.49975,546
China,ME,44.47868,-69.51726,4269
Chisholm,ME,44.48145,-70.1995,1380
Clifton,ME,44.81674,-68.51114,772
Clinton,ME,44.63784,-69.5031,1419
Columbia Falls,ME,44.65369,-67.7275,623
Corinna,ME,44.92117,-69.26171,2230
Cornish,ME,43.8048,-70.80117,1319
Cornville,ME,44.83673,-69.67311,1256
Cumberland Center,ME,43.79647,-70.25894,2499
Cushing,ME,44.01925,-69.23977,1374
Cutler,ME,44.65758,-67.20387,648
Damariscotta,ME,44.03286,-69.51866,1142
Danforth,ME,45.66034,-67.86835,654
Dedham,ME,44.69174,-68.66198,1478
Deer Isle,ME,44.22397,-68.67753,1950
Denmark,ME,43.97035,-70.8034,1044
Detroit,ME,44.79257,-69.29671,848
Dexter,ME,45.02395,-69.28977,2158
Dixfield,ME,44.53395,-70.4559,1076
Dixmont,ME,44.68035,-69.16282,1107
Dover-Foxcroft,ME,45.18339,-69.22699,2528
Eagle Lake,ME,47.04004,-68.58949,625
East Machias,ME,44.73924,-67.38999,1350
East Millinocket,ME,45.62755,-68.57448,1567
Easton,ME,46.64115,-67.90947,1299
Eastport,ME,44.90449,-66.98438,1266
Eddington,ME,44.82618,-68.69337,2133
Edgecomb,ME,43.95841,-69.6306,1133
Eliot,ME,43.15314,-70.80006,6528
Ellsworth,ME,44.54341,-68.41946,7857
Embden,ME,44.91811,-69.86672,916
Enfield,ME,45.24894,-68.56836,1680
Etna,ME,44.8209,-69.11115,1052
Eustis,ME,45.21728,-70.4784,712
Fairfield,ME,44.5884,-69.59866,2638
Falmouth,ME,43.72953,-70.24199,1855
Falmouth Foreside,ME,43.7348,-70.20783,1511
Farmingdale,ME,44.24451,-69.77143,1970
Farmington,ME,44.67062,-70.15117,4288
Fayette,ME,44.40896,-70.03367,1081
Fort Fairfield,ME,46.77227,-67.83391,1825
Fort Kent,ME,47.25865,-68.58949,2488
Frankfort,ME,44.6098,-68.8767,1082
Franklin,ME,44.58702,-68.23224,1424
Freedom,ME,44.53035,-69.29782,671
Freeport,ME,43.85702,-70.10311,1485
Frenchville,ME,47.28087,-68.37976,1037
Friendship,ME,43.98369,-69.33394,1252
Fryeburg,ME,44.01646,-70.98062,1631
Gardiner,ME,44.23007,-69.77532,5597
Garland,ME,45.0384,-69.16032,1029
Gorham,ME,43.67952,-70.44422,6882
Gouldsboro,ME,44.47841,-68.03834,2018
Grand Isle,ME,47.30532,-68.15198,539
Gray,ME,43.88563,-70.33172,884
Greenbush,ME,45.08034,-68.65086,1477
Greene Village,ME,44.18979,-70.14033,4238
Greenville,ME,45.45949,-69.59061,1257
Greenwood,ME,44.3184,-70.6509,834
Hallowell,ME,44.2859,-69.79088,2315
Hampden,ME,44.74478,-68.83769,4343
Hancock,ME,44.52924,-68.25363,2232
Harmony,ME,44.97395,-69.54616,992
Harpswell Center,ME,43.80175,-69.98421,5281
Harrington,ME,44.61924,-67.81028,917
Harrison,ME,44.11035,-70.67923,2407
Hartford,ME,44.37284,-70.34673,1001
Hartland,ME,44.88339,-69.44755,813
Hebron,ME,44.19813,-70.40645,1095
Hermon,ME,44.81007,-68.91337,4909
Hiram,ME,43.87868,-70.8034,1479
Hodgdon,ME,46.05394,-67.86668,1289
Holden,ME,44.75285,-68.67892,2939
Hollis Center,ME,43.60508,-70.59311,4637
Houlton,ME,46.12616,-67.8403,5002
Howland,ME,45.23867,-68.66364,1096
Hudson,ME,45.00118,-68.88059,1448
Island Falls,ME,46.00922,-68.27141,824
Islesboro,ME,44.30841,-68.90337,627
Jackman,ME,45.62394,-70.25451,746
Jackson,ME,44.61479,-69.12087,526
Jay,ME,44.50395,-70.21617,4988
Jefferson,ME,44.20674,-69.45254,2483
Jonesboro,ME,44.66258,-67.57249,618
Jonesport,ME,44.53286,-67.59833,1464
Kenduskeag,ME,44.91951,-68.9317,1217
Kennebunk,ME,43.38397,-70.54478,5214
Kennebunkport,ME,43.36175,-70.47672,1238
Kingfield,ME,44.95922,-70.15395,1147
Kittery Point,ME,43.08299,-70.71009,1012
Kittery,ME,43.08814,-70.73616,4562
Lagrange,ME,45.16672,-68.84448,777
Lake Arrowhead,ME,43.66369,-70.73478,3071
Lebanon,ME,43.39453,-70.85089,5446
Lee,ME,45.36006,-68.28641,879
Leeds,ME,44.3034,-70.1195,2080
Levant,ME,44.86924,-68.93476,2257
Lewiston,ME,44.10035,-70.21478,36202
Liberty,ME,44.38924,-69.30282,964
Limerick,ME,43.68841,-70.79367,2329
Limestone,ME,46.90866,-67.82585,1075
Limington,ME,43.73174,-70.71089,3538
Lincoln,ME,45.36228,-68.50502,2884
Lincolnville,ME,44.28119,-69.00865,2123
Linneus,ME,46.03867,-67.96002,927
Lisbon,ME,44.03146,-70.1045,9392
Lisbon Falls,ME,43.99619,-70.06061,4100
Little Falls,ME,43.73147,-70.42755,708
Littleton,ME,46.23088,-67.84113,993
Livermore,ME,44.38396,-70.24922,2190
Livermore Falls,ME,44.47534,-70.18811,1594
Lovell,ME,44.12674,-70.89173,1013
Machias,ME,44.71508,-67.46138,1274
Machiasport,ME,44.69869,-67.39471,1206
Madawaska,ME,47.35532,-68.32171,2967
Madison,ME,44.79756,-69.87978,2630
Manchester,ME,44.32451,-69.86033,2563
Mapleton,ME,46.68199,-68.16281,683
Mars Hill,ME,46.51588,-67.86641,980
Marshfield,ME,44.73313,-67.47749,514
Mattawamkeag,ME,45.51367,-68.35447,858
Mechanic Falls,ME,44.11174,-70.39172,2237
Medway,ME,45.60894,-68.53086,1548
Mercer,ME,44.67812,-69.93645,673
Mexico,ME,44.5609,-70.54534,1743
Milbridge,ME,44.53536,-67.88083,1330
Milford,ME,44.94618,-68.64392,2233
Millinocket,ME,45.65727,-68.70976,4466
Milo,ME,45.25366,-68.98587,1847
Minot,ME,44.08563,-70.32006,2337
Monmouth,ME,44.23868,-70.03561,3935
Monroe,ME,44.61507,-69.01809,917
Monson,ME,45.28699,-69.50116,692
Monticello,ME,46.30838,-67.84252,821
Morrill,ME,44.44313,-69.14921,805
Moscow,ME,45.07061,-69.89117,600
Mount Vernon,ME,44.50118,-69.98756,1584
New Gloucester,ME,43.96285,-70.28255,5389
New Limerick,ME,46.10116,-67.96002,544
New Portland,ME,44.88422,-70.09673,816
New Sharon,ME,44.63895,-70.01561,1348
New Sweden Station,ME,46.95365,-68.10058,646
New Vineyard,ME,44.80422,-70.12145,754
Newcastle,ME,44.03508,-69.53671,667
Newport,ME,44.83534,-69.27394,1776
Newfield,ME,43.64813,-70.84701,1381
Nobleboro,ME,44.07952,-69.48505,1691
Norridgewock,ME,44.71312,-69.79061,1438
North Bath,ME,43.9348,-69.81588,9363
North Berwick,ME,43.3037,-70.73339,1615
North Windham,ME,43.83424,-70.43839,4904
Northport,ME,44.33786,-68.96142,1384
Norway,ME,44.21396,-70.54478,2748
Oakfield,ME,46.09894,-68.15002,761
Oakland,ME,44.54034,-69.72199,2602
Ogunquit,ME,43.24898,-70.59922,1275
Old Orchard Beach,ME,43.51731,-70.37755,8624
Old Town,ME,44.93423,-68.64531,7624
Orland,ME,44.57035,-68.73586,2219
Orono,ME,44.88312,-68.67198,9474
Orrington,ME,44.73118,-68.82643,3666
Otis,ME,44.7123,-68.4528,565
Owls Head,ME,44.0823,-69.05726,1665
Oxford,ME,44.13174,-70.49311,1263
Palermo,ME,44.40785,-69.47393,1268
Palmyra,ME,44.84645,-69.35866,2031
Paris,ME,44.25979,-70.50062,5073
Parkman,ME,45.13367,-69.4331,843
Parsonsfield,ME,43.72702,-70.92868,1647
Patten,ME,45.99644,-68.44614,1155
Pembroke,ME,44.95369,-67.16193,914
Penobscot,ME,44.46452,-68.71114,1397
Perry,ME,44.97508,-67.07581,881
Peru,ME,44.50673,-70.40534,1575
Phippsburg,ME,43.82064,-69.81477,2190
Pittsfield,ME,44.78256,-69.38338,3150
Pittston,ME,44.22174,-69.7556,2649
Plymouth,ME,44.76729,-69.21033,1307
Poland,ME,44.06063,-70.39367,5314
Porter,ME,43.79591,-70.93256,1495
Portland,ME,43.65737,-70.2589,66881
Presque Isle,ME,46.68115,-68.01586,9171
Princeton,ME,45.22341,-67.57222,927
Prospect,ME,44.55313,-68.86476,667
Randolph,ME,44.23035,-69.76671,1772
Raymond,ME,43.90146,-70.47033,4649
Readfield,ME,44.38785,-69.96672,2454
Richmond,ME,44.0873,-69.79893,1760
Robbinston,ME,45.07813,-67.10943,546
Rockport,ME,44.18452,-69.07615,3336
Rome,ME,44.58506,-69.86922,1019
Rumford,ME,44.55367,-70.5509,4218
Sabattus,ME,44.1198,-70.10755,4694
Saco,ME,43.50092,-70.44283,19078
Saint Agatha,ME,47.2431,-68.31365,834
Saint Albans,ME,44.91006,-69.41005,1909
Saint Francis,ME,47.17115,-68.88976,600
Saint George,ME,44.01647,-69.19893,2682
Sanford,ME,43.43925,-70.77422,20893
Sangerville,ME,45.16478,-69.35644,1320
Scarborough,ME,43.57814,-70.32172,4403
Searsmont,ME,44.36174,-69.19504,1221
Searsport,ME,44.45841,-68.9242,992
Sebec,ME,45.27144,-69.11671,636
Sedgwick,ME,44.30369,-68.61614,1146
Shapleigh,ME,43.54064,-70.84812,2418
Sherman,ME,45.87116,-68.41781,974
Sidney,ME,44.41312,-69.72893,3653
Skowhegan,ME,44.76506,-69.71922,6297
Smithfield,ME,44.63034,-69.8295,967
Solon,ME,44.9495,-69.85839,977
Somerville,ME,44.30924,-69.48893,529
South Berwick,ME,43.23453,-70.8095,7480
South Bristol,ME,43.86397,-69.56116,933
South Eliot,ME,43.10814,-70.77755,3550
South Paris,ME,44.22368,-70.51339,2267
South Portland,ME,43.64147,-70.24088,25556
South Portland Gardens,ME,43.63897,-70.31533,23893
South Sanford,ME,43.41119,-70.74256,4536
South Thomaston,ME,44.05147,-69.12782,1472
South Windham,ME,43.73619,-70.42366,1374
Southport,ME,43.84092,-69.65866,711
Southwest Harbor,ME,44.2798,-68.32502,720
Springvale,ME,43.46675,-70.79367,3292
Starks,ME,44.73062,-69.96617,601
Steep Falls,ME,43.79397,-70.65256,1139
Stetson,ME,44.89173,-69.14282,1020
Steuben,ME,44.51098,-67.96662,1171
Stockton Springs,ME,44.48952,-68.85698,1540
Stonington,ME,44.15619,-68.66669,1198
Strong,ME,44.80756,-70.2209,1309
Sullivan,ME,44.52036,-68.19668,1232
Sumner,ME,44.39201,-70.43839,888
Surry,ME,44.49591,-68.50169,1415
Swanville,ME,44.52119,-68.99781,1411
Temple,ME,44.68506,-70.22645,595
Thomaston,ME,44.07897,-69.18171,1875
Thorndike,ME,44.57813,-69.27588,740
Topsham,ME,43.92758,-69.97588,5931
Tremont,ME,44.25369,-68.35141,1590
Trenton,ME,44.43897,-68.37002,1424
Troy,ME,44.66479,-69.24088,1001
Turner,ME,44.25646,-70.25617,5470
Van Buren,ME,47.15727,-67.9353,1937
Vassalboro,ME,44.45923,-69.67755,4208
Veazie,ME,44.83868,-68.70531,1813
Verona,ME,44.56535,-68.79031,554
Vienna,ME,44.5334,-69.98478,548
Vinalhaven,ME,44.04814,-68.8317,1284
Waldo,ME,44.51257,-69.07615,762
Waldoboro,ME,44.09536,-69.3756,1233
Wallagrass,ME,47.12948,-68.59727,583
Warren,ME,44.12036,-69.24005,3945
Washburn,ME,46.79004,-68.15753,997
Washington,ME,44.27369,-69.36727,1398
Waterboro,ME,43.53564,-70.71506,7532
Waterville,ME,44.55201,-69.63171,16261
Wayne,ME,44.34868,-70.06616,1156
Wells Beach Station,ME,43.32397,-70.59144,10162
West Paris,ME,44.32423,-70.57395,1790
West Scarborough,ME,43.57036,-70.38783,27706
Westbrook,ME,43.67703,-70.37116,17978
Westfield,ME,46.57032,-67.92253,581
Westport,ME,43.89925,-69.70838,775
Whitefield,ME,44.17007,-69.62532,2363
Wilton,ME,44.59284,-70.22812,2198
Windsor,ME,44.31063,-69.5806,2291
Winslow,ME,44.54701,-69.62116,7794
Winterport,ME,44.63785,-68.84504,1340
Winthrop,ME,44.30507,-69.977,2650
Wiscasset,ME,44.00286,-69.6656,1097
Woodland,ME,45.15702,-67.40472,952
Woolwich,ME,43.91869,-69.80116,2922
Yarmouth,ME,43.80064,-70.18672,5869
York Beach,ME,43.17148,-70.60894,12854
York Harbor,ME,43.13676,-70.64561,3033
Addison,MI,41.98643,-84.34717,594
Adrian,MI,41.89755,-84.03717,20691
Alanson,MI,45.44418,-84.78671,746
Albion,MI,42.2431,-84.75303,8229
Algonac,MI,42.61858,-82.5323,4055
Allegan,MI,42.5292,-85.8553,5071
Allen Park,MI,42.25754,-83.21104,27425
Allendale,MI,42.97225,-85.95365,17579
Alma,MI,43.37892,-84.65973,9193
Almont,MI,42.92058,-83.04493,2723
Alpena,MI,45.06168,-83.43275,10175
Ann Arbor,MI,42.27756,-83.74088,117070
Argentine,MI,42.79142,-83.84634,2525
Armada,MI,42.8442,-82.88437,1744
Ashley,MI,43.1867,-84.47443,555
Athens,MI,42.08866,-85.23471,1007
Atlanta,MI,45.00473,-84.14389,827
Atlantic Mine,MI,47.09715,-88.62762,2082
Attica,MI,43.03031,-83.16605,994
Au Gres,MI,44.04863,-83.69582,859
Au Sable,MI,44.41085,-83.33219,1404
Auburn,MI,43.60336,-84.0697,2113
Auburn Hills,MI,42.68753,-83.2341,22672
Augusta,MI,42.33643,-85.35222,904
Avoca,MI,43.06197,-82.69104,1200
Bad Axe,MI,43.80196,-83.00078,3011
Baldwin,MI,43.90112,-85.85173,1159
Bancroft,MI,42.87864,-84.06385,522
Bangor,MI,42.31254,-86.11308,1850
Baraga,MI,46.77854,-88.48902,1996
Baroda,MI,41.95754,-86.48557,850
Bath,MI,42.81864,-84.44859,2083
Battle Creek,MI,42.3173,-85.17816,51589
Bay City,MI,43.59447,-83.88886,33917
Bay Shore,MI,45.35834,-85.09728,754
Beaverton,MI,43.88225,-84.48473,1049
Beecher,MI,43.09003,-83.6944,10232
Beechwood,MI,42.79697,-86.12588,3015
Belding,MI,43.09781,-85.22891,5769
Bellaire,MI,44.98028,-85.21117,1065
Belleville,MI,42.20476,-83.48521,3880
Bellevue,MI,42.44337,-85.01805,1278
Belmont,MI,43.07558,-85.6092,9244
Benton Harbor,MI,42.11671,-86.45419,9976
Benton Heights,MI,42.13115,-86.40724,4084
Berkley,MI,42.50309,-83.18354,15268
Berrien Springs,MI,41.94643,-86.3389,1764
Bessemer,MI,46.48134,-90.05295,1770
Beulah,MI,44.63194,-86.09092,341
Beverly Hills,MI,42.52392,-83.22326,10267
Big Rapids,MI,43.69808,-85.48366,10397
Bingham Farms,MI,42.51587,-83.27326,1133
Birch Run,MI,43.25086,-83.79413,1479
Birmingham,MI,42.5467,-83.21132,20857
Blissfield,MI,41.83255,-83.86244,3255
Bloomfield Hills,MI,42.58364,-83.24549,4004
Boyne City,MI,45.21668,-85.01394,3776
Breckenridge,MI,43.40808,-84.475,1305
Bridgeport,MI,43.35947,-83.88164,6950
Bridgman,MI,41.9431,-86.55697,2258
Brighton,MI,42.52948,-83.78022,7609
Britton,MI,41.98671,-83.83105,569
Bronson,MI,41.87227,-85.1947,2335
Brooklyn,MI,42.10587,-84.24828,1198
Brown City,MI,43.21225,-82.98966,1274
Brownlee Park,MI,42.31893,-85.14249,2108
Buchanan,MI,41.82727,-86.36112,4362
Buckley,MI,44.50445,-85.67701,705
Buena Vista,MI,43.4203,-83.89858,6816
Burr Oak,MI,41.84727,-85.31859,819
Burt,MI,43.23669,-83.90636,1228
Burton,MI,42.99947,-83.61634,28788
Byron,MI,42.82281,-83.9444,558
Byron Center,MI,42.81225,-85.72281,5822
Cadillac,MI,44.25195,-85.40116,10373
Caledonia,MI,42.7892,-85.51669,1590
Calumet,MI,47.24659,-88.45401,703
Camden,MI,41.75227,-84.75773,504
Canadian Lakes,MI,43.57919,-85.3017,2756
Canton,MI,42.30865,-83.48216,86825
Capac,MI,43.01253,-82.92799,1849
Carleton,MI,42.05921,-83.39077,2338
Caro,MI,43.49073,-83.39885,4099
Carrollton,MI,43.45864,-83.93025,6583
Carson City,MI,43.17698,-84.84639,1090
Carsonville,MI,43.42697,-82.67132,511
Caseville,MI,43.94113,-83.27135,744
Caspian,MI,46.06433,-88.63289,868
Cass City,MI,43.60085,-83.17467,2357
Cassopolis,MI,41.91171,-86.01001,1729
Cedar Springs,MI,43.22336,-85.55142,3624
Center Line,MI,42.48504,-83.0277,8320
Central Lake,MI,45.07,-85.26451,935
Centreville,MI,41.92338,-85.52832,1415
Charlevoix,MI,45.31806,-85.2584,2540
Charlotte,MI,42.56365,-84.83582,9054
Cheboygan,MI,45.64696,-84.47448,4733
Chelsea,MI,42.31807,-84.02181,5205
Chesaning,MI,43.18475,-84.11497,2288
Chums Corner,MI,44.67195,-85.65646,946
Clare,MI,43.81947,-84.76863,3082
Clarkston,MI,42.73586,-83.41883,1035
Clawson,MI,42.53337,-83.14632,12015
Climax,MI,42.23838,-85.33499,781
Clinton,MI,42.07199,-83.97161,2272
Clinton Township,MI,42.58698,-82.91992,99753
Clio,MI,43.17753,-83.73413,2536
Coldwater,MI,41.94033,-85.00052,10844
Coleman,MI,43.75669,-84.58584,1205
Coloma,MI,42.18615,-86.30836,1455
Colon,MI,41.95838,-85.32498,1159
Columbiaville,MI,43.15669,-83.41051,782
Comstock Park,MI,43.03864,-85.67003,10088
Concord,MI,42.17782,-84.64302,1050
Constantine,MI,41.84116,-85.6686,2064
Coopersville,MI,43.06391,-85.93477,4351
Corunna,MI,42.98197,-84.11775,3404
Croswell,MI,43.27558,-82.62104,2338
Crystal Falls,MI,46.09801,-88.33402,1414
Cutlerville,MI,42.84086,-85.66364,14370
Dansville,MI,42.55587,-84.3033,556
Davison,MI,43.03475,-83.51801,4965
DeWitt,MI,42.84226,-84.56915,4655
Dearborn,MI,42.32226,-83.17631,95171
Dearborn Heights,MI,42.33698,-83.27326,56145
Decatur,MI,42.1081,-85.97446,1767
Deckerville,MI,43.52669,-82.73521,801
Deerfield,MI,41.88894,-83.77883,873
Delton,MI,42.49976,-85.40806,872
Detroit,MI,42.33143,-83.04575,645705
Detroit Beach,MI,41.93116,-83.32688,2087
Dexter,MI,42.33834,-83.88954,4067
Dimondale,MI,42.64559,-84.64887,1245
Dollar Bay,MI,47.11965,-88.51151,1082
Douglas,MI,42.64336,-86.20059,1284
Dowagiac,MI,41.98421,-86.10862,5851
Dryden,MI,42.94614,-83.12383,941
Dundee,MI,41.95727,-83.65966,3994
Durand,MI,42.91198,-83.98468,3338
Eagle River,MI,47.41381,-88.29566,71
East Grand Rapids,MI,42.94114,-85.61003,11311
East Jordan,MI,45.15806,-85.12423,2371
East Lansing,MI,42.73698,-84.48387,48471
East Tawas,MI,44.27946,-83.49025,2747
Eastpointe,MI,42.46837,-82.95547,32657
Eastwood,MI,42.3031,-85.55028,6340
Eaton Rapids,MI,42.5092,-84.65581,5225
Eau Claire,MI,41.98505,-86.29974,618
Ecorse,MI,42.24448,-83.14576,9257
Edgemont Park,MI,42.7467,-84.59359,2358
Edmore,MI,43.40809,-85.03863,1196
Edwardsburg,MI,41.7956,-86.08084,1227
Elk Rapids,MI,44.89556,-85.41646,1615
Elkton,MI,43.81946,-83.18078,779
Elsie,MI,43.08864,-84.38693,971
Escanaba,MI,45.74525,-87.06458,12334
Essexville,MI,43.6153,-83.84192,3396
Evart,MI,43.90058,-85.2581,1861
Fair Plain,MI,42.08699,-86.45586,7631
Fairgrove,MI,43.52363,-83.54329,543
Farmington,MI,42.46448,-83.37632,10523
Farmington Hills,MI,42.48531,-83.37716,81330
Farwell,MI,43.83502,-84.86697,858
Fennville,MI,42.59392,-86.1017,1400
Fenton,MI,42.79781,-83.70495,11442
Ferndale,MI,42.46059,-83.13465,20177
Ferrysburg,MI,43.08446,-86.22033,2993
Flat Rock,MI,42.09643,-83.29187,9914
Flint,MI,43.01253,-83.68746,98310
Flushing,MI,43.06308,-83.85107,8086
Forest Hills,MI,42.95947,-85.48975,25867
Fostoria,MI,43.25336,-83.37189,694
Fowler,MI,43.0017,-84.73972,1225
Fowlerville,MI,42.66059,-84.07301,2895
Frankenmuth,MI,43.33169,-83.73802,5025
Frankfort,MI,44.63361,-86.23454,1283
Franklin,MI,42.52226,-83.30604,3237
Fraser,MI,42.5392,-82.94937,14636
Freeland,MI,43.52503,-84.12276,6969
Fremont,MI,43.46752,-85.942,4036
Fruitport,MI,43.13196,-86.15478,1111
Galesburg,MI,42.28865,-85.41806,2043
Galien,MI,41.7981,-86.49919,532
Garden City,MI,42.32559,-83.33104,26920
Gaylord,MI,45.02751,-84.67475,3660
Gibraltar,MI,42.09504,-83.18965,4531
Gladstone,MI,45.85274,-87.0218,4830
Gladwin,MI,43.98085,-84.4864,2880
Gobles,MI,42.36087,-85.87946,808
Goodrich,MI,42.91697,-83.50634,1831
Grand Blanc,MI,42.92753,-83.62995,7993
Grand Haven,MI,43.06307,-86.22839,11062
Grand Ledge,MI,42.75337,-84.74638,7791
Grand Rapids,MI,42.96336,-85.66809,195097
Grandville,MI,42.90975,-85.76309,15953
Grant,MI,43.33613,-85.81088,882
Grass Lake,MI,42.25087,-84.21301,1166
Grawn,MI,44.6625,-85.69369,772
Grayling,MI,44.6614,-84.71475,1844
Greenville,MI,43.17753,-85.2528,8444
Greilickville,MI,44.78306,-85.63869,1530
Grosse Ile,MI,42.12921,-83.14437,11361
Grosse Pointe,MI,42.38615,-82.91186,5232
Grosse Pointe Farms,MI,42.4092,-82.89186,9232
Grosse Pointe Park,MI,42.37587,-82.93742,11220
Grosse Pointe Shores,MI,42.4367,-82.87686,2718
Grosse Pointe Woods,MI,42.44365,-82.90686,15762
Gwinn,MI,46.28106,-87.44097,1917
Hamtramck,MI,42.39282,-83.04964,22002
Hancock,MI,47.12687,-88.58096,4555
Harbor Beach,MI,43.84474,-82.65132,1634
Harbor Springs,MI,45.43168,-84.992,1201
Harper Woods,MI,42.43309,-82.92408,13836
Harrison,MI,44.01919,-84.79947,2107
Harrisville,MI,44.6564,-83.29469,470
Hart,MI,43.69834,-86.36397,2098
Hartford,MI,42.20671,-86.16669,2617
Harvey,MI,46.49466,-87.35431,1393
Haslett,MI,42.74698,-84.40108,19220
Hastings,MI,42.64587,-85.29084,7284
Hazel Park,MI,42.46254,-83.10409,16597
Hemlock,MI,43.41475,-84.23054,1466
Hesperia,MI,43.5689,-86.03951,938
Highland Park,MI,42.40559,-83.09687,10949
Hillman,MI,45.05918,-83.90111,669
Hillsdale,MI,41.92005,-84.63051,8163
Holland,MI,42.78752,-86.10893,33742
Holly,MI,42.79197,-83.62773,6169
Holt,MI,42.64059,-84.51525,23973
Homer,MI,42.14588,-84.80886,1630
Hopkins,MI,42.62364,-85.7603,608
Horton Bay,MI,45.28445,-85.07895,512
Houghton,MI,47.12187,-88.56901,7970
Houghton Lake,MI,44.31474,-84.76475,3427
Howard City,MI,43.39558,-85.46782,1792
Howell,MI,42.60726,-83.9294,9521
Hubbard Lake,MI,44.75973,-83.54442,1002
Hubbell,MI,47.17326,-88.42928,946
Hudson,MI,41.85505,-84.35384,2241
Hudsonville,MI,42.87086,-85.86504,7324
Huntington Woods,MI,42.48059,-83.16687,6340
Imlay City,MI,43.02475,-83.07772,3573
Indian River,MI,45.41251,-84.61254,1959
Interlochen,MI,44.64472,-85.7673,583
Ionia,MI,42.98725,-85.07112,11372
Iron Mountain,MI,45.82023,-88.06596,7504
Iron River,MI,46.09273,-88.64235,2904
Ironwood,MI,46.45467,-90.17101,5002
Ishpeming,MI,46.48855,-87.66764,6483
Ithaca,MI,43.2917,-84.6075,2834
Jackson,MI,42.24587,-84.40135,33133
Jenison,MI,42.90725,-85.79198,16538
Jonesville,MI,41.98421,-84.6619,2220
Kalamazoo,MI,42.29171,-85.58723,76041
Kalkaska,MI,44.73417,-85.17589,2038
Keego Harbor,MI,42.60809,-83.34382,3029
Kent City,MI,43.22002,-85.75115,1102
Kentwood,MI,42.86947,-85.64475,51357
Kilmanagh,MI,43.75613,-83.3569,2944
Kingsford,MI,45.79496,-88.07207,5069
Kingsley,MI,44.58473,-85.5359,1559
L'Anse,MI,46.7566,-88.45291,1934
Laingsburg,MI,42.89031,-84.35136,1277
Lake City,MI,44.33529,-85.21505,843
Lake Fenton,MI,42.84614,-83.70773,5559
Lake Linden,MI,47.19409,-88.40734,989
Lake Michigan Beach,MI,42.22087,-86.36947,1216
Lake Odessa,MI,42.78476,-85.13834,2029
Lake Orion,MI,42.78448,-83.23966,3051
Lakeview,MI,42.29838,-85.2111,1115
Lakewood Club,MI,43.37112,-86.26034,1288
Lambertville,MI,41.76588,-83.62799,9953
Lansing,MI,42.73253,-84.55553,112644
Lapeer,MI,43.05142,-83.31883,8790
Lathrup Village,MI,42.49642,-83.22271,4135
Laurium,MI,47.23743,-88.44317,1941
Lawrence,MI,42.21921,-86.05141,987
Lawton,MI,42.16726,-85.84695,1866
Leland,MI,45.02305,-85.75981,377
Lennon,MI,42.98445,-83.93002,501
Leslie,MI,42.45143,-84.43247,1866
Lewiston,MI,44.8839,-84.30557,1392
Lexington,MI,43.26808,-82.53076,1128
Lincoln Park,MI,42.25059,-83.17854,37012
Linden,MI,42.81447,-83.78245,3839
Litchfield,MI,42.04393,-84.75746,1347
Livonia,MI,42.36837,-83.35271,94635
Lowell,MI,42.93364,-85.34196,3906
Ludington,MI,43.95528,-86.45258,8058
Luna Pier,MI,41.80699,-83.44243,1389
Lyons,MI,42.98198,-84.94695,793
Mackinaw City,MI,45.7777,-84.72982,802
Madison Heights,MI,42.48587,-83.1052,30198
Manchester,MI,42.15032,-84.03772,2143
Manistee,MI,44.24445,-86.32425,6084
Mancelona,MI,44.90223,-85.06088,1365
Manistique,MI,45.95775,-86.24625,2982
Manton,MI,44.41084,-85.39894,1371
Maple Rapids,MI,43.10475,-84.69194,678
Marcellus,MI,42.02588,-85.81556,1157
Marine City,MI,42.71948,-82.49213,4143
Marion,MI,44.10251,-85.14698,852
Marlette,MI,43.32697,-83.08022,1801
Marquette,MI,46.54354,-87.39542,21297
Marshall,MI,42.27226,-84.96331,7045
Marysville,MI,42.91253,-82.48686,9757
Mason,MI,42.5792,-84.44358,8427
Mattawan,MI,42.20948,-85.78445,1947
Maybee,MI,42.00393,-83.51549,545
Mayville,MI,43.33697,-83.35245,920
McBain,MI,44.19362,-85.21338,661
Melvindale,MI,42.28254,-83.1752,10404
Memphis,MI,42.89642,-82.76881,1182
Mendon,MI,42.00644,-85.44999,861
Menominee,MI,45.10776,-87.61427,8382
Merrill,MI,43.40975,-84.32888,746
Metamora,MI,42.94142,-83.28911,566
Michigan Center,MI,42.23309,-84.32718,4672
Middletown,MI,42.98586,-84.14497,897
Middleville,MI,42.71309,-85.46196,3301
Midland,MI,43.61558,-84.24721,42200
Milan,MI,42.08532,-83.68244,5983
Milford,MI,42.59364,-83.59939,6472
Millington,MI,43.28141,-83.52968,1037
Mio,MI,44.65224,-84.12973,1826
Monroe,MI,41.91643,-83.39771,20092
Montague,MI,43.41668,-86.35701,2362
Montrose,MI,43.17669,-83.89274,1587
Morenci,MI,41.71949,-84.218,2187
Morrice,MI,42.83864,-84.1783,897
Mount Clemens,MI,42.59726,-82.87798,16400
Mount Morris,MI,43.11864,-83.69496,2964
Mount Pleasant,MI,43.59781,-84.76751,26060
Muir,MI,42.99587,-84.9425,605
Mulliken,MI,42.76226,-84.89638,558
Munising,MI,46.4112,-86.64926,2288
Muskegon,MI,43.23418,-86.24839,38401
Muskegon Heights,MI,43.20113,-86.23895,10796
Napoleon,MI,42.16059,-84.24606,1258
Nashville,MI,42.60281,-85.09305,1633
Negaunee,MI,46.4991,-87.6118,4582
New Baltimore,MI,42.68114,-82.73686,12354
New Buffalo,MI,41.79393,-86.74392,1876
New Haven,MI,43.09364,-84.15331,5123
New Lothrop,MI,43.11669,-83.96997,561
Newaygo,MI,43.41974,-85.80005,1957
Newberry,MI,46.355,-85.50956,1455
Niles,MI,41.82977,-86.25418,11333
North Branch,MI,43.22947,-83.19661,1029
North Muskegon,MI,43.25613,-86.26756,3779
Northport,MI,45.13139,-85.61675,531
Northview,MI,43.04558,-85.60059,14541
Northville,MI,42.43115,-83.48327,6010
Norton Shores,MI,43.1689,-86.26395,24208
Norway,MI,45.7869,-87.90374,2798
Novi,MI,42.48059,-83.47549,58723
Oak Hill,MI,44.22445,-86.30397,569
Oak Park,MI,42.45948,-83.18271,29752
Okemos,MI,42.72226,-84.42747,21369
Olivet,MI,42.44143,-84.92415,1610
Onaway,MI,45.35751,-84.2239,841
Onsted,MI,42.00616,-84.18994,904
Ontonagon,MI,46.87105,-89.31403,1324
Orchard Lake,MI,42.58309,-83.35938,2245
Ortonville,MI,42.85225,-83.443,1463
Oscoda,MI,44.42029,-83.3308,903
Ossineke,MI,44.90223,-83.44247,938
Otisville,MI,43.16614,-83.5244,825
Otsego,MI,42.46059,-85.69641,3991
Ovid,MI,43.00586,-84.37164,1612
Owosso,MI,42.9978,-84.17664,14699
Oxford,MI,42.82475,-83.26466,3534
Parchment,MI,42.3281,-85.56973,1848
Parkdale,MI,44.2675,-86.30286,704
Parma,MI,42.25837,-84.59969,760
Paw Paw,MI,42.21782,-85.89112,3455
Paw Paw Lake,MI,42.21226,-86.27197,3511
Pearl Beach,MI,42.6267,-82.59769,2829
Peck,MI,43.25864,-82.81743,613
Pellston,MI,45.5528,-84.7854,829
Pentwater,MI,43.78167,-86.43314,845
Perry,MI,42.82642,-84.21941,2100
Petersburg,MI,41.90116,-83.71494,1131
Petoskey,MI,45.37334,-84.95533,5719
Pigeon,MI,43.83002,-83.26996,1166
Pinckney,MI,42.457,-83.94791,2436
Pinconning,MI,43.85363,-83.96499,1271
Plainwell,MI,42.44004,-85.6489,3822
Pleasant Ridge,MI,42.47115,-83.14215,2556
Plymouth,MI,42.37143,-83.47021,8905
Pontiac,MI,42.63892,-83.29105,59917
Port Austin,MI,44.04613,-82.99411,642
Port Huron,MI,42.97086,-82.42491,29330
Port Sanilac,MI,43.43086,-82.54242,604
Portage,MI,42.20115,-85.58,48177
Portland,MI,42.8692,-84.90305,3923
Potterville,MI,42.6292,-84.73887,2618
Prudenville,MI,44.29835,-84.65197,1682
Quincy,MI,41.94421,-84.88385,1640
Quinnesec,MI,45.80635,-87.98846,1191
Rapid City,MI,44.83445,-85.28256,1352
Ravenna,MI,43.18947,-85.93699,1213
Reading,MI,41.83949,-84.74801,1056
Redford,MI,42.38337,-83.2966,49936
Reed City,MI,43.87502,-85.51005,2390
Reese,MI,43.45058,-83.69635,1408
Republic,MI,46.40661,-87.97569,570
Richland,MI,42.37615,-85.45501,786
Richmond,MI,42.8092,-82.75576,5864
River Rouge,MI,42.27337,-83.13437,7546
Riverview,MI,42.17421,-83.17937,12181
Rochester,MI,42.68059,-83.13382,12993
Rochester Hills,MI,42.65837,-83.14993,73424
Rockford,MI,43.12003,-85.56003,6134
Rockwood,MI,42.07088,-83.2466,3199
Rogers City,MI,45.4214,-83.81833,2712
Romeo,MI,42.80281,-83.01299,3625
Romulus,MI,42.22226,-83.3966,23417
Roosevelt Park,MI,43.1964,-86.27228,3821
Roscommon,MI,44.49835,-84.59197,1061
Rose City,MI,44.42141,-84.11667,633
Roseville,MI,42.49726,-82.93714,47637
Royal Oak,MI,42.48948,-83.14465,59008
Saginaw,MI,43.41947,-83.95081,49347
Saint Charles,MI,43.29697,-84.14053,2054
Saint Helen,MI,44.36363,-84.41029,2668
Saint Ignace,MI,45.86614,-84.72751,2452
Saint Johns,MI,43.00114,-84.55915,7865
Saint Joseph,MI,42.10976,-86.48002,8365
Saint Louis,MI,43.40836,-84.60667,7482
Saline,MI,42.16671,-83.78161,9100
Sand Lake,MI,44.31918,-83.6847,1412
Sandusky,MI,43.4203,-82.82966,2596
Sanford,MI,43.67281,-84.38055,849
Saranac,MI,42.92948,-85.21307,1333
Saugatuck,MI,42.65502,-86.20198,964
Sault Ste. Marie,MI,46.4953,-84.34532,13827
Schoolcraft,MI,42.11421,-85.63778,1566
Scottville,MI,43.95473,-86.28008,1213
Sebewaing,MI,43.73224,-83.45107,1692
Shelby,MI,42.67087,-83.03298,74099
Shepherd,MI,43.52447,-84.69473,1507
Sheridan,MI,43.21225,-85.07363,652
Shields,MI,43.4153,-84.05637,6587
Shoreham,MI,42.05949,-86.51641,850
Skidway Lake,MI,44.18335,-84.03527,3392
South Boardman,MI,44.64139,-85.27978,536
South Gull Lake,MI,42.38754,-85.39667,1182
South Haven,MI,42.40309,-86.27364,4359
South Lyon,MI,42.46059,-83.65161,11722
South Monroe,MI,41.89588,-83.41771,6433
South Range,MI,47.06993,-88.64318,746
South Rockwood,MI,42.06393,-83.26104,1642
Southfield,MI,42.47337,-83.22187,73156
Southgate,MI,42.21393,-83.19381,29293
Sparta,MI,43.16086,-85.71004,4311
Spring Arbor,MI,42.20504,-84.55274,2881
Spring Lake,MI,43.07696,-86.197,2480
Springport,MI,42.37837,-84.69859,790
Springfield,MI,42.32643,-85.23916,5192
Saint Clair,MI,42.82087,-82.48602,5485
Saint Clair Shores,MI,42.49698,-82.88881,59715
"Stambaugh, Iron River",MI,46.08107,-88.62708,1215
Standish,MI,43.98308,-83.95888,1452
Stanton,MI,43.29253,-85.08141,1414
Stephenson,MI,45.41525,-87.60762,867
Sterling,MI,44.03335,-84.02277,513
Sterling Heights,MI,42.58031,-83.0302,132052
Stevensville,MI,42.01449,-86.51947,1119
Stockbridge,MI,42.45115,-84.18051,1232
Stony Point,MI,42.49698,-85.42668,1849
Sturgis,MI,41.79922,-85.41915,10896
Sunfield,MI,42.76226,-84.9925,583
Suttons Bay,MI,44.97667,-85.65064,626
Swartz Creek,MI,42.95725,-83.83051,5567
Sylvan Lake,MI,42.61142,-83.32855,1785
Tawas City,MI,44.26946,-83.5147,1786
Taylor,MI,42.24087,-83.26965,61568
Tecumseh,MI,42.00393,-83.94494,8372
Tekonsha,MI,42.09338,-84.98581,704
Temperance,MI,41.77921,-83.56882,8517
Three Rivers,MI,41.94394,-85.63249,7752
Three Oaks,MI,41.79865,-86.61058,1579
Traverse City,MI,44.76306,-85.62063,15218
Trenton,MI,42.13949,-83.17826,18380
Trowbridge Park,MI,46.5566,-87.43736,2176
Troy,MI,42.60559,-83.14993,83280
Twin Lake,MI,43.36279,-86.16478,1720
Ubly,MI,43.71002,-82.93161,828
Union City,MI,42.06671,-85.13609,1584
Utica,MI,42.62614,-83.03354,4942
Vanderbilt,MI,45.14279,-84.66031,564
Vandercook Lake,MI,42.19337,-84.39107,4721
Vassar,MI,43.37197,-83.58329,2620
Vermontville,MI,42.62892,-85.02416,761
Vernon,MI,42.9392,-84.02941,758
Vicksburg,MI,42.12005,-85.53278,3230
Lake Isabella,MI,43.64364,-84.99725,1652
Wacousta,MI,42.82781,-84.70082,1440
Wakefield,MI,46.47523,-89.93989,1725
Waldron,MI,41.72783,-84.41884,532
Walker,MI,43.00141,-85.76809,24647
Walled Lake,MI,42.53781,-83.48105,7110
Warren,MI,42.49044,-83.01304,134056
Waterford,MI,42.69303,-83.41181,75737
Watervliet,MI,42.18671,-86.26058,1692
Waverly,MI,42.7392,-84.62081,23925
Wayland,MI,42.67392,-85.64474,4166
Wayne,MI,42.28143,-83.38632,17081
Webberville,MI,42.66698,-84.17413,1274
Weidman,MI,43.68753,-84.96891,959
West Branch,MI,44.27641,-84.23861,2067
West Ishpeming,MI,46.48355,-87.70097,2662
West Monroe,MI,41.91393,-83.4316,3503
Westland,MI,42.3242,-83.40021,82000
Westphalia,MI,42.92948,-84.7986,937
Westwood,MI,42.30282,-85.63362,8653
White Cloud,MI,43.5503,-85.772,1383
White Pigeon,MI,41.79811,-85.64332,1514
Whitehall,MI,43.41001,-86.34868,2711
Whitmore Lake,MI,42.4397,-83.7453,6423
Williamston,MI,42.68892,-84.28302,3883
Wixom,MI,42.52476,-83.53633,13746
Wolf Lake,MI,43.25474,-86.10978,4104
Wolverine Lake,MI,42.5567,-83.47383,4312
Woodhaven,MI,42.13893,-83.2416,12539
Woodland Beach,MI,41.94005,-83.31326,2049
Wyandotte,MI,42.21421,-83.14992,25156
Wyoming,MI,42.91336,-85.70531,75275
Yale,MI,43.13003,-82.79826,1905
Ypsilanti,MI,42.24115,-83.61299,19945
Zeeland,MI,42.81252,-86.01865,5626
Zilwaukee,MI,43.47641,-83.92053,1577
Ada,MN,47.29969,-96.51535,1656
Adams,MN,43.56524,-92.71935,779
Adrian,MN,43.63497,-95.9328,1220
Afton,MN,44.90275,-92.78354,2966
Aitkin,MN,46.53301,-93.71025,2053
Albany,MN,45.62996,-94.57,2647
Albert Lea,MN,43.64801,-93.36827,17674
Albertville,MN,45.23774,-93.65441,7345
Alden,MN,43.67023,-93.57605,646
Alexandria,MN,45.88524,-95.37754,11843
Amboy,MN,43.88801,-94.15663,522
Andover,MN,45.2333,-93.29134,32213
Anoka,MN,45.19774,-93.38718,17350
Annandale,MN,45.26274,-94.12443,3304
Apple Valley,MN,44.73191,-93.21772,51221
Appleton,MN,45.19691,-96.01977,1341
Arden Hills,MN,45.05024,-93.15661,9951
Argyle,MN,48.33276,-96.82089,642
Arlington,MN,44.6083,-94.08053,2169
Arnold,MN,46.88022,-92.09047,2960
Atwater,MN,45.13885,-94.77806,1124
Audubon,MN,46.86329,-95.98172,510
Aurora,MN,47.52993,-92.23712,1666
Austin,MN,43.66663,-92.97464,24563
Avon,MN,45.60913,-94.45167,1466
Babbitt,MN,47.70853,-91.9446,1519
Bagley,MN,47.52162,-95.39835,1394
Balaton,MN,44.2333,-95.87224,624
Barnesville,MN,46.65218,-96.41979,2577
Barnum,MN,46.503,-92.68853,598
Battle Lake,MN,46.28052,-95.71366,880
Baudette,MN,48.71247,-94.59993,1063
Baxter,MN,46.3433,-94.28667,7934
Bayport,MN,45.02136,-92.78104,3714
Becker,MN,45.3933,-93.87692,4700
Belgrade,MN,45.45302,-95.00446,755
Belle Plaine,MN,44.62274,-93.76857,6918
Bemidji,MN,47.47356,-94.88028,14594
Benson,MN,45.315,-95.6025,3240
Big Lake,MN,45.33246,-93.74608,10368
Birchwood,MN,45.06108,-92.97605,1139
Bird Island,MN,44.76746,-94.89555,994
Biwabik,MN,47.53298,-92.34018,992
Blackduck,MN,47.73301,-94.54858,779
Blaine,MN,45.1608,-93.23495,62124
Blooming Prairie,MN,43.86663,-93.05103,1993
Bloomington,MN,44.8408,-93.29828,86435
Blue Earth,MN,43.63746,-94.10218,3236
Bovey,MN,47.2955,-93.41882,811
Braham,MN,45.72274,-93.17078,1770
Brainerd,MN,46.35802,-94.20083,13371
Branch,MN,45.48524,-92.96188,2696
Breckenridge,MN,46.26357,-96.58813,3290
Breezy Point,MN,46.59001,-94.21982,2350
Brooklyn Center,MN,45.07608,-93.33273,30770
Brooklyn Park,MN,45.09413,-93.35634,79149
Brooten,MN,45.50108,-95.12447,745
Browerville,MN,46.0858,-94.86586,757
Browns Valley,MN,45.59524,-96.83341,557
Brownsdale,MN,43.74024,-92.86935,684
Brownton,MN,44.73191,-94.35026,738
Buffalo,MN,45.17191,-93.87469,16026
Buffalo Lake,MN,44.73718,-94.61693,690
Buhl,MN,47.49354,-92.77796,990
Burnsville,MN,44.76774,-93.27772,61481
Butterfield,MN,43.95829,-94.7947,594
Byron,MN,44.03274,-92.64546,5328
Caledonia,MN,43.63469,-91.49681,2787
Cambridge,MN,45.57274,-93.22439,8451
Canby,MN,44.70885,-96.27643,1709
Cannon Falls,MN,44.50691,-92.90548,4062
Carlton,MN,46.66383,-92.42491,1048
Carver,MN,44.76357,-93.62579,4311
Cass Lake,MN,47.3794,-94.60415,747
Center City,MN,45.39385,-92.8166,628
Centerville,MN,45.16302,-93.05578,3930
Champlin,MN,45.18885,-93.39745,23894
Chanhassen,MN,44.86219,-93.53079,25332
Chaska,MN,44.78941,-93.60218,25199
Chatfield,MN,43.84552,-92.18905,2799
Chisago City,MN,45.37358,-92.88994,4932
Chisholm,MN,47.4891,-92.8838,4981
Circle Pines,MN,45.14858,-93.15161,4958
Clara City,MN,44.95496,-95.3664,1320
Claremont,MN,44.04441,-92.9977,536
Clarissa,MN,46.13024,-94.94864,655
Clarkfield,MN,44.78889,-95.80389,811
Clarks Grove,MN,43.76385,-93.3291,681
Clear Lake,MN,45.44497,-93.99887,645
Clearbrook,MN,47.6919,-95.43112,517
Clearwater,MN,45.41941,-94.04887,1783
Cleveland,MN,44.32552,-93.83773,700
Cloquet,MN,46.72161,-92.45936,12075
Cohasset,MN,47.26356,-93.62022,2745
Cokato,MN,45.0758,-94.18998,2727
Coleraine,MN,47.28883,-93.42771,1999
Collegeville,MN,45.59441,-94.36305,3516
Cold Spring,MN,45.4558,-94.42888,4094
Cologne,MN,44.77163,-93.78135,1605
Columbia Heights,MN,45.0408,-93.263,19715
Cook,MN,47.85242,-92.68962,567
Coon Rapids,MN,45.11997,-93.28773,62240
Corcoran,MN,45.09524,-93.54746,5552
Cottage Grove,MN,44.82774,-92.94382,35918
Cottonwood,MN,44.60885,-95.67419,1212
Courtland,MN,44.2683,-94.34025,653
Crookston,MN,47.77414,-96.60812,7787
Crosby,MN,46.48218,-93.95776,2345
Crosslake,MN,46.65941,-94.11387,2141
Crystal,MN,45.03274,-93.36023,22943
Dassel,MN,45.08163,-94.30693,1437
Dawson,MN,44.93274,-96.05448,1444
Dayton,MN,45.24385,-93.51496,5096
Deephaven,MN,44.92969,-93.52246,3843
Deer River,MN,47.333,-93.79272,933
Delano,MN,45.04191,-93.78913,5875
Dellwood,MN,45.08997,-92.97244,1094
Deerwood,MN,46.47357,-93.89887,520
Detroit Lakes,MN,46.81718,-95.84533,9002
Dilworth,MN,46.87663,-96.70341,4366
Dodge Center,MN,44.02802,-92.85464,2690
Dover,MN,43.97357,-92.13905,745
Duluth,MN,46.78327,-92.10658,86110
Dundas,MN,44.42941,-93.20188,1481
Eagan,MN,44.80413,-93.16689,66286
Eagle Bend,MN,46.16496,-95.03919,510
Eagle Lake,MN,44.16497,-93.88134,2841
East Bethel,MN,45.31941,-93.20245,11692
East Grand Forks,MN,47.92998,-97.02452,8643
East Gull Lake,MN,46.40802,-94.35584,1011
Eden Prairie,MN,44.85469,-93.47079,63496
Eden Valley,MN,45.32607,-94.54611,1036
Edgerton,MN,43.87247,-96.12864,1139
Edina,MN,44.88969,-93.34995,50138
Elbow Lake,MN,45.99413,-95.97672,1144
Elgin,MN,44.13024,-92.25156,1055
Elk River,MN,45.30385,-93.56718,23963
Elko,MN,44.56469,-93.32689,542
Ellendale,MN,43.87274,-93.30132,691
Elmore,MN,43.50496,-94.08802,637
Ely,MN,47.90324,-91.86709,3408
Elysian,MN,44.19858,-93.67384,669
Emily,MN,46.73107,-93.95803,829
Esko,MN,46.70578,-92.36325,1869
Evansville,MN,46.00413,-95.68282,601
Eveleth,MN,47.46243,-92.53991,3673
Excelsior,MN,44.9033,-93.56635,2279
Eyota,MN,43.9883,-92.2285,2032
Fairfax,MN,44.52913,-94.72082,1172
Fairmont,MN,43.65218,-94.46108,10221
Falcon Heights,MN,44.99163,-93.16633,5571
Faribault,MN,44.29496,-93.26883,23650
Farmington,MN,44.64024,-93.14355,22731
Fergus Falls,MN,46.28302,-96.07756,13281
Fertile,MN,47.53608,-96.28033,841
Floodwood,MN,46.92911,-92.91965,522
Foley,MN,45.66469,-93.9097,2656
Forest Lake,MN,45.27886,-92.98522,19618
Foreston,MN,45.73441,-93.71052,516
Fosston,MN,47.57635,-95.75141,1498
Frazee,MN,46.72801,-95.70088,1371
Freeport,MN,45.66274,-94.69001,659
Fridley,MN,45.08608,-93.26328,27713
Fulda,MN,43.87052,-95.60029,1243
Gaylord,MN,44.55302,-94.22053,2245
Geneva,MN,43.82329,-93.26771,544
Gibbon,MN,44.53385,-94.52637,752
Gilbert,MN,47.48882,-92.46491,1792
Glencoe,MN,44.76913,-94.15164,5521
Glenville,MN,43.57246,-93.28132,630
Glenwood,MN,45.65024,-95.38976,2568
Glyndon,MN,46.87524,-96.57896,1380
Golden Valley,MN,45.00969,-93.34912,21270
Good Thunder,MN,44.00469,-94.06579,578
Goodhue,MN,44.40052,-92.6238,1174
Goodview,MN,44.06246,-91.69571,4144
Graceville,MN,45.56913,-96.43451,555
Grand Marais,MN,47.75045,-90.33427,1327
Grand Meadow,MN,43.7058,-92.57212,1149
Grand Rapids,MN,47.23717,-93.53021,11127
Granite Falls,MN,44.80996,-95.54558,2747
Grant,MN,45.08441,-92.91049,4147
Green Isle,MN,44.67913,-94.0083,537
Greenbush,MN,48.70053,-96.18168,733
Greenfield,MN,45.1033,-93.69135,2919
Greenwood,MN,44.91496,-93.55329,718
Grove City,MN,45.15052,-94.68305,616
Hallock,MN,48.77443,-96.94645,953
Halstad,MN,47.35164,-96.82869,575
Ham Lake,MN,45.25024,-93.24995,16062
Hamburg,MN,44.7333,-93.96719,520
Hampton,MN,44.61024,-93.00216,687
Hancock,MN,45.49746,-95.79671,755
Hanover,MN,45.1558,-93.66635,3289
Harmony,MN,43.55524,-92.01016,994
Harris,MN,45.58635,-92.97466,1125
Hastings,MN,44.7433,-92.85243,22554
Hawley,MN,46.88079,-96.31673,2179
Hayfield,MN,43.89052,-92.84769,1320
Hector,MN,44.74385,-94.71555,1076
Henderson,MN,44.5283,-93.90774,874
Hendricks,MN,44.50719,-96.42421,691
Henning,MN,46.32163,-95.44532,798
Hermantown,MN,46.80689,-92.23825,9706
Heron Lake,MN,43.79496,-95.32028,676
Hibbing,MN,47.42715,-92.93769,16204
Hill City,MN,46.99328,-93.59856,600
Hills,MN,43.52803,-96.35865,673
Hilltop,MN,45.0533,-93.24745,744
Hinckley,MN,46.01134,-92.94437,1806
Hoffman,MN,45.8294,-95.79199,672
Hokah,MN,43.75941,-91.34653,560
Holdingford,MN,45.73108,-94.47,713
Hopkins,MN,44.92496,-93.46273,17591
Houston,MN,43.7633,-91.56848,966
Howard Lake,MN,45.0608,-94.07331,2039
Hoyt Lakes,MN,47.51965,-92.13851,2004
Hugo,MN,45.15997,-92.99327,14388
Hutchinson,MN,44.88774,-94.36971,13913
Independence,MN,45.02524,-93.70746,3741
International Falls,MN,48.60105,-93.41098,6158
Inver Grove Heights,MN,44.84802,-93.04272,34857
Ironton,MN,46.47746,-93.97776,561
Isanti,MN,45.49024,-93.24773,5464
Isle,MN,46.13801,-93.47079,788
Ivanhoe,MN,44.4633,-96.24726,550
Jackson,MN,43.62079,-94.9886,3234
Janesville,MN,44.11608,-93.708,2254
Jasper,MN,43.84997,-96.39865,615
Jordan,MN,44.66691,-93.6269,6076
Karlstad,MN,48.57748,-96.5206,733
Kasota,MN,44.29247,-93.96496,660
Kasson,MN,44.02996,-92.75074,6123
Keewatin,MN,47.39966,-93.07242,1049
Kenyon,MN,44.27219,-92.98548,1814
Kerkhoven,MN,45.19302,-95.32058,717
Kimball,MN,45.31246,-94.30027,774
La Crescent,MN,43.82802,-91.30403,4826
La Prairie,MN,47.22828,-93.4891,659
Lake Benton,MN,44.26108,-96.28754,657
Lake City,MN,44.44968,-92.2682,5027
Lake Crystal,MN,44.1058,-94.21885,2527
Lake Elmo,MN,44.9958,-92.87938,8406
Zimmerman,MN,45.4433,-93.58996,5350
Lake Park,MN,46.88635,-96.0945,779
Lake Saint Croix Beach,MN,44.9208,-92.76687,1051
Lake Shore,MN,46.48552,-94.36056,1023
Lakefield,MN,43.67746,-95.17166,1656
Lakeland,MN,44.95636,-92.76576,1839
Lakeville,MN,44.64969,-93.24272,60633
Lamberton,MN,44.23107,-95.26416,791
Landfall,MN,44.9508,-92.9766,735
Lanesboro,MN,43.7208,-91.97682,734
Lauderdale,MN,44.99858,-93.20578,2506
Le Center,MN,44.38941,-93.73023,2459
Le Roy,MN,43.50969,-92.50379,921
Le Sueur,MN,44.46135,-93.91524,3999
Lester Prairie,MN,44.88385,-94.04164,1686
Lewiston,MN,43.98441,-91.86932,1571
Lexington,MN,45.14247,-93.16328,2049
Lilydale,MN,44.91608,-93.12605,872
Lindstrom,MN,45.38941,-92.84799,4401
Lino Lakes,MN,45.16024,-93.08883,21050
Litchfield,MN,45.12718,-94.52805,6657
Little Canada,MN,45.02691,-93.08772,10319
Little Falls,MN,45.97635,-94.3625,8649
Little Rock,MN,47.86801,-95.11055,1208
Littlefork,MN,48.39883,-93.55572,622
Long Lake,MN,44.98663,-93.57162,1800
Long Prairie,MN,45.97469,-94.86558,3347
Lonsdale,MN,44.48024,-93.42856,3843
Loretto,MN,45.05469,-93.63552,668
Luverne,MN,43.65414,-96.21281,4677
Lyle,MN,43.50524,-92.94408,542
Mabel,MN,43.52052,-91.76959,760
Madelia,MN,44.05079,-94.4183,2250
Madison,MN,45.00968,-96.19588,1462
Madison Lake,MN,44.20441,-93.81551,1094
Mahnomen,MN,47.31524,-95.96865,1222
Mahtomedi,MN,45.06969,-92.9516,8116
Mankato,MN,44.15906,-94.00915,41044
Mantorville,MN,44.06913,-92.75575,1200
Maple Grove,MN,45.07246,-93.45579,68385
Maple Lake,MN,45.22913,-94.00192,2092
Maple Plain,MN,45.00719,-93.65579,1785
Mapleton,MN,43.92885,-93.95606,1731
Maplewood,MN,44.95302,-92.99522,40567
Marble,MN,47.32049,-93.29854,693
Marine on Saint Croix,MN,45.19806,-92.77111,689
Marshall,MN,44.4469,-95.78835,13652
Martin Lake,MN,45.38108,-93.09494,933
Mayer,MN,44.88496,-93.88775,1903
Mazeppa,MN,44.27302,-92.54491,822
McIntosh,MN,47.63691,-95.88642,618
Medford,MN,44.17413,-93.24632,1249
Medina,MN,45.03524,-93.58246,5973
Melrose,MN,45.67469,-94.80752,3616
Menahga,MN,46.75385,-95.09808,1339
Mendota Heights,MN,44.88358,-93.13827,11223
Milaca,MN,45.7558,-93.65441,2883
Minneapolis,MN,44.97997,-93.26384,410939
Minneota,MN,44.55885,-95.98559,1363
Minnesota Lake,MN,43.8419,-93.83189,662
Minnetonka,MN,44.9133,-93.50329,51669
Minnetonka Beach,MN,44.93969,-93.57662,570
Minnetonka Mills,MN,44.94107,-93.4419,50117
Minnetrista,MN,44.9383,-93.71774,7178
Montevideo,MN,44.94803,-95.71701,5217
Montgomery,MN,44.43885,-93.58134,2915
Monticello,MN,45.30552,-93.79414,13299
Montrose,MN,45.06496,-93.91108,3079
Moorhead,MN,46.87386,-96.76951,42005
Moose Lake,MN,46.45411,-92.76187,2748
Mora,MN,45.8769,-93.29384,3462
Morgan,MN,44.4169,-94.92555,867
Morris,MN,45.58607,-95.91394,5352
Morristown,MN,44.22719,-93.44467,992
Motley,MN,46.33663,-94.64612,646
Mound,MN,44.93663,-93.66607,9336
Mounds View,MN,45.10497,-93.20856,12914
Mountain Iron,MN,47.53243,-92.62351,2880
Mountain Lake,MN,43.93885,-94.92971,2117
Nashwauk,MN,47.38021,-93.16825,968
Naytahwaush,MN,47.26274,-95.62614,578
New Brighton,MN,45.06552,-93.20189,22351
New Hope,MN,45.03802,-93.38662,21032
New London,MN,45.30108,-94.94418,1328
New Market,MN,44.57302,-93.35356,700
New Prague,MN,44.5433,-93.57607,7582
New Richland,MN,43.89385,-93.49383,1188
New Ulm,MN,44.31246,-94.46053,13327
New York Mills,MN,46.51802,-95.37615,1225
Newport,MN,44.86636,-93.00049,3480
Nicollet,MN,44.27608,-94.18746,1138
Nisswa,MN,46.52052,-94.28861,2011
North Branch,MN,45.51135,-92.98022,10215
North Mankato,MN,44.1733,-94.03385,13529
North Oaks,MN,45.10274,-93.07911,4968
North Saint Paul,MN,45.01247,-92.99188,11460
Northfield,MN,44.4583,-93.1616,20380
Norwood (historical),MN,44.76802,-93.92747,1506
Norwood Young America,MN,44.77357,-93.92163,3677
Oak Grove,MN,45.3408,-93.3269,8439
Oak Park Heights,MN,45.03136,-92.79298,4831
Oakdale,MN,44.96302,-92.96494,28080
Oakport,MN,46.93191,-96.77897,1387
Olivia,MN,44.77635,-94.98972,2356
Onamia,MN,46.07052,-93.66775,864
Orono,MN,44.97135,-93.6044,8006
Oronoco,MN,44.16608,-92.53491,1446
Ortonville,MN,45.30469,-96.44478,1815
Osakis,MN,45.86691,-95.15225,1719
Osseo,MN,45.11941,-93.40245,2748
Otsego,MN,45.27413,-93.59135,15551
Ottertail,MN,46.42552,-95.55726,602
Owatonna,MN,44.08385,-93.22604,25725
Park Rapids,MN,46.92218,-95.05863,3947
Parkers Prairie,MN,46.15302,-95.32892,1005
Parkville,MN,47.53104,-92.57907,2525
Paynesville,MN,45.38052,-94.71195,2433
Pelican Rapids,MN,46.57079,-96.08311,2461
Pennock,MN,45.14885,-95.1764,515
Pequot Lakes,MN,46.60302,-94.30944,2243
Perham,MN,46.5944,-95.57254,3278
Pierz,MN,45.98163,-94.10471,1362
Pine City,MN,45.82607,-92.96854,3078
Pine Island,MN,44.20135,-92.6463,3337
Pine River,MN,46.71802,-94.40416,927
Pipestone,MN,44.00053,-96.31753,4141
Plainview,MN,44.16497,-92.17156,3237
Pleasant Lake,MN,45.49774,-94.28666,623
Plymouth,MN,45.01052,-93.45551,75907
Ponemah,MN,48.02051,-94.91388,724
Preston,MN,43.67024,-92.08322,1299
Princeton,MN,45.56997,-93.58163,4680
Prior Lake,MN,44.7133,-93.42273,25282
Proctor,MN,46.74716,-92.22547,3068
Racine,MN,43.77607,-92.48295,515
Ramsey,MN,45.2611,-93.45,25828
Randall,MN,46.09108,-94.50362,624
Ranier,MN,48.61299,-93.34876,586
Raymond,MN,45.01579,-95.23862,756
Red Lake,MN,47.87635,-95.01694,1731
Red Lake Falls,MN,47.88219,-96.27421,1406
Red Wing,MN,44.56247,-92.5338,16445
Redby,MN,47.87857,-94.91305,1334
Redwood Falls,MN,44.5394,-95.11694,5061
Renville,MN,44.78913,-95.21167,1213
Rice,MN,45.75191,-94.22027,1361
Richfield,MN,44.8833,-93.283,36216
Richmond,MN,45.45413,-94.51833,1435
Robbinsdale,MN,45.03219,-93.33856,14418
Rochester,MN,44.02163,-92.4699,112225
Rock Creek,MN,45.75746,-92.96243,1600
Rockford,MN,45.0883,-93.73441,4358
Rockville,MN,45.47191,-94.34083,2514
Rogers,MN,45.18885,-93.55301,12562
Rollingstone,MN,44.09774,-91.81682,657
Roseau,MN,48.84609,-95.76277,2715
Rosemount,MN,44.73941,-93.12577,23413
Roseville,MN,45.00608,-93.15661,35580
Royalton,MN,45.82997,-94.29361,1215
Rush City,MN,45.68551,-92.96549,3072
Rushford,MN,43.8083,-91.75293,1712
Rushford Village,MN,43.80663,-91.79154,808
Sabin,MN,46.77968,-96.65313,551
Sacred Heart,MN,44.7869,-95.35168,518
Saint Anthony,MN,45.02052,-93.218,8226
Saint Augusta,MN,45.47858,-94.15415,3317
Saint Bonifacius,MN,44.90552,-93.74746,2283
Saint Charles,MN,43.96941,-92.06433,3735
Saint Clair,MN,44.08191,-93.85773,868
Saint Cloud,MN,45.5608,-94.16249,65842
Saint Francis,MN,45.38691,-93.3594,7218
Saint James,MN,43.98246,-94.62692,4605
Saint Joseph,MN,45.56496,-94.31833,6534
Saint Louis Park,MN,44.9483,-93.34801,45250
Saint Michael,MN,45.20996,-93.66496,16399
Saint Paul,MN,44.94441,-93.09327,303176
Saint Paul Park,MN,44.84219,-92.99132,5279
Saint Peter,MN,44.32358,-93.95801,11196
Saint Stephen,MN,45.70274,-94.27444,851
Sandstone,MN,46.13106,-92.86742,2768
Sartell,MN,45.62163,-94.20694,16788
Sauk Centre,MN,45.73747,-94.95252,4357
Sauk Rapids,MN,45.59191,-94.1661,13424
Savage,MN,44.77913,-93.33634,30391
Scandia,MN,45.25358,-92.80577,4057
Scanlon,MN,46.70661,-92.42825,979
Sebeka,MN,46.62996,-95.08891,692
Shafer,MN,45.38691,-92.74771,1036
Shakopee,MN,44.79802,-93.5269,39981
Sherburn,MN,43.65218,-94.72692,1089
Shoreview,MN,45.07913,-93.14717,26477
Shorewood,MN,44.9008,-93.58912,7614
Silver Bay,MN,47.29436,-91.25739,1813
Silver Lake,MN,44.9033,-94.19553,812
Slayton,MN,43.98774,-95.75585,2053
Sleepy Eye,MN,44.29718,-94.72415,3443
South Saint Paul,MN,44.89274,-93.03494,20160
Spicer,MN,45.23302,-94.94001,1196
Spring Grove,MN,43.56108,-91.63598,1293
Spring Lake Park,MN,45.10774,-93.238,6473
Spring Park,MN,44.93524,-93.63218,1705
Spring Valley,MN,43.68691,-92.38906,2413
Springfield,MN,44.23885,-94.97582,2068
Stacy,MN,45.39802,-92.98744,1470
Staples,MN,46.35552,-94.79224,2885
Starbuck,MN,45.6144,-95.53115,1264
Stephen,MN,48.44998,-96.87256,655
Stewart,MN,44.72468,-94.48582,550
Stewartville,MN,43.85552,-92.48851,6037
Stillwater,MN,45.05636,-92.80604,18924
Stockton,MN,44.02746,-91.76987,721
Sunfish Lake,MN,44.8708,-93.09855,538
Taconite,MN,47.31272,-93.38215,642
Taylors Falls,MN,45.40191,-92.65243,1014
The Lakes,MN,44.13829,-95.66529,667
Thief River Falls,MN,48.11914,-96.18115,8752
Tonka Bay,MN,44.90857,-93.59301,1537
Tracy,MN,44.23329,-95.61918,2117
Trimont,MN,43.76218,-94.7072,715
Truman,MN,43.82773,-94.43719,1069
Twin Valley,MN,47.26024,-96.25895,798
Two Harbors,MN,47.02271,-91.67073,3578
Tyler,MN,44.2783,-96.13475,1110
Ulen,MN,47.07885,-96.25895,551
Vadnais Heights,MN,45.05747,-93.07383,13266
Verndale,MN,46.3983,-95.01475,583
Victoria,MN,44.85857,-93.66163,8676
Vineland,MN,46.16357,-93.75747,1001
Virginia,MN,47.52326,-92.53657,8587
Wabasha,MN,44.38386,-92.03294,2451
Wabasso,MN,44.4019,-95.25583,670
Waconia,MN,44.8508,-93.78691,11968
Wadena,MN,46.44246,-95.13614,4176
Waite Park,MN,45.55719,-94.22416,7517
Walker,MN,47.10135,-94.58722,928
Walnut Grove,MN,44.22301,-95.46945,828
Wanamingo,MN,44.30441,-92.79047,1081
Warren,MN,48.19664,-96.77284,1563
Warroad,MN,48.90527,-95.3144,1799
Warsaw,MN,44.24941,-93.39383,627
Waseca,MN,44.07774,-93.50744,9241
Watertown,MN,44.96357,-93.84719,4289
Waterville,MN,44.21885,-93.568,1849
Watkins,MN,45.31524,-94.4086,942
Waverly,MN,45.06663,-93.96636,1396
Wayzata,MN,44.97413,-93.50662,4610
Welcome,MN,43.6669,-94.61942,659
Wells,MN,43.74607,-93.72884,2247
West Concord,MN,44.15358,-92.89964,774
West Coon Rapids,MN,45.15969,-93.34967,62528
West Saint Paul,MN,44.91608,-93.10161,19540
Westbrook,MN,44.04218,-95.43611,726
Wheaton,MN,45.80441,-96.49923,1362
White Bear Lake,MN,45.08469,-93.00994,25205
White Earth,MN,47.09663,-95.84338,580
Willmar,MN,45.12191,-95.04334,19638
Windom,MN,43.86635,-95.11694,4550
Winnebago,MN,43.76773,-94.16579,1378
Winona,MN,44.04996,-91.63932,27094
Winsted,MN,44.96385,-94.04747,2296
Winthrop,MN,44.54302,-94.36637,1363
Woodbury,MN,44.92386,-92.95938,67855
Worthington,MN,43.61996,-95.5964,13090
Wyoming,MN,45.33636,-92.99716,7813
Young America (historical),MN,44.78274,-93.91358,1530
Zumbrota,MN,44.29413,-92.66908,3365
Bethany,MO,40.26833,-94.02829,3149
Burlington Junction,MO,40.44555,-95.06609,506
Canton,MO,40.1295,-91.51852,2377
Fairfax,MO,40.33861,-95.39331,594
Grant City,MO,40.48749,-94.41107,812
Green City,MO,40.26863,-92.95326,618
Kahoka,MO,40.42032,-91.71961,2024
King City,MO,40.05138,-94.52412,1006
Kirksville,MO,40.19475,-92.58325,17520
La Belle,MO,40.11699,-91.91267,657
La Grange,MO,40.04282,-91.49765,939
La Plata,MO,40.02337,-92.49158,1336
Lancaster,MO,40.52086,-92.52797,724
Lewistown,MO,40.08615,-91.81322,529
Maryville,MO,40.3461,-94.87247,11879
Memphis,MO,40.45781,-92.17129,1829
Milan,MO,40.20224,-93.12521,1852
Monticello,MO,40.11838,-91.71211,99
Mound City,MO,40.13111,-95.23164,1059
Princeton,MO,40.40084,-93.5805,1133
Queen City,MO,40.4092,-92.56769,593
Rock Port,MO,40.41111,-95.51693,1232
Stanberry,MO,40.21777,-94.53829,1183
Tarkio,MO,40.44028,-95.37776,1477
Terre Haute,MO,40.43946,-93.2341,2320
Trenton,MO,40.0789,-93.61661,5896
Unionville,MO,40.47696,-93.00326,1815
Wayland,MO,40.39449,-91.58321,501
Ashley,ND,46.03414,-99.3715,726
Belcourt,ND,48.83917,-99.74487,2078
Cando,ND,48.48667,-99.20986,1122
Carrington,ND,47.44972,-99.12622,2072
Casselton,ND,46.90053,-97.2112,2521
Cavalier,ND,48.79388,-97.62231,1244
Cooperstown,ND,47.44444,-98.12398,945
Devils Lake,ND,48.11278,-98.86512,7351
Drayton,ND,48.5711,-97.17785,785
Edgeley,ND,46.35914,-98.71566,552
Ellendale,ND,46.00275,-98.52705,1299
Enderlin,ND,46.62303,-97.60149,872
Fargo,ND,46.87719,-96.7898,118523
Fessenden,ND,47.64917,-99.62929,472
Finley,ND,47.51416,-97.83593,437
Forman,ND,46.10774,-97.63649,513
Fort Totten,ND,47.98,-98.9929,1243
Grafton,ND,48.41221,-97.41063,4243
Grand Forks,ND,47.92526,-97.03285,57011
Gwinner,ND,46.2258,-97.6626,834
Hankinson,ND,46.06968,-96.90175,908
Harvey,ND,47.76972,-99.9354,1779
Harwood,ND,46.97941,-96.88064,788
Hatton,ND,47.63971,-97.45342,765
Hillsboro,ND,47.40387,-97.06203,1580
Horace,ND,46.75886,-96.9037,2545
Jamestown,ND,46.91054,-98.70844,15422
Kindred,ND,46.64858,-97.01703,728
LaMoure,ND,46.35719,-98.29454,914
Lakota,ND,48.04278,-98.33621,646
Langdon,ND,48.76,-98.36817,1787
Larimore,ND,47.90666,-97.62675,1313
Lidgerwood,ND,46.07552,-97.15176,629
Lisbon,ND,46.44163,-97.68121,2145
Mapleton,ND,46.88914,-97.05259,875
Mayville,ND,47.49804,-97.32454,1829
Milnor,ND,46.25913,-97.4562,648
Minto,ND,48.29165,-97.37147,610
Napoleon,ND,46.50831,-99.77122,787
Minnewaukan,ND,48.07139,-99.25236,224
New Rockford,ND,47.68,-99.1379,1390
Northwood,ND,47.73415,-97.56675,927
Oakes,ND,46.13858,-98.09038,1797
Park River,ND,48.3986,-97.7412,1375
Pembina,ND,48.96638,-97.24368,565
Portland,ND,47.49832,-97.37037,592
Reiles Acres,ND,46.92302,-96.86536,513
Rolette,ND,48.66083,-99.84153,612
Rolla,ND,48.85778,-99.61792,1325
Rugby,ND,48.36889,-99.99625,2846
Sheldon,ND,46.5858,-97.4912,124
Shell Valley,ND,48.79806,-99.86486,1197
Steele,ND,46.85471,-99.91594,709
Thompson,ND,47.77359,-97.1098,1005
Valley City,ND,46.92331,-98.00315,6669
Wahpeton,ND,46.26524,-96.60591,7899
Walhalla,ND,48.92333,-97.91815,951
West Fargo,ND,46.87497,-96.90036,33597
Wishek,ND,46.25692,-99.55706,988
Adams,NE,40.45944,-96.51002,596
Ainsworth,NE,42.55,-99.86262,1626
Albion,NE,41.69084,-98.00367,1589
Alma,NE,40.09751,-99.36204,1146
Arapahoe,NE,40.30417,-99.9004,1010
Arlington,NE,41.4525,-96.35113,1246
Ashland,NE,41.03916,-96.36835,2558
Atkinson,NE,42.53139,-98.97815,1241
Auburn,NE,40.39278,-95.83889,3339
Aurora,NE,40.86723,-98.00422,4496
Axtell,NE,40.47835,-99.12676,736
Bartlett,NE,41.88529,-98.5523,109
Bassett,NE,42.58583,-99.53789,557
Battle Creek,NE,41.99945,-97.59839,1193
Beatrice,NE,40.26806,-96.74697,12388
Beaver City,NE,40.13751,-99.82956,591
Beemer,NE,41.93,-96.8117,671
Bellevue,NE,41.13667,-95.89084,55510
Bennet,NE,40.68,-96.5064,845
Bennington,NE,41.36472,-96.1578,1669
Bertrand,NE,40.52667,-99.63372,738
Blair,NE,41.54444,-96.12502,7975
Bloomfield,NE,42.59889,-97.64562,977
Blue Hill,NE,40.33251,-98.44867,889
Brewster,NE,41.93889,-99.86485,18
Broken Bow,NE,41.40195,-99.63928,3551
Burwell,NE,41.78167,-99.13315,1211
Butte,NE,42.91139,-98.84926,310
Cairo,NE,41.00112,-98.60757,807
Callaway,NE,41.29195,-99.92262,522
Cedar Bluffs,NE,41.39695,-96.61142,595
Center,NE,42.60945,-97.87673,93
Central City,NE,41.11585,-98.00172,2886
Ceresco,NE,41.05722,-96.64474,897
Chalco,NE,41.18389,-96.1503,10994
Clarkson,NE,41.72667,-97.12226,633
Clay Center,NE,40.52168,-98.05533,730
Columbus,NE,41.42973,-97.36838,22797
Cozad,NE,40.85973,-99.98734,3863
Creighton,NE,42.46667,-97.90618,1120
Crete,NE,40.62778,-96.96142,7037
Crofton,NE,42.72889,-97.49562,691
Dakota City,NE,42.41555,-96.41836,1906
David City,NE,41.25279,-97.13004,2836
De Witt,NE,40.39361,-96.92281,504
Deshler,NE,40.14084,-97.72282,750
Dodge,NE,41.72111,-96.88281,597
Doniphan,NE,40.77196,-98.36951,847
Dorchester,NE,40.64723,-97.11337,576
Eagle,NE,40.81667,-96.43029,1047
Elgin,NE,41.98334,-98.08368,632
Elkhorn,NE,41.345,-96.256,8251
Elm Creek,NE,40.71945,-99.37204,958
Elmwood,NE,40.84167,-96.29362,639
Elwood,NE,40.59028,-99.86095,682
Emerson,NE,42.27861,-96.7267,818
Exeter,NE,40.64417,-97.45033,538
Fairbury,NE,40.13722,-97.18059,3751
Fairmont,NE,40.63695,-97.58533,538
Falls City,NE,40.06084,-95.60193,4198
Firth,NE,40.5325,-96.60613,586
Fort Calhoun,NE,41.45583,-96.0264,917
Franklin,NE,40.09612,-98.95258,920
Fremont,NE,41.43333,-96.49808,26474
Friend,NE,40.65362,-97.28616,1013
Fullerton,NE,41.36335,-97.96923,1266
Geneva,NE,40.52695,-97.59588,2131
Genoa,NE,41.44862,-97.73061,958
Gibbon,NE,40.74835,-98.8448,1879
Grand Island,NE,40.92501,-98.34201,51440
Greeley,NE,41.54862,-98.53118,549
Greenwood,NE,40.96278,-96.44112,571
Gretna,NE,41.14083,-96.23974,5046
Hartington,NE,42.6225,-97.2645,1506
Harvard,NE,40.6189,-98.09727,982
Hastings,NE,40.58612,-98.38839,24924
Hebron,NE,40.16639,-97.58588,1543
Henderson,NE,40.77973,-97.81227,997
Hickman,NE,40.62,-96.62918,2079
Holdrege,NE,40.44029,-99.36982,5561
Homer,NE,42.32166,-96.48948,541
Hooper,NE,41.61055,-96.54808,829
Howells,NE,41.72501,-97.00281,554
Humboldt,NE,40.16389,-95.945,850
Humphrey,NE,41.69168,-97.48449,792
Juniata,NE,40.59001,-98.50618,820
Kearney,NE,40.69946,-99.08148,33021
Kenesaw,NE,40.62113,-98.65757,949
La Vista,NE,41.18389,-96.03113,16921
Laurel,NE,42.42944,-97.08977,935
Lexington,NE,40.78084,-99.7415,10075
Lincoln,NE,40.8,-96.66696,294757
Louisville,NE,40.99778,-96.16224,1174
Loup City,NE,41.27557,-98.96675,1012
Lyons,NE,41.93749,-96.47725,815
Macy,NE,42.11305,-96.35642,1023
Madison,NE,41.82834,-97.45505,2371
Mead,NE,41.22778,-96.4878,557
Milford,NE,40.77445,-97.05059,2107
Minden,NE,40.49863,-98.94786,3006
Nebraska City,NE,40.67667,-95.85917,7335
Neligh,NE,42.12862,-98.02979,1527
Nelson,NE,40.20168,-98.06782,466
Newman Grove,NE,41.75001,-97.77533,728
Norfolk,NE,42.02834,-97.417,24366
North Bend,NE,41.46195,-96.77975,1234
O'Neill,NE,42.45778,-98.64759,3653
Oakland,NE,41.83583,-96.46697,1202
Omaha,NE,41.25626,-95.94043,486051
Ord,NE,41.60334,-98.9262,2061
Osceola,NE,41.17974,-97.54755,850
Osmond,NE,42.36,-97.59673,763
Overton,NE,40.73862,-99.53761,573
Oxford,NE,40.24834,-99.63344,764
Palmyra,NE,40.70445,-96.38751,559
Papillion,NE,41.15444,-96.04224,19510
Pawnee City,NE,40.10833,-96.15445,827
Pender,NE,42.11416,-96.70726,1051
Peru,NE,40.47417,-95.73361,798
Pierce,NE,42.19917,-97.52672,1748
Plainview,NE,42.34973,-97.79201,1221
Plattsmouth,NE,41.01139,-95.88223,6462
Ponca,NE,42.5625,-96.70559,940
Ralston,NE,41.20528,-96.04252,5994
Randolph,NE,42.37861,-97.357,920
Ravenna,NE,41.02612,-98.91258,1373
Red Cloud,NE,40.0889,-98.5195,963
Saint Paul,NE,41.21473,-98.45812,2290
Sargent,NE,41.64056,-99.37122,509
Schuyler,NE,41.44723,-97.05948,6171
Scribner,NE,41.66667,-96.66586,846
Seward,NE,40.90695,-97.09892,7167
Shelton,NE,40.77918,-98.73091,1064
South Sioux City,NE,42.47388,-96.41364,13319
Springfield,NE,41.08194,-96.13446,1584
Stanton,NE,41.95028,-97.22393,1519
Springview,NE,42.82444,-99.74901,236
Stromsburg,NE,41.11418,-97.59894,1132
Stuart,NE,42.59917,-99.1426,597
Superior,NE,40.02085,-98.07004,1884
Sutton,NE,40.60557,-97.85921,1440
Syracuse,NE,40.65722,-96.1864,1993
Taylor,NE,41.77028,-99.37872,177
Tecumseh,NE,40.36667,-96.19612,1626
Tekamah,NE,41.77832,-96.22113,1743
Tilden,NE,42.04723,-97.83395,939
Utica,NE,40.89612,-97.34532,842
Valley,NE,41.31278,-96.34614,2117
Valparaiso,NE,41.08139,-96.83169,552
Verdigre,NE,42.59695,-98.03368,552
Wahoo,NE,41.21139,-96.6203,4511
Wakefield,NE,42.26917,-96.86504,1403
Walthill,NE,42.14833,-96.48837,777
Waterloo,NE,41.28694,-96.28558,1044
Wausa,NE,42.49945,-97.54201,607
Waverly,NE,40.9175,-96.52834,3739
Wayne,NE,42.23056,-97.01782,5569
Weeping Water,NE,40.87,-96.14057,1057
West Point,NE,41.84167,-96.70864,3368
Wilber,NE,40.48139,-96.96058,1870
Winnebago,NE,42.23583,-96.47253,787
Wisner,NE,41.98722,-96.91421,1184
Wood River,NE,40.82057,-98.60007,1367
Wymore,NE,40.12222,-96.66252,1414
York,NE,40.86807,-97.592,7864
Yutan,NE,41.245,-96.39725,1212
Acworth,NH,43.21785,-72.29203,890
Albany,NH,43.95785,-71.16757,697
Alexandria,NH,43.61146,-71.79286,1415
Alstead,NH,43.14897,-72.36064,2071
Alton,NH,43.4523,-71.21757,501
Amherst,NH,42.86147,-71.62535,613
Andover,NH,43.43702,-71.82341,2246
Antrim,NH,43.03091,-71.93897,1397
Ashland,NH,43.69535,-71.63063,1244
Atkinson,NH,42.83842,-71.147,6782
Auburn,NH,43.00453,-71.3484,5089
Barnstead,NH,43.33397,-71.29284,4572
Barrington,NH,43.22286,-71.04701,8417
Bath,NH,44.16701,-71.9662,951
Bedford,NH,42.94647,-71.5159,21188
Belmont,NH,43.44536,-71.47785,1301
Berlin,NH,44.46867,-71.18508,9367
Bethlehem,NH,44.28034,-71.68814,972
Boscawen,NH,43.31508,-71.62091,3911
Bow Bog,NH,43.12064,-71.51146,8381
Brentwood,NH,42.9787,-71.07284,3405
Bridgewater,NH,43.63841,-71.73647,1037
Bristol,NH,43.59119,-71.73675,1688
Brookfield,NH,43.55897,-71.06534,643
Brookline,NH,42.73481,-71.65813,4650
Canaan,NH,43.64757,-72.01175,524
Candia,NH,43.07786,-71.27673,4405
Canterbury,NH,43.33702,-71.56535,2108
Carroll,NH,44.2984,-71.54064,706
Center Harbor,NH,43.7098,-71.46035,1061
Center Ossipee,NH,43.75508,-71.15201,561
Charlestown,NH,43.23869,-72.42453,1152
Chester,NH,42.95675,-71.25728,5236
Chesterfield,NH,42.8873,-72.47037,3773
Chichester,NH,43.24925,-71.39979,2382
Claremont,NH,43.37674,-72.34676,12984
Colebrook,NH,44.89449,-71.49592,1394
Columbia,NH,44.85199,-71.55175,799
Concord,NH,43.20814,-71.53757,43976
Contoocook,NH,43.22202,-71.71397,1444
Conway,NH,43.97924,-71.12035,1823
Croydon,NH,43.45063,-72.16314,704
Danbury,NH,43.52563,-71.86175,1141
Danville,NH,42.91259,-71.1245,4537
Deering,NH,43.07314,-71.84452,1997
Deerfield,NH,44.23062,-71.61703,4315
Derry,NH,42.88064,-71.32729,22015
Derry Village,NH,42.89175,-71.31201,34539
Dover,NH,43.19786,-70.87367,30880
Dublin,NH,42.90758,-72.06258,1572
Durham,NH,43.13397,-70.92645,10345
East Concord,NH,43.24202,-71.53813,42605
East Kingston,NH,42.92564,-71.01672,1900
East Merrimack,NH,42.86814,-71.4834,4197
Effingham,NH,43.76119,-70.99645,1356
Enfield,NH,43.64063,-72.14398,1540
Epping,NH,43.03342,-71.07423,1681
Epsom,NH,43.22286,-71.33201,4590
Exeter,NH,42.98148,-70.94783,9242
Farmington,NH,43.3898,-71.06506,3885
Fitzwilliam,NH,42.78064,-72.14175,2280
Francestown,NH,42.98758,-71.81258,1571
Franconia,NH,44.22701,-71.74786,984
Franklin,NH,43.44424,-71.6473,8450
Freedom,NH,43.8123,-71.03562,1388
Fremont,NH,42.99092,-71.14256,3738
Gilford,NH,43.54758,-71.40674,7849
Gilmanton,NH,43.42425,-71.41452,3259
Gilsum,NH,43.04841,-72.26286,828
Goffstown,NH,43.02036,-71.60035,3196
Gorham,NH,44.38784,-71.17313,1600
Goshen,NH,43.30119,-72.14786,789
Grafton,NH,43.55868,-71.94397,1212
Grantham,NH,43.48952,-72.13759,2308
Greenfield,NH,42.95064,-71.8723,1765
Greenland,NH,43.0362,-70.83283,3417
Greenville,NH,42.76731,-71.8123,1108
Groveton,NH,44.59867,-71.5112,1118
Hampstead,NH,42.87453,-71.18117,8650
Hampton,NH,42.93759,-70.83894,9656
Hampton Beach,NH,42.90731,-70.812,2275
Hampton Falls,NH,42.9162,-70.86366,2002
Hanover,NH,43.70229,-72.28954,8636
Harrisville,NH,42.94508,-72.09647,1145
Haverhill,NH,44.03451,-72.06398,4532
Henniker,NH,43.1798,-71.8223,1747
Hill,NH,43.52424,-71.70091,1057
Hinsdale,NH,42.78619,-72.48648,1548
Holderness,NH,43.73202,-71.58841,2056
Hollis,NH,42.74314,-71.59174,7711
Hooksett,NH,43.09675,-71.46507,4147
Hopkinton,NH,43.19147,-71.67535,5676
Hudson,NH,42.76481,-71.43979,7336
Jackson,NH,44.14423,-71.18091,889
Jaffrey,NH,42.81397,-72.02314,2757
Jefferson,NH,44.41895,-71.47453,1071
Keene,NH,42.93369,-72.27814,23265
Kensington,NH,42.92703,-70.94394,2016
Kingston,NH,42.93648,-71.05339,6225
Laconia,NH,43.52785,-71.47035,16227
Lancaster,NH,44.48895,-71.56925,1725
Langdon,NH,43.16702,-72.37953,624
Lebanon,NH,43.64229,-72.25176,13579
Lee,NH,43.12314,-71.01145,4500
Lempster,NH,43.23841,-72.21064,1034
Lincoln,NH,44.04562,-71.67008,993
Lisbon,NH,44.2134,-71.91092,980
Litchfield,NH,42.84425,-71.47979,8307
Littleton,NH,44.30617,-71.77009,4412
Londonderry,NH,42.86509,-71.37395,11037
Loudon,NH,43.28564,-71.46729,559
Lyme,NH,43.80951,-72.15592,1788
Lyndeborough,NH,42.90758,-71.76646,1688
Madbury,NH,43.16925,-70.92395,1607
Madison,NH,43.89924,-71.1484,2113
Manchester,NH,42.99564,-71.45479,110229
Marlborough,NH,42.90425,-72.20786,1094
Marlow,NH,43.11591,-72.19703,796
Mason,NH,42.7437,-71.76896,1222
Meredith,NH,43.65757,-71.50035,1718
Merrimack,NH,42.86509,-71.4934,26726
Milan,NH,44.57339,-71.18508,1418
Milford,NH,42.83536,-71.64896,8835
Milton,NH,43.4098,-70.9884,575
Monroe,NH,44.26034,-72.05482,808
Mont Vernon,NH,42.89453,-71.67424,2166
Moultonborough,NH,43.7548,-71.39674,5034
Nashua,NH,42.76537,-71.46757,87970
Nelson,NH,42.99064,-72.13092,675
New Boston,NH,42.97619,-71.69396,4934
New Castle,NH,43.07229,-70.71718,1076
New Durham,NH,43.43675,-71.17229,2364
New Ipswich,NH,42.74814,-71.85424,5283
New London,NH,43.41396,-71.98508,1415
Newbury,NH,43.32146,-72.03592,1813
Newington,NH,43.10009,-70.83367,825
Newmarket,NH,43.08286,-70.93506,5297
Newport,NH,43.36535,-72.17342,4769
Newton,NH,42.86953,-71.0345,4513
North Conway,NH,44.05368,-71.1284,2349
North Haverhill,NH,44.09034,-72.02648,0
North Hampton,NH,42.97259,-70.82978,4721
North Walpole,NH,43.13897,-72.44814,828
North Woodstock,NH,44.03034,-71.68591,528
Northfield,NH,43.43313,-71.5923,5049
Northumberland,NH,44.56339,-71.5587,2597
Northwood,NH,43.19425,-71.1509,3877
Nottingham,NH,43.11453,-71.09978,3942
Orford,NH,43.90535,-72.14009,1162
Ossipee,NH,43.68536,-71.11673,4655
Pelham,NH,42.73453,-71.32451,12676
Pembroke,NH,43.14675,-71.45757,7461
Peterborough,NH,42.87064,-71.95175,3103
Piermont,NH,43.96979,-72.08064,755
Pinardville,NH,42.99425,-71.50729,4780
Pittsburg,NH,45.05116,-71.39147,923
Pittsfield,NH,43.30591,-71.32423,1576
Plaistow,NH,42.83648,-71.09478,7885
Plymouth,NH,43.75702,-71.68813,4456
Portsmouth,NH,43.07704,-70.75766,21530
Raymond,NH,43.0362,-71.1834,2855
Richmond,NH,42.75481,-72.27175,1147
Rindge,NH,42.7512,-72.0098,6049
Rochester,NH,43.30453,-70.97562,30038
Rollinsford,NH,43.2362,-70.82034,2820
Rumney,NH,43.80535,-71.81258,1576
Rye,NH,43.01342,-70.77089,5277
Salem,NH,42.78842,-71.20089,29549
Salisbury,NH,43.38008,-71.71702,1211
Sanbornton,NH,43.48924,-71.5823,2749
Sanbornville,NH,43.55425,-71.0309,1056
Sandown,NH,42.9287,-71.18701,5827
Sandwich,NH,43.79035,-71.41118,1370
Seabrook,NH,42.89481,-70.87116,8679
Seabrook Beach,NH,42.88676,-70.81561,992
Somersworth,NH,43.26175,-70.86534,11759
South Hampton,NH,42.88092,-70.96256,899
South Hooksett,NH,43.02647,-71.43534,5418
Springfield,NH,43.49507,-72.03342,1007
Stewartstown,NH,45.00616,-71.50786,964
Stoddard,NH,43.07869,-72.11453,988
Strafford,NH,43.32703,-71.18423,3862
Stratford,NH,44.65505,-71.55564,1003
Stratham Station,NH,43.05287,-70.89533,6949
Sugar Hill,NH,44.21534,-71.79953,600
Sullivan,NH,43.01314,-72.22092,795
Sunapee,NH,43.38757,-72.08786,3254
Suncook,NH,43.13064,-71.45312,5379
Surry,NH,43.01786,-72.3212,717
Sutton,NH,43.33424,-71.95147,1644
Swanzey,NH,42.8698,-72.28175,7224
Tamworth,NH,43.8598,-71.26313,2673
Temple,NH,42.81814,-71.85147,1381
Thornton,NH,43.89285,-71.67591,1963
Tilton,NH,43.4423,-71.58896,3612
Troy,NH,42.82397,-72.18119,1221
Tuftonboro,NH,43.69647,-71.22201,2288
Unity,NH,43.29396,-72.26037,1630
Wakefield,NH,43.56813,-71.03007,4705
Walpole,NH,43.07952,-72.42592,605
Warren,NH,43.92312,-71.89203,930
Washington,NH,43.17591,-72.09675,953
Waterville Valley,NH,43.95007,-71.49952,516
Weare,NH,43.0948,-71.73063,8583
Webster,NH,43.32897,-71.71786,1682
Wentworth,NH,43.87174,-71.91425,850
West Swanzey,NH,42.87008,-72.32175,1308
Westmoreland,NH,42.96203,-72.44231,1861
Whitefield,NH,44.37312,-71.61008,1142
Wilmot,NH,43.45174,-71.91369,1218
Wilton,NH,42.84342,-71.73507,1163
Winchester,NH,42.77342,-72.38314,1733
Windham,NH,42.80064,-71.30423,13091
Wolfeboro,NH,43.58397,-71.20729,2838
Woodstock,NH,43.97757,-71.68508,1213
Woodsville,NH,44.15229,-72.03731,1126
Allendale,NJ,41.04149,-74.12903,6822
Allentown,NJ,40.17789,-74.58349,1825
Allenwood,NJ,40.1415,-74.09986,925
Alpine,NJ,40.95593,-73.93125,1917
Alpha,NJ,40.66704,-75.1574,2303
Andover,NJ,40.98593,-74.74211,581
Annandale,NJ,40.64093,-74.88128,1695
Asbury Park,NJ,40.22039,-74.01208,15818
Atlantic Highlands,NJ,40.40789,-74.03431,4311
Avenel,NJ,40.58038,-74.28515,17011
Avon-by-the-Sea,NJ,40.19234,-74.01597,1794
Basking Ridge,NJ,40.70621,-74.54932,21424
Bay Head,NJ,40.07178,-74.0543,972
Bayonne,NJ,40.66871,-74.11431,66311
Beattystown,NJ,40.81315,-74.84294,4554
Bedminster,NJ,40.68066,-74.64544,8165
Belleville,NJ,40.79371,-74.15014,36878
Belford,NJ,40.42594,-74.08681,1768
Belmar,NJ,40.17845,-74.0218,5712
Belvidere,NJ,40.82982,-75.07767,2607
Bergenfield,NJ,40.9276,-73.99736,27621
Berkeley Heights,NJ,40.68343,-74.44265,14179
Bernardsville,NJ,40.71871,-74.56932,7801
Beverly,NJ,40.06539,-74.91906,2559
Blackwells Mills,NJ,40.47566,-74.57127,803
Blairstown,NJ,40.98288,-74.96045,515
Bloomfield,NJ,40.80677,-74.18542,49120
Bloomingdale,NJ,41.00204,-74.32654,8215
Bloomsbury,NJ,40.65399,-75.08656,848
Bogota,NJ,40.87621,-74.02986,8400
Boonton,NJ,40.9026,-74.4071,8441
Bordentown,NJ,40.14622,-74.71183,3882
Bound Brook,NJ,40.56844,-74.53849,10497
Bradley Beach,NJ,40.20234,-74.01208,4268
Bradley Gardens,NJ,40.56288,-74.6546,14206
Branchville,NJ,41.14649,-74.75239,802
Brass Castle,NJ,40.76482,-75.01101,1555
Brick,NJ,40.05928,-74.13708,76021
Brielle,NJ,40.10789,-74.05653,4757
Brownville,NJ,40.40066,-74.29515,2383
Brookdale,NJ,40.83371,-74.18292,9239
Budd Lake,NJ,40.87121,-74.73405,8968
Burlington,NJ,40.07122,-74.86489,9808
Butler,NJ,41.00371,-74.34154,7701
Caldwell,NJ,40.83982,-74.27654,7948
Califon,NJ,40.71954,-74.83572,1080
Carlstadt,NJ,40.84038,-74.0907,6279
Carteret,NJ,40.57733,-74.2282,24170
Cedar Glen West,NJ,40.04206,-74.29265,1267
Cedar Grove,NJ,40.85177,-74.22903,12457
Cedar Knolls,NJ,40.82204,-74.44876,4000
Chatham,NJ,40.74093,-74.38376,8993
Chester,NJ,40.78427,-74.69683,1675
Clark,NJ,40.63,-74.31,14628
Clearbrook Park,NJ,40.30983,-74.4646,2667
Cliffside Park,NJ,40.82149,-73.98764,24857
Cliffwood Beach,NJ,40.44205,-74.21681,3194
Clifton,NJ,40.85843,-74.16376,86334
Clinton,NJ,40.63677,-74.90989,2657
Closter,NJ,40.97315,-73.96153,8662
Colonia,NJ,40.57455,-74.30209,17795
Colts Neck,NJ,40.28761,-74.17237,10142
Columbus,NJ,40.07261,-74.72072,8783
Concordia,NJ,40.31094,-74.44821,3092
Cranbury,NJ,40.31622,-74.51376,2181
Crandon Lakes,NJ,41.12426,-74.83989,1178
Cranford,NJ,40.65844,-74.29959,22627
Cresskill,NJ,40.94149,-73.9593,8812
Dayton,NJ,40.37261,-74.51015,7063
Deal,NJ,40.24317,-74.00069,738
Delanco,NJ,40.05067,-74.9535,3211
Demarest,NJ,40.95732,-73.96347,5050
Denville,NJ,40.89232,-74.47738,16669
Dover,NJ,40.88399,-74.5621,18346
Dunellen,NJ,40.58927,-74.47182,7431
Dumont,NJ,40.94065,-73.99681,18001
East Brunswick,NJ,40.42788,-74.41598,48495
East Freehold,NJ,40.28094,-74.25126,4894
East Hanover,NJ,40.8201,-74.36487,12194
East Millstone,NJ,40.50149,-74.58071,579
East Newark,NJ,40.74843,-74.16181,2406
East Orange,NJ,40.76732,-74.20487,64949
East Rutherford,NJ,40.83399,-74.09709,9164
Eatontown,NJ,40.29622,-74.05097,12301
Edgewater Park,NJ,40.06817,-74.90072,7387
Edison,NJ,40.51872,-74.4121,102548
Edgewater,NJ,40.82704,-73.97569,12034
Elizabeth,NJ,40.66399,-74.2107,129007
Elmwood Park,NJ,40.90399,-74.11848,20279
Emerson,NJ,40.97621,-74.02625,7697
Englewood,NJ,40.89288,-73.97264,28539
Englewood Cliffs,NJ,40.88538,-73.95236,5403
Englishtown,NJ,40.29733,-74.3582,1955
Essex Fells,NJ,40.82454,-74.28459,2159
Ewing,NJ,40.26983,-74.79988,36559
Fair Haven,NJ,40.36067,-74.03819,6029
Fair Lawn,NJ,40.94038,-74.13181,33597
Fairfield,NJ,40.88371,-74.30598,7063
Fairview,NJ,40.8126,-73.99903,14451
Fanwood,NJ,40.64094,-74.38348,7651
Far Hills,NJ,40.68427,-74.63571,930
Borough of Far Hills,NJ,40.69038,-74.62155,919
Farmingdale,NJ,40.1965,-74.16848,1306
Fieldsboro,NJ,40.1365,-74.72877,532
Finderne,NJ,40.56316,-74.57766,5600
Florham Park,NJ,40.78788,-74.38821,11835
Fords,NJ,40.52927,-74.31598,15187
Flemington,NJ,40.51233,-74.85933,4641
Fort Dix,NJ,40.02984,-74.61849,7716
Fort Lee,NJ,40.85093,-73.97014,36672
Franklin,NJ,41.12204,-74.58044,4855
Franklin Lakes,NJ,41.01676,-74.2057,10899
Franklin Park,NJ,40.43899,-74.53515,13295
Freehold,NJ,40.26011,-74.27376,11959
Frenchtown,NJ,40.52621,-75.06156,1386
Garfield,NJ,40.88149,-74.1132,31802
Garwood,NJ,40.65177,-74.32293,4351
Gladstone,NJ,40.7226,-74.66544,2086
Glen Gardner,NJ,40.69677,-74.94072,1663
Glen Ridge,NJ,40.80538,-74.20376,7660
Glen Rock,NJ,40.96288,-74.13292,11999
Green Knoll,NJ,40.6001,-74.6121,6200
Griggstown,NJ,40.43788,-74.61321,819
Groveville,NJ,40.16983,-74.67155,2945
Guttenberg,NJ,40.79205,-74.00375,11665
Hackensack,NJ,40.88593,-74.04347,44834
Hackettstown,NJ,40.85399,-74.82906,9579
Hamburg,NJ,41.15343,-74.57627,3155
Hamilton Square,NJ,40.22733,-74.65321,12784
Hampton,NJ,40.70704,-74.956,1361
Haledon,NJ,40.93565,-74.18626,8451
Hanover,NJ,40.80454,-74.36682,12898
Hardwick,NJ,41.05454,-74.93212,1464
Harrington Park,NJ,40.98371,-73.97986,4823
Harrison,NJ,40.74649,-74.15626,15474
Hasbrouck Heights,NJ,40.85816,-74.0807,12227
Haskell,NJ,41.02843,-74.29598,4942
Haworth,NJ,40.96093,-73.99014,3470
Hawthorne,NJ,40.94926,-74.15375,19074
Heathcote,NJ,40.38872,-74.57571,5821
Helmetta,NJ,40.37677,-74.4246,2231
High Bridge,NJ,40.66705,-74.89572,3556
Highland Lake,NJ,41.17676,-74.45655,4933
Highland Park,NJ,40.49594,-74.42432,14347
Highlands,NJ,40.40372,-73.99153,4867
Hightstown,NJ,40.26955,-74.52321,5517
Hillsborough,NJ,40.4776,-74.62682,38303
Hillsdale,NJ,41.0026,-74.04042,10559
Hillside,NJ,40.70121,-74.23015,22155
Ho-Ho-Kus,NJ,40.99649,-74.10125,4165
Hoboken,NJ,40.74399,-74.03236,53635
Hopatcong,NJ,40.93288,-74.65933,14510
Hopatcong Hills,NJ,40.94399,-74.67072,16267
Hopewell,NJ,40.38927,-74.76183,1929
Interlaken,NJ,40.23345,-74.01569,808
Irvington,NJ,40.73232,-74.23487,61323
Iselin,NJ,40.57538,-74.32237,18695
Jamesburg,NJ,40.35261,-74.44015,6029
Jersey City,NJ,40.72816,-74.07764,264290
Keansburg,NJ,40.44177,-74.12986,9873
Kearny,NJ,40.76843,-74.14542,42137
Kendall Park,NJ,40.42094,-74.56071,9339
Kenvil,NJ,40.87982,-74.61849,3009
Kenilworth,NJ,40.67649,-74.2907,8215
Keyport,NJ,40.43316,-74.19959,7145
Kingston,NJ,40.37538,-74.61349,1493
Kinnelon,NJ,41.00176,-74.3671,10392
Lake Como,NJ,40.15984,-74.02819,1759
Lake Hiawatha,NJ,40.8826,-74.38154,9360
Lake Hopatcong,NJ,40.94843,-74.6171,9054
Lake Mohawk,NJ,41.01843,-74.66016,9916
Lake Telemark,NJ,40.95677,-74.49793,1255
Lakehurst,NJ,40.01456,-74.31126,2694
Lakewood,NJ,40.09789,-74.21764,53805
Lambertville,NJ,40.36594,-74.94294,3833
Landing,NJ,40.9051,-74.66516,6436
Laurence Harbor,NJ,40.45677,-74.24653,6536
Lawrenceville,NJ,40.29733,-74.7296,3887
Lebanon,NJ,40.64177,-74.836,1671
Leisure Knoll,NJ,40.01901,-74.29209,2490
Leisure Village,NJ,40.04262,-74.18486,4400
Leisure Village East,NJ,40.03012,-74.16431,4217
Leonardo,NJ,40.41733,-74.06208,2757
Leonia,NJ,40.86149,-73.98819,9219
Lincoln Park,NJ,40.92427,-74.30209,10405
Lincroft,NJ,40.33067,-74.12097,6135
Linden,NJ,40.62205,-74.24459,42021
Little Falls,NJ,40.86899,-74.2082,10688
Little Ferry,NJ,40.85288,-74.04208,10963
Little Silver,NJ,40.33678,-74.04708,5913
Livingston,NJ,40.79593,-74.31487,27853
Lodi,NJ,40.88232,-74.0832,24835
Long Branch,NJ,40.30428,-73.99236,30941
Long Valley,NJ,40.78593,-74.78016,1879
Lyndhurst,NJ,40.81204,-74.12431,19996
Madison,NJ,40.75982,-74.4171,16126
Madison Park,NJ,40.4515,-74.30792,7144
Mahwah,NJ,41.08871,-74.14376,24062
Manasquan,NJ,40.12623,-74.0493,5815
Manville,NJ,40.54094,-74.58766,10429
Maplewood,NJ,40.73121,-74.27348,25008
Marlboro,NJ,40.31539,-74.24626,40191
Martinsville,NJ,40.60121,-74.55905,11980
Matawan,NJ,40.41483,-74.22959,8853
Maywood,NJ,40.9026,-74.06181,9805
Mendham,NJ,40.77593,-74.60071,5001
Mercerville,NJ,40.23705,-74.68655,13230
Metuchen,NJ,40.54316,-74.3632,13886
Middlebush,NJ,40.4976,-74.52932,2326
Middlesex,NJ,40.5726,-74.49265,13934
Middletown,NJ,40.39428,-74.11709,65490
Midland Park,NJ,40.98926,-74.1407,7329
Milford,NJ,40.56871,-75.09462,1204
Milltown,NJ,40.45622,-74.44321,7049
Monmouth Beach,NJ,40.33039,-73.98153,3239
Monmouth Junction,NJ,40.379,-74.54654,2887
Montclair,NJ,40.82593,-74.20903,39701
Montvale,NJ,41.04676,-74.02292,8442
Moonachie,NJ,40.84121,-74.04514,2788
Morganville,NJ,40.3765,-74.24431,5040
Morris Plains,NJ,40.82177,-74.48099,5532
Morristown,NJ,40.79677,-74.48154,18594
Mount Arlington,NJ,40.92593,-74.63488,5300
Mountain Lakes,NJ,40.89482,-74.43293,4288
Mountainside,NJ,40.67232,-74.35737,6885
Navesink,NJ,40.39955,-74.03542,2020
Neptune City,NJ,40.20011,-74.02792,4803
Netcong,NJ,40.89899,-74.70655,3253
New Brunswick,NJ,40.48622,-74.45182,57035
New Egypt,NJ,40.06761,-74.53071,2512
New Milford,NJ,40.9351,-74.01903,16801
New Providence,NJ,40.69843,-74.40154,12469
Newark,NJ,40.73566,-74.17237,281944
Newton,NJ,41.05815,-74.75267,7979
North Arlington,NJ,40.78843,-74.1332,15904
North Bergen,NJ,40.80427,-74.01208,63484
North Caldwell,NJ,40.86482,-74.2582,6661
North Haledon,NJ,40.9551,-74.18598,8548
North Middletown,NJ,40.43955,-74.11903,3295
North Plainfield,NJ,40.6301,-74.42737,22140
Northvale,NJ,41.00649,-73.94903,4859
Norwood,NJ,40.99815,-73.9618,5869
Nutley,NJ,40.82232,-74.15987,27572
Oakhurst,NJ,40.27094,-74.01625,3995
Oakland,NJ,41.01315,-74.26431,13165
Ocean Grove,NJ,40.21206,-74.00653,3342
Oceanport,NJ,40.31817,-74.01514,5739
Ogdensburg,NJ,41.08176,-74.59238,2286
Old Bridge,NJ,40.41483,-74.36543,23753
Old Tappan,NJ,41.01065,-73.99125,6016
Oradell,NJ,40.95871,-74.03681,8218
Orange,NJ,40.77066,-74.23265,34457
Oxford,NJ,40.80315,-74.98962,1090
Palisades Park,NJ,40.84816,-73.99764,20743
Palmyra,NJ,40.00706,-75.02823,7314
Paramus,NJ,40.94454,-74.07542,26974
Park Ridge,NJ,41.0376,-74.0407,8919
Parsippany,NJ,40.85788,-74.42599,51144
Passaic,NJ,40.85677,-74.12848,71085
Paterson,NJ,40.91677,-74.17181,147754
Peapack,NJ,40.71677,-74.65655,2086
Pennington,NJ,40.32844,-74.79072,2598
Perth Amboy,NJ,40.50677,-74.26542,52682
Phillipsburg,NJ,40.69371,-75.19018,14515
Pine Lake Park,NJ,40.00317,-74.25653,8707
Piscataway,NJ,40.49927,-74.39904,56044
Plainfield,NJ,40.63371,-74.40737,51217
Plainsboro Center,NJ,40.33177,-74.5946,2712
Pleasant Plains,NJ,40.44788,-74.55793,922
Point Pleasant,NJ,40.08317,-74.06819,18523
Point Pleasant Beach,NJ,40.09123,-74.04791,4552
Pompton Lakes,NJ,41.00538,-74.2907,11202
Port Monmouth,NJ,40.43011,-74.09847,3818
Port Reading,NJ,40.56538,-74.26042,3728
Princeton,NJ,40.34872,-74.65905,29603
Princeton Junction,NJ,40.31733,-74.61988,2465
Princeton Meadows,NJ,40.33177,-74.56377,13834
Prospect Park,NJ,40.93704,-74.17431,5953
Rahway,NJ,40.60816,-74.27765,29508
Ramsey,NJ,41.05732,-74.14098,15102
Ramtown,NJ,40.12095,-74.14375,6242
Raritan,NJ,40.56955,-74.63294,8031
Red Bank,NJ,40.34705,-74.06431,12204
Ridgefield,NJ,40.83427,-74.00875,11373
Ridgefield Park,NJ,40.85704,-74.02153,13102
Ridgewood,NJ,40.97926,-74.11653,25621
Ringwood,NJ,41.11343,-74.24543,12448
River Edge,NJ,40.92871,-74.03986,11668
River Vale,NJ,40.99538,-74.01208,9497
Riverdale,NJ,40.99399,-74.30348,4273
Riverton,NJ,40.0115,-75.01489,2748
Robbinsville,NJ,40.21455,-74.61932,3041
Robertsville,NJ,40.34622,-74.28792,11297
Rochelle Park,NJ,40.90732,-74.07514,5518
Rockaway,NJ,40.90121,-74.51432,6494
Rockleigh,NJ,41.00038,-73.93041,533
Rocky Hill,NJ,40.39983,-74.63432,690
Roebling,NJ,40.11594,-74.78627,3715
Roosevelt,NJ,40.22011,-74.47321,871
Roseland,NJ,40.82066,-74.29376,5876
Roselle,NJ,40.65223,-74.25882,21670
Roselle Park,NJ,40.66455,-74.26431,13670
Rossmoor,NJ,40.3365,-74.47349,2666
Rumson,NJ,40.37205,-73.99903,6926
Rutherford,NJ,40.82649,-74.10681,18690
Saddle River,NJ,41.03176,-74.10209,3255
Saddle Brook,NJ,40.89899,-74.09264,13130
Sayreville,NJ,40.45927,-74.36098,44920
Sayreville Junction,NJ,40.46538,-74.33043,42890
Scotch Plains,NJ,40.65538,-74.38987,23584
Sea Bright,NJ,40.3615,-73.97403,1344
Sea Girt,NJ,40.13206,-74.03458,1811
Secaucus,NJ,40.78955,-74.05653,19104
Sewaren,NJ,40.55205,-74.25876,2756
Shark River Hills,NJ,40.194,-74.04875,3697
Short Hills,NJ,40.74788,-74.32543,13165
Shrewsbury,NJ,40.32955,-74.06153,4131
Singac,NJ,40.88677,-74.24098,3618
Sixmile Run,NJ,40.45761,-74.51154,3184
Society Hill,NJ,40.53399,-74.45793,3829
Somerset,NJ,40.4976,-74.48849,22083
Somerville,NJ,40.57427,-74.60988,12202
South Amboy,NJ,40.47788,-74.2907,8846
South Belmar,NJ,40.17095,-74.02736,1789
South Bound Brook,NJ,40.55344,-74.53154,4863
South Old Bridge,NJ,40.40816,-74.35432,23233
South Orange,NJ,40.74899,-74.26126,17295
South Plainfield,NJ,40.57927,-74.41154,24290
South River,NJ,40.44649,-74.38598,16399
South Hackensack,NJ,40.8626,-74.04792,2771
Sparta,NJ,41.03343,-74.63849,19722
Spotswood,NJ,40.39177,-74.39848,8476
Spring Lake,NJ,40.15345,-74.02819,2965
Spring Lake Heights,NJ,40.152,-74.039,4713
Springfield,NJ,40.70491,-74.31723,14429
Stanhope,NJ,40.90288,-74.70905,3410
Stockton,NJ,40.40788,-74.97822,524
Strathmore,NJ,40.39594,-74.21348,7258
Succasunna,NJ,40.86843,-74.64044,9152
Summit,NJ,40.71562,-74.36468,22074
Sussex,NJ,41.20982,-74.60766,2043
Teaneck,NJ,40.8976,-74.01597,40078
Ten Mile Run,NJ,40.41301,-74.60223,1959
Tenafly,NJ,40.92538,-73.96292,14880
Tinton Falls,NJ,40.30428,-74.10042,17772
Totowa,NJ,40.9051,-74.20987,10973
Trenton,NJ,40.21705,-74.74294,89620
Twin Rivers,NJ,40.264,-74.49126,7443
Union,NJ,40.6976,-74.2632,56771
Union Beach,NJ,40.4465,-74.1782,5595
Union City,NJ,40.77955,-74.02375,69156
Upper Montclair,NJ,40.84621,-74.20126,11565
Upper Saddle River,NJ,41.05843,-74.09848,8379
Verona,NJ,40.82982,-74.24015,13545
Victory Gardens,NJ,40.87593,-74.54238,1532
Vienna,NJ,40.86871,-74.88906,981
Vista Center,NJ,40.15928,-74.31792,2095
Voorhees,NJ,40.4795,-74.49062,1517
Vernon Valley,NJ,41.23676,-74.4871,1626
Waldwick,NJ,41.01065,-74.11792,10095
Wallington,NJ,40.85316,-74.11375,11716
Wanaque,NJ,41.03815,-74.29404,11848
Wanamassa,NJ,40.23178,-74.02542,4532
Washington,NJ,40.75843,-74.97934,6498
Watchung,NJ,40.63788,-74.45099,5916
Wayne,NJ,40.92538,-74.27654,57915
Weehawken,NJ,40.76955,-74.02042,14104
West Belmar,NJ,40.16928,-74.03542,2493
West Freehold,NJ,40.24206,-74.30126,13613
West Long Branch,NJ,40.29039,-74.01764,7994
West Milford,NJ,41.13121,-74.36737,26968
West New York,NJ,40.78788,-74.01431,53366
West Orange,NJ,40.79871,-74.23904,48131
Woodland Park,NJ,40.88982,-74.19487,12518
Westfield,NJ,40.65899,-74.34737,30548
Weston,NJ,40.522,-74.578,1235
Westwood,NJ,40.99121,-74.03264,11247
Wharton,NJ,40.89315,-74.58183,6613
Whippany,NJ,40.82454,-74.4171,8822
White Horse,NJ,40.19067,-74.70238,9494
White Meadow Lake,NJ,40.92371,-74.51071,8836
Whitehouse Station,NJ,40.61538,-74.77044,2089
Willingboro,NJ,40.02789,-74.86905,31668
Winfield,NJ,40.6426,-74.28543,1514
Wood-Ridge,NJ,40.84566,-74.08792,8249
Woodbridge,NJ,40.5576,-74.28459,19265
Woodcliff Lake,NJ,41.02343,-74.06653,5917
Wrightstown,NJ,40.03622,-74.61793,796
Wyckoff,NJ,41.00954,-74.17292,17124
Yorketown,NJ,40.30789,-74.33765,6535
Accord,NY,41.78565,-74.22904,562
Adams,NY,43.80923,-76.02409,1829
Adams Center,NY,43.86006,-76.00548,1568
Addison,NY,42.10285,-77.23359,1716
Afton,NY,42.22814,-75.52657,810
Airmont,NY,41.10093,-74.11625,8891
Akron,NY,43.02089,-78.4953,2845
Albany,NY,42.65258,-73.75623,101228
Albertson,NY,40.77343,-73.64318,5182
Albion,NY,43.24645,-78.19363,5998
Alabama,NY,43.09645,-78.39086,1818
Alden,NY,42.90006,-78.49197,2589
Alexandria Bay,NY,44.33588,-75.91773,1097
Alfred,NY,42.25424,-77.79055,4061
Allegany,NY,42.09006,-78.49419,1738
Alma,NY,42.01257,-78.05778,847
Altamont,NY,42.70063,-74.03374,1720
Altona,NY,44.88837,-73.6557,730
Amagansett,NY,40.97371,-72.14369,1165
Amenia,NY,41.84926,-73.55679,955
Amherst,NY,42.97839,-78.79976,122366
Amityville,NY,40.67899,-73.41707,9486
Amsterdam,NY,42.93869,-74.18819,18008
Andover,NY,42.15646,-77.79555,1008
Angelica,NY,42.30673,-78.01584,838
Angola on the Lake,NY,42.65478,-79.04893,1675
Angola,NY,42.63839,-79.02782,2114
Antwerp,NY,44.19923,-75.60688,685
Apalachin,NY,42.06952,-76.15465,1131
Aquebogue,NY,40.94454,-72.62704,2438
Arcade,NY,42.53395,-78.42307,1986
Ardsley,NY,41.01065,-73.84375,4638
Arkport,NY,42.39451,-77.69666,822
Arlington,NY,41.69593,-73.8968,4061
Armonk,NY,41.12648,-73.71402,4330
Arrochar,NY,40.59844,-74.07264,13010
Arverne,NY,40.59122,-73.79597,14120
Asharoken,NY,40.92788,-73.35984,654
Astoria,NY,40.77205,-73.93014,150165
Athens,NY,42.26036,-73.80957,1617
Athol,NY,43.49257,-73.8429,737
Atlantic Beach,NY,40.58899,-73.72902,1914
Attica,NY,42.86423,-78.28029,2470
Au Sable Forks,NY,44.44171,-73.67458,559
Auburn,NY,42.93173,-76.56605,26985
Augusta,NY,42.97479,-75.50129,2041
Aurora,NY,42.75396,-76.70245,718
Averill Park,NY,42.63397,-73.55373,1693
Avoca,NY,42.40951,-77.42137,922
Avon,NY,42.91201,-77.74556,3319
Babylon,NY,40.69566,-73.32568,12161
Bainbridge,NY,42.29341,-75.47935,1325
Baiting Hollow,NY,40.95621,-72.74427,1642
Baldwin,NY,40.65649,-73.6093,24033
Baldwin Harbor,NY,40.63955,-73.60846,8102
Baldwinsville,NY,43.15868,-76.33271,7770
Ballston Lake,NY,42.91174,-73.86818,9776
Ballston Spa,NY,43.00091,-73.84901,5375
Balmville,NY,41.53482,-74.01486,3178
Bardonia,NY,41.10954,-73.99625,4108
Barker,NY,43.33006,-78.55475,512
Barnum Island,NY,40.60455,-73.64402,2414
Barryville,NY,41.47759,-74.911,1289
Batavia,NY,42.99812,-78.18752,15010
Bath,NY,42.33702,-77.31776,5635
Bath Beach,NY,40.60455,-74.00431,33080
Battery Park City,NY,40.71149,-74.01625,7422
Bay Park,NY,40.63316,-73.67041,2212
Bay Shore,NY,40.7251,-73.24539,26337
Baxter Estates,NY,40.83482,-73.69541,1012
Bay Wood,NY,40.7501,-73.29123,7350
Baychester,NY,40.86928,-73.83645,16274
Bayport,NY,40.73843,-73.05067,8896
Bayside,NY,40.76844,-73.77708,66455
Bayville,NY,40.91065,-73.56207,6764
Beacon,NY,41.50482,-73.96958,14347
Bedford,NY,41.20426,-73.64374,1834
Bedford Hills,NY,41.23676,-73.69458,3001
Belfast,NY,42.34284,-78.1114,837
Bellaire,NY,40.71399,-73.75402,5610
Belle Harbor,NY,40.57594,-73.84819,6758
Belle Terre,NY,40.95982,-73.06788,792
Bellerose,NY,40.72427,-73.71513,1201
Bellerose Terrace,NY,40.72066,-73.72596,2198
Bellmore,NY,40.66871,-73.52707,16218
Bellport,NY,40.75704,-72.93927,2078
Belmont,NY,42.22312,-78.03445,939
Bensonhurst,NY,40.60177,-73.99403,60000
Bergen,NY,43.08534,-77.94223,1133
Bergen Beach,NY,40.62038,-73.9068,13596
Bernhards Bay,NY,43.24451,-75.93353,1350
Berne,NY,42.62535,-74.13346,2794
Bethpage,NY,40.74427,-73.48207,16429
Big Flats,NY,42.1373,-76.93691,5277
Billington Heights,NY,42.78423,-78.62642,1685
Binghamton,NY,42.09869,-75.91797,46032
Black River,NY,44.01256,-75.79437,1332
Blasdell,NY,42.79728,-78.82337,2592
Blauvelt,NY,41.06343,-73.95764,5689
Bliss,NY,42.57701,-78.25279,527
Bloomfield,NY,40.6126,-74.1782,1248
Blossvale,NY,43.27979,-75.64352,2816
Blue Point,NY,40.74399,-73.03455,4773
Bohemia,NY,40.76926,-73.11511,10180
Bolivar,NY,43.07118,-75.8888,1138
Bolton Landing,NY,43.55729,-73.65484,513
Boonville,NY,43.48368,-75.33656,2040
Borough Park,NY,40.63399,-73.99681,149248
Boston,NY,42.62895,-78.73753,8049
Bowmansville,NY,42.93839,-78.68475,641
Braman Corners,NY,42.80869,-74.21874,1001
Branchport,NY,42.59868,-77.15386,1376
Brasher Falls,NY,44.80755,-74.7738,669
Breesport,NY,42.17341,-76.73384,626
Brentwood,NY,40.78121,-73.24623,60664
Brewerton,NY,43.23812,-76.14076,4029
Brewster,NY,41.39732,-73.61707,2332
Brewster Hill,NY,41.42398,-73.60429,2089
Briarcliff Manor,NY,41.14565,-73.82375,8028
Bridgehampton,NY,40.93788,-72.30092,1756
Bridgeport,NY,43.15535,-75.96936,1490
Brighton,NY,43.14756,-77.55055,36609
Brighton Beach,NY,40.57788,-73.95958,31462
Brightwaters,NY,40.72093,-73.26734,3088
Brinckerhoff,NY,41.54398,-73.86819,2900
Broad Channel,NY,40.60316,-73.82041,2443
Broadalbin,NY,43.05868,-74.19652,1303
Brockport,NY,43.21367,-77.93918,8357
Brocton,NY,42.38867,-79.44116,1429
The Bronx,NY,40.84985,-73.86641,1385108
Bronxville,NY,40.93815,-73.83208,6438
Brookhaven,NY,40.77927,-72.91538,3451
Brooklyn,NY,40.6501,-73.94958,2736074
Brooklyn Heights,NY,40.69538,-73.99375,20256
Brookville,NY,40.81316,-73.56735,3566
Brownsville,NY,40.66094,-73.92014,74497
Brownville,NY,44.007,-75.98409,1156
Buchanan,NY,41.26204,-73.93819,2268
Buffalo,NY,42.88645,-78.87837,258071
Bushwick,NY,40.69427,-73.91875,112620
Byron,NY,43.07978,-78.0639,2369
Cairo,NY,42.29897,-73.99847,1402
Calcium,NY,44.02173,-75.84604,3491
Caledonia,NY,42.97312,-77.85278,2146
Calverton,NY,40.90649,-72.74343,6510
Cambria Heights,NY,40.69455,-73.73847,20287
Cambridge,NY,43.02813,-73.38122,1830
Camden,NY,43.33451,-75.74796,2202
Campbell,NY,42.23313,-77.19747,713
Canajoharie,NY,42.90563,-74.57181,2163
Canandaigua,NY,42.87423,-77.28804,10431
Canarsie,NY,40.64372,-73.90069,87366
Canaseraga,NY,42.46146,-77.77694,524
Canastota,NY,43.07951,-75.75074,4661
Candor,NY,42.23285,-76.34244,815
Canisteo,NY,42.27035,-77.60582,2204
Canton,NY,44.59562,-75.16909,6570
Cape Vincent,NY,44.12783,-76.333,741
Carle Place,NY,40.7526,-73.61041,4981
Carmel,NY,41.43009,-73.68013,4800
Carthage,NY,43.97812,-75.60936,3591
Cassadaga,NY,42.34422,-79.30949,611
Cassville,NY,42.9459,-75.25433,1279
Castile,NY,42.62895,-78.05445,986
Castleton-on-Hudson,NY,42.51841,-73.75123,1473
Cato,NY,43.16812,-76.573,521
Catskill,NY,42.21731,-73.86457,3874
Cattaraugus,NY,42.32923,-78.86809,937
Cayuga,NY,42.91896,-76.72634,527
Cayuga Heights,NY,42.4601,-76.48776,3822
Cazenovia,NY,42.93007,-75.85269,2855
Cedarhurst,NY,40.62288,-73.7243,6682
Celoron,NY,42.1095,-79.2831,1070
Center Moriches,NY,40.80038,-72.78982,7580
Centereach,NY,40.85843,-73.09955,31578
Centerport,NY,40.88538,-73.37623,5508
Central Bridge,NY,42.71119,-74.33874,593
Central Islip,NY,40.79065,-73.20178,34450
Central Square,NY,43.28674,-76.14604,1813
Central Valley,NY,41.33176,-74.12098,1810
Chadwicks,NY,43.02785,-75.27155,1506
Champlain,NY,44.98643,-73.44653,1074
Chappaqua,NY,41.15954,-73.76485,1436
Charleston,NY,40.53677,-74.23737,1567
Chateaugay,NY,44.92643,-74.07961,820
Chatham,NY,42.36425,-73.59484,1696
Chaumont,NY,44.067,-76.13021,616
Chazy,NY,44.88976,-73.43597,565
Cheektowaga,NY,42.90339,-78.75475,75178
Chelsea,NY,40.60066,-74.19487,2953
Chenango Bridge,NY,42.16674,-75.86242,2883
Cherry Valley,NY,42.79563,-74.7532,503
Chester,NY,41.36259,-74.27126,3918
Chestertown,NY,43.65257,-73.80096,677
Chestnut Ridge,NY,41.08426,-74.0557,8158
Chinatown,NY,40.71649,-73.99625,90000
Chittenango,NY,43.04507,-75.86658,4891
Churchville,NY,43.10423,-77.88445,2032
Cicero,NY,43.17562,-76.11937,31632
Cincinnatus,NY,42.54229,-75.89575,1056
City Island,NY,40.84732,-73.78652,4362
Clarence,NY,42.97673,-78.59197,2646
Clarence Center,NY,43.01061,-78.63753,2257
Clark Mills,NY,43.09229,-75.37962,1905
Clarkson,NY,43.23312,-77.92751,4358
Clay,NY,43.1859,-76.17243,58206
Clayton,NY,44.23949,-76.08578,1956
Cleveland,NY,43.24035,-75.8838,738
Clifton,NY,40.6201,-74.07709,9519
Clifton Park,NY,42.86563,-73.77095,36705
Clifton Springs,NY,42.96173,-77.13998,2092
Clinton,NY,43.0484,-75.3785,1891
Clinton Corners,NY,41.83009,-73.76235,3168
Clintondale,NY,41.69482,-74.05125,1452
Clymer,NY,42.02089,-79.63005,1698
Cobleskill,NY,42.67785,-74.48542,4566
Coeymans,NY,42.47397,-73.79235,848
Cohocton,NY,42.50229,-77.50721,817
Cohoes,NY,42.77424,-73.70012,16538
Cold Spring,NY,41.42009,-73.95458,1964
Cold Spring Harbor,NY,40.87149,-73.45679,5070
College Point,NY,40.7876,-73.84597,27307
Colonie,NY,42.71786,-73.83346,7906
Columbus,NY,42.68396,-75.37267,947
Commack,NY,40.84288,-73.29289,36124
Concord,NY,40.60816,-74.08431,8857
Coney Island,NY,40.57788,-73.99403,60000
Congers,NY,41.15065,-73.94542,8363
Conklin,NY,42.03424,-75.8038,5008
Constantia,NY,43.24785,-76.0002,1182
Coopers Plains,NY,42.1823,-77.14164,598
Cooperstown,NY,42.70048,-74.92426,1792
Copake Lake,NY,42.13926,-73.58234,823
Copenhagen,NY,43.8934,-75.67353,800
Copiague,NY,40.68149,-73.39984,22993
Coram,NY,40.86871,-73.00149,39113
Corfu,NY,42.96006,-78.40558,695
Corinth,NY,43.24452,-73.83234,2516
Corning,NY,42.14285,-77.05469,10897
Cornwall,NY,41.44482,-74.0157,2966
Corona,NY,40.74705,-73.86014,109698
Cortland,NY,42.60118,-76.18048,18907
Country Knolls,NY,42.91508,-73.80512,2224
Coxsackie,NY,42.35092,-73.8029,2701
Croghan,NY,43.8959,-75.39241,610
Crompond,NY,41.288,-73.848,2292
Cropseyville,NY,42.74897,-73.55734,1713
Croton-on-Hudson,NY,41.20843,-73.89125,8269
Crown Point,NY,43.95034,-73.43707,1903
Crown Heights,NY,41.642,-73.929,2840
Crugers,NY,41.23343,-73.92264,1534
Crystal Beach,NY,42.81368,-77.26359,644
Cuba,NY,42.21757,-78.27529,1529
Cumberland Head,NY,44.71643,-73.40263,1627
Cutchogue,NY,41.01066,-72.48509,3349
Cypress Hills,NY,40.67705,-73.89125,54944
Dannemora,NY,44.72143,-73.72375,3629
Dansville,NY,42.5609,-77.69611,4550
Davis Park,NY,40.68399,-73.00483,717
De Kalb Junction,NY,44.50506,-75.27382,519
DeRuyter,NY,42.7584,-75.88436,535
Deansboro,NY,42.99507,-75.42851,1500
Deer Park,NY,40.76177,-73.32929,27745
Delevan,NY,42.48923,-78.48085,1058
Delhi,NY,42.27814,-74.91599,3157
Delmar,NY,42.62202,-73.83262,8195
Depauville,NY,44.13838,-76.06549,577
Depew,NY,42.90395,-78.69225,15146
Deposit,NY,42.06008,-75.42,1598
Dexter,NY,44.00784,-76.04437,1086
Dix Hills,NY,40.80482,-73.33623,26892
Dobbs Ferry,NY,41.01454,-73.87264,11131
Dolgeville,NY,43.1009,-74.77293,2132
Dongan Hills,NY,40.58844,-74.09625,9529
Douglaston,NY,40.76871,-73.74708,14762
Dover Plains,NY,41.74121,-73.57652,1323
Downsville,NY,42.08092,-74.99572,617
Dryden,NY,42.49091,-76.29716,2094
Dundee,NY,42.5234,-76.97663,1665
Dunkirk,NY,42.4795,-79.33393,12081
Durham,NY,42.39953,-74.17236,2670
Durhamville,NY,43.12062,-75.67102,584
Dyker Heights,NY,40.62149,-74.00958,34399
Earlville,NY,42.73979,-75.54518,830
East Amherst,NY,43.01839,-78.6967,24914
East Atlantic Beach,NY,40.78982,-73.74708,2049
East Aurora,NY,42.76784,-78.61336,6236
East Avon,NY,42.90923,-77.70639,608
East Elmhurst,NY,40.76121,-73.86514,23150
East Farmingdale,NY,40.72927,-73.41679,6484
East Flatbush,NY,40.65371,-73.93042,178464
East Garden City,NY,40.73083,-73.59806,6208
East Glenville,NY,42.89452,-73.9279,6616
East Greenbush,NY,42.59091,-73.70179,4487
East Hampton,NY,40.96343,-72.1848,1122
East Hills,NY,40.79371,-73.62707,7155
East Islip,NY,40.73204,-73.18567,14475
East Ithaca,NY,42.43952,-76.47855,2231
East Marion,NY,41.1276,-72.34008,926
East Meadow,NY,40.71399,-73.55902,38132
East Massapequa,NY,40.67343,-73.43651,19069
East Moriches,NY,40.8051,-72.76093,5249
East Nassau,NY,42.50786,-73.5065,570
East New York,NY,40.66677,-73.88236,173198
East Northport,NY,40.87676,-73.32456,20217
East Norwich,NY,40.84677,-73.53512,2709
East Patchogue,NY,40.76704,-72.99622,22469
East Quogue,NY,40.84066,-72.58148,4757
East Randolph,NY,42.17284,-78.94782,620
East Rochester,NY,43.10867,-77.4875,6666
East Rockaway,NY,40.64205,-73.66957,9894
East Setauket,NY,40.94149,-73.10594,17006
East Shoreham,NY,40.94482,-72.87955,6666
East Syracuse,NY,43.06534,-76.07853,3010
East Tremont,NY,40.84538,-73.89097,22886
East Village,NY,40.72927,-73.98736,62832
East Williston,NY,40.75843,-73.63485,2578
Eastchester,NY,40.95833,-73.80861,19554
Eastport,NY,40.82593,-72.73177,1831
Eatons Neck,NY,40.93065,-73.40151,1406
Eden,NY,41.28871,-74.49433,3806
Edgemere,NY,40.59622,-73.76763,9646
Edinburg,NY,43.22174,-74.10402,1220
Edmeston,NY,42.69785,-75.24378,657
Eggertsville,NY,42.96339,-78.80392,15019
Elba,NY,43.07728,-78.18696,663
Elbridge,NY,43.03451,-76.44799,1035
Lyndon,NY,42.30507,-78.35363,683
Elizabethtown,NY,44.21616,-73.59097,754
Ellenville,NY,41.71704,-74.39571,4081
Elma Center,NY,42.82978,-78.63614,2571
Elmhurst,NY,40.73649,-73.87791,113364
Elmira,NY,42.0898,-76.80773,28213
Elmira Heights,NY,42.1298,-76.82079,3982
Elmont,NY,40.70094,-73.71291,33198
Elmsford,NY,41.0551,-73.82013,4810
Eltingville,NY,40.54538,-74.1657,10573
Elwood,NY,40.84538,-73.33512,11177
Emerson Hill,NY,40.60872,-74.09598,15412
Endicott,NY,42.09841,-76.04937,13014
Endwell,NY,42.11285,-76.02103,11446
Evans Mills,NY,44.08812,-75.80715,598
Fair Haven,NY,42.76923,-76.26826,864
Fairmount,NY,43.04729,-76.23854,10224
Fairport,NY,43.09867,-77.44194,5351
Fairview,NY,41.7237,-73.91986,5515
Falconer,NY,42.11867,-79.19838,2321
Fallsburg,NY,41.73204,-74.60127,12773
Far Rockaway,NY,40.60538,-73.75513,39189
Farmingdale,NY,40.7326,-73.4454,8688
Farmingville,NY,40.83121,-73.02955,15481
Fayetteville,NY,43.02979,-76.00436,4180
Fillmore,NY,42.46618,-78.11501,603
Firthcliffe,NY,41.43926,-74.04514,4949
Fishkill,NY,41.53565,-73.89903,2133
Flanders,NY,40.90343,-72.61759,4472
Flatbush,NY,40.65205,-73.95903,93361
Flatlands,NY,40.62122,-73.93486,63601
Floral Park,NY,40.72371,-73.70485,15969
Florida,NY,41.33176,-74.35682,2899
Flower Hill,NY,40.80732,-73.68124,4838
Fonda,NY,42.95452,-74.37652,765
Fordham,NY,40.85927,-73.89847,94678
Forest Hills,NY,40.71621,-73.85014,67714
Forest Home,NY,42.45368,-76.46799,572
Forestville,NY,42.46839,-79.17698,669
Fort Edward,NY,43.26702,-73.58456,3277
Fort Hamilton,NY,40.61872,-74.0332,28966
Fort Montgomery,NY,41.33148,-73.98681,1571
Fort Plain,NY,42.93146,-74.62264,2248
Fort Salonga,NY,40.9126,-73.30095,10008
Fort Wadsworth,NY,40.60113,-74.05738,1669
Frankfort,NY,43.03896,-75.07044,2507
Franklin Square,NY,40.70732,-73.67596,29320
Franklinville,NY,42.33701,-78.45808,1681
Fredonia,NY,42.44006,-79.33171,10705
Freeport,NY,40.6576,-73.58318,43334
Freeville,NY,42.51396,-76.3466,520
Fresh Meadows,NY,40.73482,-73.79347,28397
Frewsburg,NY,42.0545,-79.1581,1906
Friendship,NY,42.20646,-78.13751,1218
Fultonville,NY,42.94785,-74.37041,788
Fulton,NY,43.32285,-76.41716,11552
Galeville,NY,43.09007,-76.17298,4617
Garden City,NY,40.72677,-73.6343,22612
Garden City Park,NY,40.74093,-73.66263,7806
Garden City South,NY,40.71232,-73.66096,4024
Gardiner,NY,41.67982,-74.15042,950
Gang Mills,NY,42.14619,-77.11164,4185
Gardnertown,NY,41.53509,-74.07014,4373
Gasport,NY,43.19922,-78.57614,1248
Geneseo,NY,42.7959,-77.81695,8173
Geneva,NY,42.86896,-76.97774,13062
Georgetown,NY,42.7684,-75.73658,974
Germantown,NY,42.13453,-73.8918,845
Ghent,NY,42.32925,-73.61567,564
Glasco,NY,42.0437,-73.94736,2099
Glen Cove,NY,40.86232,-73.63374,27400
Glen Head,NY,40.83538,-73.62374,4697
Glen Oaks,NY,40.74705,-73.71152,6655
Glen Park,NY,44.00117,-75.96631,508
Glendale,NY,40.70149,-73.8868,34389
Glens Falls,NY,43.30952,-73.64401,14291
Glenville,NY,42.92924,-74.05207,29326
Glenwood Landing,NY,40.83066,-73.63874,3779
Gloversville,NY,43.05285,-74.34375,15023
Goldens Bridge,NY,41.29343,-73.6768,1630
Gordon Heights,NY,40.85871,-72.97066,4042
Gorham,NY,42.79896,-77.13164,617
Goshen,NY,41.40204,-74.32432,5397
Gouverneur,NY,44.33673,-75.46299,3797
Gowanda,NY,42.46312,-78.93587,2636
Grand Island,NY,43.03311,-78.96254,20813
Grandyle Village,NY,42.99645,-78.95504,4629
Graniteville,NY,40.62483,-74.14848,15272
Grant City,NY,40.58205,-74.10486,4594
Granville,NY,43.40785,-73.25955,2467
Gravesend,NY,40.5976,-73.96514,112229
Great Bend,NY,44.03423,-75.71881,843
Great Kills,NY,40.55427,-74.15153,22000
Great Neck,NY,40.80066,-73.72846,10143
Great Neck Gardens,NY,40.79722,-73.72389,1186
Great Neck Plaza,NY,40.78677,-73.72652,6925
Great River,NY,40.72121,-73.15761,1489
Great Neck Estates,NY,40.78705,-73.7368,2827
Greece,NY,43.20978,-77.69306,14519
Green Island,NY,42.74424,-73.69151,2612
Greenburgh,NY,41.03287,-73.84291,86764
Greene,NY,42.32924,-75.76991,1502
Greenlawn,NY,40.86899,-73.36512,13742
Greenpoint,NY,40.72371,-73.95097,34719
Greenport,NY,41.10343,-72.35925,2212
Greenvale,NY,40.81066,-73.62846,1094
Greenville,NY,40.99315,-73.81986,7116
Greenwich,NY,43.09063,-73.49873,1744
Greenwood Lake,NY,41.22259,-74.29432,3113
Groton,NY,42.58785,-76.36688,2396
Grymes Hill,NY,40.61872,-74.09348,4985
Hadley,NY,43.31729,-73.84818,1009
Hagaman,NY,42.97452,-74.15096,1299
Hailesboro,NY,44.31006,-75.44632,624
Halesite,NY,40.88843,-73.4154,2498
Hamburg,NY,42.71589,-78.82948,9576
Hamilton,NY,42.82701,-75.54462,4176
Hamlin,NY,43.30312,-77.92112,5521
Hammondsport,NY,42.40785,-77.22359,644
Hampton,NY,43.52479,-73.25178,938
Hampton Bays,NY,40.86899,-72.51759,13603
Hampton Manor,NY,42.62091,-73.72845,2417
Hancock,NY,41.95398,-75.28045,976
Hannawa Falls,NY,44.61228,-74.97103,1042
Hannibal,NY,43.32118,-76.57883,534
Harbor Hills,NY,40.79093,-73.74652,575
Harbor Isle,NY,40.60344,-73.66457,1301
Harlem,NY,40.80788,-73.94542,116345
Harriman,NY,41.30843,-74.14459,2476
Harris Hill,NY,42.96478,-78.67753,5508
Harrison,NY,40.96899,-73.71263,28348
Harrisville,NY,44.15201,-75.32103,622
Hartford,NY,43.36368,-73.39372,2240
Hartsdale,NY,41.01899,-73.79819,5293
Hartwick,NY,42.6598,-75.04877,629
Hastings-on-Hudson,NY,40.99454,-73.87875,8014
Hauppauge,NY,40.82565,-73.20261,20882
Haverstraw,NY,41.19759,-73.96458,12187
Haviland,NY,41.76676,-73.90152,3634
Hawthorne,NY,41.10732,-73.79597,4586
Head of the Harbor,NY,40.90343,-73.15789,1477
Hell's Kitchen,NY,40.76496,-73.9909,45884
Hemlock,NY,42.79423,-77.60638,557
Hempstead,NY,40.70621,-73.61874,55547
New Hempstead,NY,41.14982,-74.03375,5312
Henrietta,NY,43.05923,-77.61222,42581
Herkimer,NY,43.02563,-74.98599,7519
Heritage Hills,NY,41.33954,-73.69735,3975
Heuvelton,NY,44.61812,-75.40716,729
Herricks,NY,40.75538,-73.6668,4295
Hewlett,NY,40.64316,-73.69569,6819
Hewlett Harbor,NY,40.63621,-73.68152,1274
Hicksville,NY,40.76843,-73.52513,41547
High Falls,NY,41.82676,-74.12625,627
Highland,NY,41.72093,-73.96014,5647
Highland Falls,NY,41.36926,-73.96625,3841
Highland Mills,NY,41.34704,-74.12626,3957
Hillburn,NY,41.12398,-74.16931,982
Hillcrest,NY,41.12787,-74.04097,7558
Hillside,NY,40.70788,-73.7868,24808
Hillside Lake,NY,41.61482,-73.79819,1084
Hilton,NY,43.28812,-77.79334,5921
Holbrook,NY,40.81232,-73.07844,27195
Holcomb,NY,42.90229,-77.41971,1361
Holland,NY,42.64117,-78.54169,1206
Holley,NY,43.22645,-78.02668,1735
Hollis,NY,40.71344,-73.76708,20269
Holtsville,NY,40.81538,-73.04511,19714
Homer,NY,42.63701,-76.17882,3183
Honeoye Falls,NY,42.95229,-77.59028,2711
Hoosick Falls,NY,42.90119,-73.3515,3432
Hornell,NY,42.32785,-77.6611,8336
Horseheads,NY,42.16702,-76.82051,6616
Houghton,NY,42.4234,-78.15723,1693
Howard Beach,NY,40.65788,-73.83625,26148
Hudson,NY,42.25286,-73.79096,6436
Hudson Falls,NY,43.30063,-73.58595,7191
Huguenot,NY,40.53733,-74.19459,9995
Huntington,NY,40.86815,-73.42568,18046
Huntington Bay,NY,40.89982,-73.41484,1430
Huntington Station,NY,40.85343,-73.41151,33029
Hunts Point,NY,40.8126,-73.88402,27204
Hurley,NY,41.92454,-74.06125,3458
Hyde Park,NY,41.78482,-73.93319,1908
Ilion,NY,43.01507,-75.03543,7926
Interlaken,NY,42.61702,-76.72495,623
Inwood,NY,40.86566,-73.9268,10082
Ira,NY,43.22146,-76.55633,2145
Irondequoit,NY,43.2134,-77.57972,51692
Irvington,NY,41.03922,-73.86823,6607
Island Park,NY,40.60427,-73.65541,4766
Islandia,NY,40.80426,-73.169,3382
Islip,NY,40.72982,-73.21039,18689
Islip Terrace,NY,40.74315,-73.19262,5389
Ithaca,NY,42.44063,-76.49661,30788
Jackson Heights,NY,40.75566,-73.88541,67067
Jamaica,NY,40.69149,-73.80569,216866
Jamesport,NY,40.94954,-72.58148,1710
Jamestown,NY,42.097,-79.23533,30075
Jefferson Heights,NY,42.23398,-73.88235,1094
Jericho,NY,40.79204,-73.53985,13567
Johnson City,NY,42.11563,-75.95881,14773
Johnstown,NY,43.00674,-74.36764,8345
Jordan,NY,43.06534,-76.47299,1333
Kaser,NY,41.12121,-74.06709,5131
Katonah,NY,41.25898,-73.68541,1679
Keeseville,NY,44.50505,-73.48013,1750
Kenmore,NY,42.96589,-78.87004,15160
Kensington,NY,40.64621,-73.97069,39120
Kerhonkson,NY,41.77482,-74.29821,1684
Kew Gardens,NY,40.71427,-73.83097,18983
Keuka Park,NY,42.61535,-77.09219,1137
Kiantone,NY,42.022,-79.1981,1332
Kinderhook,NY,42.39536,-73.6979,1182
Kings Bridge,NY,40.87871,-73.90514,75132
Kings Park,NY,40.88621,-73.25734,17282
Kings Point,NY,40.81982,-73.73513,5131
Kingston,NY,41.92704,-73.99736,23436
Kirkville,NY,43.07507,-75.95186,4685
Kiryas Joel,NY,41.34204,-74.16792,32954
La Fargeville,NY,44.19477,-75.96605,608
Lackawanna,NY,42.82561,-78.82337,17965
Lacona,NY,43.6434,-76.06853,562
Lake Carmel,NY,41.46148,-73.67096,8282
Lake Erie Beach,NY,42.62423,-79.06698,3872
Lake George,NY,43.42618,-73.71234,890
Lake Grove,NY,40.85288,-73.11511,11235
Lake Katrine,NY,41.98565,-73.98819,2397
Lake Luzerne,NY,43.31285,-73.83484,1227
Lake Mohegan,NY,41.31787,-73.84625,6010
Lake Placid,NY,44.27962,-73.98198,2465
Lake Pleasant,NY,43.4709,-74.41265,762
Lake Ronkonkoma,NY,40.8351,-73.13122,20155
Lake Success,NY,40.77066,-73.71763,3050
Lakeland,NY,43.09034,-76.24048,2786
Lakeview,NY,42.43202,-75.86547,5625
Lakeville,NY,42.83645,-77.705,756
Lakewood,NY,42.10422,-79.3331,2914
Lancaster,NY,42.90061,-78.67031,10258
Lansing,NY,42.48424,-76.47994,3649
Larchmont,NY,40.92788,-73.7518,6132
Latham,NY,42.74702,-73.75901,20736
Lattingtown,NY,40.89538,-73.60096,1787
Laurel,NY,40.96954,-72.56203,1394
Laurel Hollow,NY,40.85677,-73.46957,2036
Laurelton,NY,40.67019,-73.74659,21053
Lawrence,NY,40.61566,-73.72958,6559
Le Roy,NY,42.97839,-77.98418,4288
Levittown,NY,40.72593,-73.51429,51881
Lewiston,NY,43.17256,-79.03588,2596
Liberty,NY,41.8012,-74.74655,4134
Lido Beach,NY,40.58899,-73.62541,2897
Lima,NY,42.90479,-77.61139,2095
Lime Lake,NY,42.43451,-78.47974,867
Lincoln Park,NY,41.95065,-73.99403,2366
Lincolndale,NY,41.32287,-73.71819,1521
Lindenhurst,NY,40.68677,-73.37345,27277
Lindley,NY,42.02841,-77.13969,1954
Little Falls,NY,43.0434,-74.8596,4787
Little Neck,NY,40.76289,-73.73225,10049
Little Valley,NY,42.25256,-78.80559,1105
Liverpool,NY,43.10646,-76.2177,2294
Livingston Manor,NY,41.90037,-74.82822,1221
Livonia,NY,42.82145,-77.66861,1351
Lloyd Harbor,NY,40.90343,-73.45984,3690
Lockport,NY,43.17061,-78.69031,20624
Locust Valley,NY,40.87593,-73.59707,3406
Long Beach,NY,40.58844,-73.65791,33550
Long Island City,NY,40.74482,-73.94875,25595
Long Lake,NY,43.97284,-74.421,547
Lorenz Park,NY,42.2637,-73.76846,2053
Lowville,NY,43.78674,-75.49185,3416
Lynbrook,NY,40.65483,-73.6718,19558
Lyncourt,NY,43.08146,-76.12576,4250
Lyndonville,NY,43.32672,-78.38891,803
Lyons,NY,43.06423,-76.99025,3619
Lyons Falls,NY,43.62535,-75.36712,565
Macedon,NY,43.06923,-77.29887,1479
Madrid,NY,44.75034,-75.13104,757
Mahopac,NY,41.37232,-73.73346,8369
Malone,NY,44.84866,-74.2949,5756
Malverne,NY,40.67899,-73.67402,8571
Mamaroneck,NY,40.94871,-73.73263,19375
Malverne Park Oaks,NY,40.6326,-73.67013,505
Manchester,NY,42.96979,-77.23026,1661
Manhasset,NY,40.79788,-73.69957,8080
Manhasset Hills,NY,40.75927,-73.67985,3592
Manhattan,NY,40.78343,-73.96625,1487536
Manlius,NY,43.00201,-75.97686,4630
Manorhaven,NY,40.84316,-73.71485,6744
Manorville,NY,40.87371,-72.80788,14314
Marathon,NY,42.44174,-76.03215,889
Marcellus,NY,42.98284,-76.34049,1773
Marbletown,NY,41.88343,-74.1132,5544
Margaretville,NY,42.1487,-74.64821,577
Mariaville Lake,NY,42.8248,-74.12874,722
Mariners Harbor,NY,40.63677,-74.15875,19905
Marion,NY,43.1434,-77.18915,1511
Marlboro,NY,41.60565,-73.97153,3669
Maspeth,NY,40.72316,-73.91264,48325
Massapequa,NY,40.68066,-73.47429,21685
Massapequa Park,NY,40.68038,-73.45512,17232
Massena,NY,44.9281,-74.89186,10629
Mastic,NY,40.80204,-72.84094,15481
Mastic Beach,NY,40.76677,-72.85205,14841
Matinecock,NY,40.87621,-73.57651,810
Mattituck,NY,40.99121,-72.53425,4219
Mattydale,NY,43.09784,-76.1452,6446
Maybrook,NY,41.48398,-74.21765,3286
Mayfield,NY,43.10452,-74.26486,803
Mayville,NY,42.25395,-79.50449,1669
McGraw,NY,42.59618,-76.09326,1020
McKownville,NY,42.68397,-73.84762,2756
Mechanicstown,NY,41.44287,-74.38849,6858
Mechanicville,NY,42.90285,-73.68734,5169
Medford,NY,40.8176,-73.00011,24142
Medina,NY,43.22006,-78.38697,5827
Melrose,NY,40.82455,-73.91041,22470
Melrose Park,NY,42.90868,-76.54022,2294
Melville,NY,40.79343,-73.41512,18985
Menands,NY,42.69202,-73.72456,3998
Merrick,NY,40.66288,-73.55152,22097
Mexico,NY,43.45951,-76.22882,1574
Middle Island,NY,40.88427,-72.93733,10483
Middle Village,NY,40.71649,-73.88125,29491
Middleburgh,NY,42.59869,-74.33292,1437
Middleport,NY,42.79062,-75.5599,1822
Middletown,NY,41.44593,-74.42293,27812
Middleville,NY,43.13868,-74.96821,501
Midland Beach,NY,40.57316,-74.09459,7402
Mill Neck,NY,40.88704,-73.55512,1015
Millbrook,NY,41.78509,-73.69402,1425
Miller Place,NY,40.95982,-72.99621,12339
Millerton,NY,41.9537,-73.51068,940
Milton,NY,43.03369,-73.85262,3087
Mineola,NY,40.74927,-73.64068,19139
Minetto,NY,43.39812,-76.47744,1069
Mineville,NY,44.09283,-73.51818,1269
Minoa,NY,43.07618,-76.00075,3523
Mohawk,NY,43.01146,-75.00404,2628
Monroe,NY,41.33065,-74.18681,8632
Monsey,NY,41.11121,-74.06848,18412
Montauk,NY,41.03594,-71.95451,3326
Montebello,NY,41.13593,-74.11848,4652
Montgomery,NY,41.52759,-74.23682,4609
Monticello,NY,41.65565,-74.68933,6505
Montour Falls,NY,42.3473,-76.84524,1676
Montrose,NY,41.25232,-73.93153,2731
Moravia,NY,42.71257,-76.4216,1236
Moriches,NY,40.80732,-72.82121,2838
Morris,NY,42.54869,-75.24517,564
Morris Heights,NY,40.84982,-73.91986,40982
Morris Park,NY,40.85232,-73.85347,10289
Morrisania,NY,40.82927,-73.90653,23127
Morrisonville,NY,44.6931,-73.56208,1545
Morrisville,NY,42.89868,-75.64018,1764
Mott Haven,NY,40.80899,-73.92291,51450
Mount Ivy,NY,41.18676,-74.03486,6878
Mount Kisco,NY,41.20426,-73.72708,11145
Mount Morris,NY,42.72562,-77.87417,2899
Mount Sinai,NY,40.94704,-73.02955,12118
Mount Vernon,NY,40.9126,-73.83708,68628
Mountain Lodge Park,NY,41.38843,-74.14181,1588
Munsey Park,NY,40.79871,-73.67985,2715
Munsons Corners,NY,42.58229,-76.2091,2728
Myers Corner,NY,41.6062,-73.87291,6790
Muttontown,NY,40.82399,-73.54763,3670
Nanuet,NY,41.08871,-74.01347,17882
Napanoch,NY,41.74398,-74.37154,1174
Naples,NY,42.61535,-77.40249,1019
Nassau,NY,42.51591,-73.61012,1124
Nedrow,NY,42.97507,-76.14131,2244
Nelliston,NY,42.93479,-74.61348,575
Nelsonville,NY,41.42454,-73.94653,625
Neponsit,NY,40.57177,-73.86152,1355
Nesconset,NY,40.85204,-73.154,13387
New Berlin,NY,42.62424,-75.33156,974
New Cassel,NY,40.75899,-73.56957,14059
New City,NY,41.1476,-73.98931,33559
New Dorp,NY,40.57399,-74.11598,7253
New Dorp Beach,NY,40.56538,-74.10292,6201
New Hartford,NY,43.0734,-75.28767,1844
New Hyde Park,NY,40.7351,-73.68791,9811
New Brighton,NY,40.64233,-74.09292,3421
New Paltz,NY,41.74759,-74.08681,7070
New Rochelle,NY,40.91149,-73.78235,79846
New Springville,NY,40.59344,-74.1632,20756
New Square,NY,41.13956,-74.02942,8057
New Windsor,NY,41.47676,-74.02375,8922
New York City,NY,40.71427,-74.00597,8804190
New York Mills,NY,43.10535,-75.29128,3308
Newark,NY,43.04673,-77.09525,8843
Newark Valley,NY,42.22369,-76.18326,957
Newburgh,NY,41.50343,-74.01042,28290
Newfane,NY,43.28672,-78.71031,3822
Newport,NY,43.1859,-75.01432,620
Niagara Falls,NY,43.0945,-79.05671,48916
Niskayuna,NY,42.7798,-73.84568,4859
Nissequogue,NY,40.90399,-73.19789,1760
Niverville,NY,42.44092,-73.66095,1662
Norfolk,NY,44.80089,-74.99103,1327
North Amityville,NY,40.6976,-73.42512,17862
North Babylon,NY,40.71649,-73.32179,17509
North Bay Shore,NY,40.753,-73.2602,18944
North Bellmore,NY,40.69149,-73.53346,19941
North Bellport,NY,40.77427,-72.94288,11545
North Boston,NY,42.68562,-78.7767,2521
North Collins,NY,42.59534,-78.94115,1225
North Creek,NY,43.69784,-73.98597,616
North Elba,NY,44.24338,-73.95431,8474
North Gates,NY,43.17645,-77.70139,9512
North Great River,NY,40.74732,-73.16984,4001
North Haven,NY,41.01288,-72.31286,872
North Hills,NY,40.78093,-73.67652,5444
North Hornell,NY,42.34618,-77.66138,747
North Lindenhurst,NY,40.71427,-73.38151,11652
North Lynbrook,NY,40.667,-73.674,793
North Massapequa,NY,40.70093,-73.46207,17886
North Merrick,NY,40.69121,-73.56318,12272
North New Hyde Park,NY,40.74316,-73.69319,14899
North Patchogue,NY,40.78704,-73.009,7246
North Rose,NY,43.18562,-76.89246,636
North Sea,NY,40.93288,-72.41425,4458
North Syracuse,NY,43.13479,-76.12992,6853
North Tonawanda,NY,43.03867,-78.8642,30785
North Valley Stream,NY,40.6851,-73.7018,16628
North Wantagh,NY,40.69343,-73.50763,11960
Northampton,NY,40.88871,-72.68954,570
Northport,NY,40.90093,-73.34317,7390
Northumberland,NY,43.1273,-73.58817,5159
Northville,NY,40.9701,-72.61898,1340
Northwest Harbor,NY,41.00982,-72.22119,3317
Norwich,NY,42.53118,-75.52351,6968
Norwood,NY,44.75145,-74.99436,1614
Noyack,NY,40.99566,-72.34119,3568
Nunda,NY,42.57951,-77.9425,1328
Nyack,NY,41.09065,-73.91791,7004
Oakdale,NY,42.2512,-73.78013,8107
Oakfield,NY,43.06589,-78.26974,1762
Oakwood,NY,40.56399,-74.11598,11148
Oceanside,NY,40.63871,-73.64013,32109
Odessa,NY,42.33674,-76.78857,573
Ogdensburg,NY,44.69423,-75.48634,10883
Olcott,NY,43.33783,-78.71476,1241
Old Bethpage,NY,40.7626,-73.45318,5523
Old Brookville,NY,40.83204,-73.60485,2214
Old Field,NY,40.95982,-73.12955,914
Old Forge,NY,43.71007,-74.97434,756
Old Westbury,NY,40.78871,-73.59957,4678
Olean,NY,42.07756,-78.42974,13870
Oneida Castle,NY,43.08257,-75.63351,627
Oneida,NY,43.09257,-75.65129,11134
Oneonta,NY,42.45286,-75.06377,13862
Ontario,NY,43.2209,-77.28304,2160
Orange Lake,NY,41.53982,-74.0982,6982
Orangeburg,NY,41.04649,-73.94958,4568
Orchard Park,NY,42.76756,-78.74392,3206
Orient,NY,41.13899,-72.30342,743
Oriskany,NY,43.15729,-75.33267,1375
Oriskany Falls,NY,42.93924,-75.46101,703
Ossining,NY,41.16287,-73.86152,25441
Oswego,NY,43.45535,-76.5105,17787
Otego,NY,42.3973,-75.1735,973
Otisville,NY,41.47343,-74.53849,1046
Ovid,NY,42.67646,-76.82301,624
Owego,NY,42.10341,-76.26215,3736
Oxford,NY,42.44202,-75.59769,1411
Oyster Bay,NY,40.86565,-73.53207,6707
Oyster Bay Cove,NY,40.87093,-73.51096,2251
Ozone Park,NY,40.67677,-73.84375,53985
Painted Post,NY,42.16202,-77.09414,1997
Palatine Bridge,NY,42.91091,-74.57403,757
Palenville,NY,42.17453,-74.02014,1037
Palmyra,NY,43.06395,-77.23332,3413
Parishville,NY,44.62867,-74.8138,647
Park Slope,NY,40.6701,-73.98597,65047
Parkchester,NY,40.83899,-73.86041,65876
Patchogue,NY,40.76565,-73.01511,12463
Paul Smiths,NY,44.43867,-74.25266,671
Pavilion,NY,42.87617,-78.02279,646
Pawling,NY,41.56204,-73.60263,2297
Peach Lake,NY,41.36759,-73.5779,1629
Pearl River,NY,41.05899,-74.02181,15876
Peconic,NY,41.04788,-72.46314,683
Peekskill,NY,41.29009,-73.92042,24043
Pelham,NY,40.90982,-73.80791,7048
Pelham Manor,NY,40.89538,-73.80708,5594
Penn Yan,NY,42.6609,-77.05386,5014
Perry,NY,42.71562,-78.00556,3516
Perth,NY,43.01757,-74.19402,3646
Peru,NY,44.57838,-73.5268,1591
Phelps,NY,42.95756,-77.05747,1945
Philadelphia,NY,44.1545,-75.70882,1223
Philmont,NY,42.24842,-73.65318,1318
Phoenix,NY,43.23118,-76.30076,2311
Piermont,NY,41.04204,-73.91819,2573
Pine Bush,NY,41.60815,-74.29904,1780
Pine Plains,NY,41.97981,-73.65596,1353
Pine Valley,NY,42.22535,-76.84551,813
Pittsford,NY,43.09062,-77.515,1350
Plainedge,NY,40.71732,-73.48374,8817
Plainview,NY,40.77649,-73.46735,26217
Plandome,NY,40.80677,-73.70346,1405
Plandome Heights,NY,40.8026,-73.7043,1026
Plandome Manor,NY,40.81621,-73.69735,881
Plattekill,NY,41.61759,-74.07598,1260
Plattsburgh,NY,44.69949,-73.45291,19806
Pleasant Plains,NY,40.52399,-74.2157,808
Pleasant Valley,NY,41.74454,-73.82124,1145
Pleasantville,NY,41.13287,-73.79263,7173
Poestenkill,NY,42.69036,-73.56456,1061
Point Lookout,NY,40.59233,-73.58068,1219
Pomona,NY,41.16704,-74.0432,3103
Poquott,NY,40.95093,-73.084,947
Port Byron,NY,43.03451,-76.62383,1243
Port Chester,NY,41.00176,-73.66568,29620
Port Dickinson,NY,42.13341,-75.89631,1594
Port Ewen,NY,41.90537,-73.97625,3546
Port Henry,NY,44.04839,-73.45985,1148
Port Jefferson,NY,40.94649,-73.06927,7842
Port Jefferson Station,NY,40.92538,-73.04733,7838
Port Jervis,NY,41.37509,-74.69266,8609
Port Leyden,NY,43.58312,-75.34518,668
Port Morris,NY,40.80149,-73.90958,1978
Port Richmond,NY,40.63316,-74.13653,15470
Port Washington,NY,40.82566,-73.69819,15846
Port Washington North,NY,40.84482,-73.7018,3207
Portland,NY,42.37978,-79.46755,4694
Portville,NY,42.03868,-78.34085,978
Potsdam,NY,44.66978,-74.98131,9688
Poughkeepsie,NY,41.70037,-73.92097,30371
Pound Ridge,NY,41.20871,-73.57485,5104
Prattsburgh,NY,42.52396,-77.28887,656
Pulaski,NY,43.56701,-76.1277,2310
Pultneyville,NY,43.27979,-77.18609,698
Purchase,NY,41.04093,-73.71457,4660
Putnam Lake,NY,41.46204,-73.54624,3844
Queens Village,NY,40.72677,-73.74152,51919
Queens,NY,40.68149,-73.83652,2316841
Queensbury,NY,43.37729,-73.61317,27703
Quogue,NY,40.82316,-72.60954,991
Quiogue,NY,40.81982,-72.62898,816
Randolph,NY,42.16201,-78.97532,1286
Ransomville,NY,43.23867,-78.90976,1419
Rapids,NY,43.09839,-78.64086,1636
Ravena,NY,42.46841,-73.81624,3267
Red Creek,NY,43.24729,-76.72356,513
Red Hook,NY,41.99509,-73.87541,1990
Red Oaks Mill,NY,41.65565,-73.87486,3613
Redfield,NY,43.53313,-75.82158,573
Redwood,NY,44.30089,-75.80134,605
Rego Park,NY,40.72649,-73.85264,43925
Rensselaer,NY,42.64258,-73.7429,9433
Rhinebeck,NY,41.92676,-73.91264,2609
Richfield Springs,NY,42.85341,-74.98543,1225
Richland,NY,43.56951,-76.0477,5661
Richmondville,NY,42.63424,-74.56403,871
Richmond Hill,NY,40.69983,-73.83125,98984
Ridge,NY,40.89399,-72.89594,13336
Ridgewood,NY,40.7001,-73.90569,69317
Ripley,NY,42.267,-79.7106,872
Riverdale,NY,40.90056,-73.90639,9174
Riverhead,NY,40.91704,-72.66204,13299
Riverside,NY,40.911,-72.655,2911
Rochester,NY,43.15478,-77.61556,209802
Rock Hill,NY,41.62593,-74.59766,1742
Rockaway Point,NY,40.56066,-73.91514,4096
Rockville Centre,NY,40.65871,-73.64124,24201
Rocky Point,NY,40.9526,-72.92538,14014
Roessleville,NY,42.69508,-73.80707,10753
Rome,NY,43.21285,-75.45573,32573
Ronkonkoma,NY,40.821,-73.143,19082
Roosevelt,NY,40.67871,-73.58902,16258
Roscoe,NY,41.93314,-74.9135,541
Rosebank,NY,40.61399,-74.06625,4152
Rosedale,NY,40.66205,-73.73541,25812
Roslyn,NY,40.79982,-73.65096,2795
Roslyn Estates,NY,40.79427,-73.66041,1265
Roslyn Harbor,NY,40.81649,-73.63707,1093
Roslyn Heights,NY,40.78871,-73.64735,6577
Rossville,NY,40.54929,-74.21019,18792
Rotterdam,NY,42.78702,-73.97096,20652
Round Lake,NY,42.93869,-73.78984,621
Rouses Point,NY,44.99393,-73.36486,2169
Rushville,NY,42.76007,-77.22637,665
Russell Gardens,NY,40.78121,-73.72458,951
Rye,NY,40.98065,-73.68374,16046
Rye Brook,NY,41.01926,-73.68346,9611
Sackets Harbor,NY,43.94617,-76.11909,1490
Sag Harbor,NY,40.99788,-72.29258,2282
Saddle Rock,NY,40.79427,-73.74847,877
Saint James,NY,40.87899,-73.15678,13338
Saint Johnsville,NY,42.99813,-74.68292,1732
Salamanca,NY,42.15784,-78.71503,5586
Salem,NY,43.1723,-73.32761,929
Salisbury,NY,40.74566,-73.56013,12093
Salisbury Mills,NY,41.43065,-74.11903,536
Sanborn,NY,43.13672,-78.88476,1645
Sand Ridge,NY,43.2559,-76.23021,849
Sands Point,NY,40.85177,-73.71874,2752
Sandy Creek,NY,43.64424,-76.08603,745
Saranac Lake,NY,44.3295,-74.13127,5274
Saratoga Springs,NY,43.08313,-73.78457,27765
Saugerties,NY,42.07759,-73.95291,3903
Savannah,NY,43.06729,-76.75968,558
Savona,NY,42.28868,-77.21831,808
Sayville,NY,40.73593,-73.08206,16853
Scarsdale,NY,41.0051,-73.78458,17885
Schaghticoke,NY,42.90008,-73.58539,588
Schenectady,NY,42.81424,-73.93957,65305
Schenevus,NY,42.54897,-74.82099,551
Schoharie,NY,42.66591,-74.30958,838
Schroon Lake,NY,43.83867,-73.76096,833
Schuylerville,NY,43.10008,-73.58178,1374
Scio,NY,42.17146,-77.97861,609
Scotchtown,NY,41.48148,-74.36015,9212
Scotia,NY,42.82647,-73.96429,7727
Scotts Corners,NY,41.18926,-73.55068,711
Scottsville,NY,43.0259,-77.74528,1977
Sea Cliff,NY,40.84899,-73.64485,5025
Seaford,NY,40.66593,-73.48818,15294
Searingtown,NY,40.77482,-73.65568,4915
Seaside,NY,40.58316,-73.82819,12754
Selden,NY,40.86649,-73.03566,19851
Seneca Falls,NY,42.91062,-76.79662,6681
Seneca Knolls,NY,43.12007,-76.28632,2011
Sharon Springs,NY,42.79591,-74.61709,528
Sheepshead Bay,NY,40.59122,-73.94458,122534
Shelter Island,NY,41.06815,-72.33869,1333
Shelter Island Heights,NY,41.08399,-72.35592,1048
Shenorock,NY,41.33176,-73.73819,1898
Sherburne,NY,42.67813,-75.49851,1332
Sherman,NY,42.15922,-79.59533,701
Sherrill,NY,43.07368,-75.59824,3066
Shinnecock Hills,NY,40.89093,-72.4637,2188
Shirley,NY,40.80149,-72.8676,27854
Shokan,NY,41.97343,-74.21209,1183
Shoreham,NY,40.95732,-72.9076,535
Shortsville,NY,42.9559,-77.22081,1429
Shrub Oak,NY,41.32759,-73.81958,2011
Sidney,NY,42.3148,-75.39157,3755
Silver Creek,NY,42.54423,-79.16671,2545
Silver Springs,NY,42.66062,-78.08556,750
Sinclairville,NY,42.26395,-79.25866,565
Skaneateles,NY,42.94701,-76.4291,2474
Sleepy Hollow,NY,41.08565,-73.85847,10242
Sloan,NY,42.89339,-78.79392,3601
Sloatsburg,NY,41.15454,-74.19292,3135
Smallwood,NY,41.66537,-74.81933,580
Smithtown,NY,40.85593,-73.20067,26470
Sodus,NY,43.23784,-77.06136,1755
Sodus Point,NY,43.27173,-76.98914,878
Solvay,NY,43.05812,-76.20743,6425
Sound Beach,NY,40.95621,-72.96788,7612
South Beach,NY,40.58329,-74.07609,8029
South Corning,NY,42.12174,-77.03719,1124
South Dayton,NY,42.36423,-79.05559,594
South Fallsburg,NY,41.708,-74.632,2870
South Farmingdale,NY,40.72066,-73.44012,14486
South Floral Park,NY,40.71427,-73.70013,1787
South Glens Falls,NY,43.29924,-73.63512,3580
South Hempstead,NY,40.68094,-73.61541,3243
South Hill,NY,42.42924,-76.49494,6673
South Huntington,NY,40.82371,-73.39873,9422
South Lockport,NY,43.15006,-78.6967,8324
South Nyack,NY,41.08315,-73.92014,3535
South Ozone Park,NY,40.6701,-73.81902,75878
South Valley Stream,NY,40.65594,-73.71763,5962
Southampton,NY,40.88427,-72.38953,3265
Southold,NY,41.06482,-72.4262,5748
Southport,NY,42.0548,-76.81912,7238
Spackenkill,NY,41.65593,-73.91347,4123
Sparkill,NY,41.03121,-73.92708,1565
Sparrow Bush,NY,41.40009,-74.72322,2097
Spencer,NY,42.2098,-76.49327,731
Spencerport,NY,43.18645,-77.8039,3589
Springfield,NY,42.83618,-74.85348,1312
Springfield Gardens,NY,40.66312,-73.76221,30515
Springs,NY,41.01621,-72.15924,6592
Springville,NY,42.5084,-78.66725,4339
Spring Valley,NY,41.11315,-74.04375,32598
Spuyten Duyvil,NY,40.88121,-73.91736,10971
Saint Bonaventure,NY,42.08034,-78.47502,2044
Stamford,NY,42.4073,-74.61432,1071
Stannards,NY,42.08646,-77.92222,798
Stapleton,NY,40.62649,-74.07764,5365
Star Lake,NY,44.15978,-75.03158,809
Staten Island,NY,40.56233,-74.13986,468730
Steinway,NY,40.77455,-73.90375,1648
Stewart Manor,NY,40.71927,-73.68846,1914
Stillwater,NY,42.93841,-73.65317,1732
Stone Ridge,NY,41.85315,-74.13903,1173
Stony Brook,NY,40.92565,-73.14094,13740
Stony Point,NY,41.22954,-73.98708,12147
Stottville,NY,42.2862,-73.73873,1375
Strykersville,NY,42.70506,-78.44835,647
Suffern,NY,41.11482,-74.14959,11001
Sunnyside,NY,40.73982,-73.93542,49833
Sunset Bay,NY,42.56311,-79.13337,660
Sylvan Beach,NY,42.46479,-77.1083,1059
Syosset,NY,40.82621,-73.50207,18829
Syracuse,NY,43.04812,-76.14742,144142
Tannersville,NY,42.19564,-74.13375,512
Tappan,NY,41.02204,-73.94736,6613
Tarrytown,NY,41.07621,-73.85875,11560
Terrace Heights,NY,40.72149,-73.7693,15421
Terryville,NY,40.90899,-73.06511,11849
Theresa,NY,44.21533,-75.79717,843
Thiells,NY,41.21065,-74.01764,5032
Thomaston,NY,40.78621,-73.71374,2639
Thornwood,NY,41.12343,-73.77902,3759
Throgs Neck,NY,40.8226,-73.81958,33683
Ticonderoga,NY,43.84867,-73.42345,3382
Tillson,NY,41.82898,-74.06848,1586
Titusville,NY,41.66759,-73.87402,811
Tivoli,NY,42.05842,-73.9093,1099
Tompkinsville,NY,40.63812,-74.07795,8343
Tonawanda,NY,43.02033,-78.88031,14907
Town Line,NY,42.89061,-78.5778,2367
Tremont,NY,40.84954,-73.90569,22870
Tribeca,NY,40.71538,-74.00931,7811
Tribes Hill,NY,42.95535,-74.28513,1003
Troy,NY,42.72841,-73.69179,49906
Trumansburg,NY,42.54229,-76.66606,1828
Tuckahoe,NY,40.95038,-73.82736,6643
Tully,NY,42.79812,-76.10937,870
Tupper Lake,NY,44.22395,-74.46406,3577
Tuxedo Park,NY,41.201,-74.21,623
Unadilla,NY,42.32536,-75.3124,1088
Union Springs,NY,42.83979,-76.69328,1175
Uniondale,NY,40.70038,-73.59291,24759
Unionport,NY,40.82732,-73.85013,23895
Unionville,NY,41.30204,-74.56155,593
University Gardens,NY,40.77732,-73.72263,4226
University Heights,NY,40.8601,-73.9093,27935
Upper Brookville,NY,40.83871,-73.56513,1753
Upper Nyack,NY,41.10704,-73.92014,2176
Upper West Side,NY,40.78705,-73.97542,226989
Utica,NY,43.1009,-75.23266,61100
Vails Gate,NY,41.45426,-74.05764,3369
Valatie,NY,42.41342,-73.67317,1911
Valhalla,NY,41.07482,-73.77513,3162
Valley Cottage,NY,41.11815,-73.95542,9107
Valley Stream,NY,40.66427,-73.70846,37962
Van Etten,NY,42.19869,-76.55244,519
Van Nest,NY,40.84843,-73.86375,23700
Vernon,NY,43.07951,-75.53934,1157
Verplanck,NY,41.25287,-73.95986,1729
Vestal,NY,42.08507,-76.05381,28043
Victor,NY,42.98256,-77.40888,2759
Victory Mills,NY,43.08785,-73.594,621
Verona,NY,43.13812,-75.57073,852
Village Green,NY,43.1334,-76.31299,3891
Village of the Branch,NY,40.85621,-73.18733,1811
Viola,NY,41.13648,-74.08236,6868
Volney,NY,43.34285,-76.35771,5801
Voorheesville,NY,42.65397,-73.92874,2832
Waddington,NY,44.8645,-75.2041,968
Wading River,NY,40.95038,-72.8426,7719
Wainscott,NY,40.93677,-72.24286,650
Wakefield,NY,40.89788,-73.85236,52201
Walden,NY,41.5612,-74.18848,6839
Walker Valley,NY,41.6337,-74.37793,853
Wallkill,NY,41.60565,-74.18404,2288
Walton,NY,42.16953,-75.12934,2930
Walton Park,NY,41.30982,-74.22904,2669
Wampsville,NY,43.07535,-75.70685,546
Wantagh,NY,40.68371,-73.51013,18871
Wanakah,NY,42.74617,-78.90309,3199
Wappingers Falls,NY,41.59648,-73.91097,5552
Warrensburg,NY,43.49674,-73.77623,3103
Warsaw,NY,42.74006,-78.13279,3376
Warwick,NY,41.25648,-74.35988,6823
Washington Heights,NY,40.8501,-73.93541,152613
Washington Mills,NY,43.05007,-75.27294,1183
Washingtonville,NY,41.42787,-74.16598,5788
Waterford,NY,42.79258,-73.68123,2037
Waterloo,NY,42.90479,-76.86274,5036
Water Mill,NY,40.91959,-72.34274,1559
Watertown,NY,43.97478,-75.91076,26780
Waterville,NY,42.93118,-75.37989,1551
Watkins Glen,NY,42.38063,-76.87329,1859
Waverly,NY,42.01035,-76.52717,4264
Wawarsing,NY,41.75898,-74.35738,12925
Webster,NY,43.21229,-77.42999,5534
Weedsport,NY,43.04868,-76.56272,1761
Wellsburg,NY,42.01619,-76.7269,555
Wellsville,NY,42.87591,-74.27235,4753
Wesley Hills,NY,41.15926,-74.06986,5935
West Albany,NY,42.68313,-73.77845,93794
West Babylon,NY,40.71816,-73.35429,43213
West Bay Shore,NY,40.70871,-73.28123,4648
West Carthage,NY,43.97423,-75.61519,2065
West Chazy,NY,44.8206,-73.50708,529
West Elmira,NY,42.07813,-76.84524,4967
West End,NY,42.46869,-75.09378,1940
West Farms,NY,40.83982,-73.87764,772
West Glens Falls,NY,43.30007,-73.68401,7071
West Haverstraw,NY,41.20954,-73.98542,10421
West Hempstead,NY,40.70482,-73.65013,18862
West Henrietta,NY,43.04006,-77.66167,11691
West Hills,NY,40.81621,-73.43234,5592
West Hurley,NY,41.99731,-74.10486,1939
West Islip,NY,40.70621,-73.30623,28335
West Nyack,NY,41.09649,-73.97292,3439
West Point,NY,41.39148,-73.95597,6763
West Sand Lake,NY,42.64341,-73.60873,2660
West Sayville,NY,40.72788,-73.09761,5011
West Seneca,NY,42.85006,-78.79975,44711
West Valley,NY,42.40284,-78.61003,518
West Winfield,NY,42.88535,-75.19322,873
Westbury,NY,40.75566,-73.58763,15379
Westerleigh,NY,40.62121,-74.13181,8927
Westfield,NY,42.32228,-79.5781,3090
Westhampton,NY,40.82454,-72.66621,3079
Westhampton Beach,NY,40.80316,-72.61454,1721
Westmere,NY,42.69119,-73.86873,7284
Weston Mills,NY,42.0759,-78.37252,1472
Westons Mills,NY,42.06229,-78.37724,1750
Westvale,NY,43.04757,-76.22048,4963
Westport,NY,44.18394,-73.43568,518
Wheatley Heights,NY,40.76371,-73.36984,5130
White Plains,NY,41.03399,-73.76291,58459
Whitehall,NY,43.55562,-73.40372,2582
Whitesboro,NY,43.12201,-75.29156,3694
Whitestone,NY,40.79455,-73.81847,36984
Whitney Point,NY,42.32896,-75.9677,941
Williamsburg,NY,40.71427,-73.95347,33000
Williamson,NY,43.22395,-77.18609,2495
Williamsville,NY,42.96395,-78.73781,5254
Williston Park,NY,40.75649,-73.64485,7331
Willowbrook,NY,40.60316,-74.13848,2930
Willsboro,NY,44.35727,-73.39207,753
Wilmington,NY,44.38838,-73.81542,937
Wilson,NY,43.30978,-78.82615,1231
Wilton,NY,43.18007,-73.74429,17361
Windsor,NY,42.07591,-75.64046,896
Winthrop,NY,44.79478,-74.78686,510
Wolcott,NY,43.22062,-76.81496,1645
Woodbury,NY,41.36454,-74.10598,10879
Woodhaven,NY,40.68927,-73.85791,36555
Woodlawn,NY,40.89816,-73.86736,7317
Woodmere,NY,40.63205,-73.71263,17121
Woodridge,NY,41.71065,-74.57433,797
Woodrow,NY,40.5415,-74.19106,21005
Woodsburgh,NY,40.62399,-73.70846,783
Woodside,NY,40.74538,-73.90541,41981
Woodstock,NY,42.04092,-74.1182,2088
Worcester,NY,42.59146,-74.75043,1113
Wurtsboro,NY,41.57676,-74.4871,1173
Wyandanch,NY,40.75399,-73.3604,11647
Wykagyl,NY,40.94149,-73.79902,14146
Wynantskill,NY,42.69675,-73.64428,3276
Yaphank,NY,40.83677,-72.91705,5945
Yonkers,NY,40.9304,-73.89789,201116
Yorkshire,NY,42.53006,-78.4728,1180
Yorktown Heights,NY,41.27093,-73.77763,1781
Yorkville,NY,43.11285,-75.271,2634
Youngstown,NY,43.24728,-79.05005,1921
Zena,NY,42.01676,-74.07625,1031
Ada,OH,40.7695,-83.82271,5811
Adena,OH,40.21868,-80.87287,730
Akron,OH,41.08144,-81.51901,197542
Alexandria,OH,40.08895,-82.61239,523
Alger,OH,40.70616,-83.84383,845
Alliance,OH,40.91534,-81.10593,22055
Amherst,OH,41.39782,-82.22238,12135
Andover,OH,41.60672,-80.5723,1119
Anna,OH,40.39449,-84.17272,1545
Ansonia,OH,40.21449,-84.6369,1150
Antwerp,OH,41.18144,-84.74051,1692
Apple Creek,OH,40.75172,-81.8393,1184
Archbold,OH,41.52144,-84.30717,4341
Arcadia,OH,41.10839,-83.51687,584
Arlington,OH,40.89366,-83.65021,1453
Ashland,OH,40.86867,-82.31822,20317
Ashley,OH,40.40895,-82.95546,1361
Ashtabula,OH,41.86505,-80.78981,18371
Attica,OH,41.06478,-82.88769,879
Atwater,OH,41.02395,-81.16343,758
Aurora,OH,41.31755,-81.34539,15838
Austinburg,OH,41.772,-80.85453,516
Austintown,OH,41.10172,-80.76452,29677
Avon,OH,41.45171,-82.03542,22544
Avon Center,OH,41.45976,-82.01959,15724
Avon Lake,OH,41.50532,-82.0282,23453
Ballville,OH,41.32783,-83.13214,2976
Baltic,OH,40.44007,-81.69902,789
Barberton,OH,41.01283,-81.60512,26234
Bay View,OH,41.43255,-82.96047,660
Bay Village,OH,41.48477,-81.92208,15402
Beach City,OH,40.65312,-81.58096,1011
Beachwood,OH,41.4645,-81.50873,11762
Bedford,OH,41.39311,-81.53651,12747
Bedford Heights,OH,41.417,-81.52734,10625
Beechwood Trails,OH,40.02367,-82.65072,3020
Bellaire,OH,40.01618,-80.74231,4189
Belle Center,OH,40.50672,-83.74799,798
Bellefontaine,OH,40.36116,-83.75966,13117
Bellevue,OH,41.27366,-82.84158,8005
Beloit,OH,40.92311,-80.9937,939
Bellville,OH,40.62006,-82.51072,1871
Bentleyville,OH,41.41311,-81.41095,857
Berea,OH,41.36616,-81.8543,18874
Bergholz,OH,40.51951,-80.88398,636
Berlin,OH,40.56117,-81.7943,898
Berlin Heights,OH,41.32533,-82.49323,690
Bethesda,OH,40.01618,-81.0726,1245
Bettsville,OH,41.24644,-83.23576,642
Bloomdale,OH,41.17255,-83.55632,692
Bloomville,OH,41.052,-83.01491,933
Bluffton,OH,40.89533,-83.88883,4161
Boardman,OH,41.02423,-80.66285,35376
Bolindale,OH,41.20728,-80.77758,2089
Bolivar,OH,40.65006,-81.45206,992
Boston Heights,OH,41.26478,-81.51317,1292
Botkins,OH,40.46783,-84.1805,1152
Bowling Green,OH,41.37477,-83.65132,31246
Bradford,OH,40.13227,-84.43078,1847
Bradner,OH,41.32422,-83.43854,1019
Bratenahl,OH,41.54255,-81.62624,1171
Brecksville,OH,41.31978,-81.62679,13440
Brewster,OH,40.707,-81.59818,2169
Briarwood Beach,OH,41.07672,-81.89625,766
Bridgeport,OH,40.06979,-80.74008,1794
Brilliant,OH,40.26479,-80.62619,1482
Brimfield,OH,41.10006,-81.3465,3343
Broadview Heights,OH,41.31394,-81.68513,19229
Brook Park,OH,41.39838,-81.80458,18809
Brookfield Center,OH,41.24061,-80.55785,1207
Brooklyn,OH,41.43977,-81.73541,10899
Brooklyn Heights,OH,41.42533,-81.68818,1543
Brookside,OH,40.07063,-80.76092,614
Brunswick,OH,41.23811,-81.8418,34689
Bryan,OH,41.47477,-84.55245,8436
Bucyrus,OH,40.80839,-82.97546,11916
Burton,OH,41.47061,-81.1451,1461
Butler,OH,40.58839,-82.42489,912
Cadiz,OH,40.27285,-80.99676,3271
Cairo,OH,40.832,-84.08606,531
Calcutta,OH,40.6734,-80.57646,3742
Caledonia,OH,40.63645,-82.96907,557
Cambridge,OH,40.03118,-81.58846,10402
Campbell,OH,41.07839,-80.59924,7982
Canal Fulton,OH,40.88978,-81.59762,5487
Canfield,OH,41.02506,-80.76091,7355
Canton,OH,40.79895,-81.37845,71885
Cardington,OH,40.50062,-82.89351,2047
Carey,OH,40.95256,-83.38242,3586
Carrollton,OH,40.57284,-81.08565,3137
Castalia,OH,41.40005,-82.80852,832
Celina,OH,40.54894,-84.57023,10387
Centerburg,OH,40.30451,-82.69628,2052
Chagrin Falls,OH,41.43616,-81.3865,4021
Chardon,OH,41.61422,-81.14899,5148
Chesterland,OH,41.52227,-81.33789,2521
Chippewa Lake,OH,41.06978,-81.90097,720
Christiansburg,OH,40.05533,-84.02605,504
Churchill,OH,41.162,-80.6648,2149
Cleveland,OH,41.4995,-81.69541,365379
Clinton,OH,40.92672,-81.6304,1214
Clyde,OH,41.30422,-82.97519,6260
Coldwater,OH,40.47977,-84.62829,4487
Collins,OH,41.25866,-82.49128,631
Collinwood,OH,41.55838,-81.56929,34220
Columbiana,OH,40.88839,-80.69396,6291
Columbus Grove,OH,40.9195,-84.05689,2063
Conneaut,OH,41.94756,-80.55424,12712
Continental,OH,41.10033,-84.26634,1119
Convoy,OH,40.91672,-84.70274,1068
Copley,OH,41.09894,-81.64457,13641
Cortland,OH,41.33033,-80.72536,6927
Coshocton,OH,40.27202,-81.85958,11121
Covington,OH,40.11727,-84.35384,2625
Craig Beach,OH,41.117,-80.98342,1143
Crestline,OH,40.78756,-82.73657,4438
Creston,OH,40.987,-81.89375,2181
Cridersville,OH,40.65422,-84.15078,1828
Curtice,OH,41.61838,-83.36771,1526
Cuyahoga Falls,OH,41.13394,-81.48456,49146
Cuyahoga Heights,OH,41.43533,-81.65735,617
Cygnet,OH,41.24005,-83.64327,617
Dalton,OH,40.79894,-81.69541,1850
Danville,OH,40.44756,-82.26016,1018
De Graff,OH,40.312,-83.91577,1263
Defiance,OH,41.28449,-84.35578,16776
Delaware,OH,40.29867,-83.06797,37995
Delphos,OH,40.84338,-84.34162,7023
Delta,OH,41.57366,-84.00522,3121
Dennison,OH,40.3934,-81.33372,2640
Deshler,OH,41.20755,-83.89911,1781
Dover,OH,40.52062,-81.47401,12899
Doylestown,OH,40.97005,-81.69652,3075
Dresden,OH,40.12146,-82.01069,1706
Dublin,OH,40.09923,-83.11408,45098
Dunkirk,OH,40.78922,-83.64326,862
East Canton,OH,40.78728,-81.28261,1600
East Cleveland,OH,41.53311,-81.57901,17344
East Liverpool,OH,40.61868,-80.57729,10846
East Sparta,OH,40.66728,-81.35483,804
East Palestine,OH,40.83395,-80.54035,4576
Eastlake,OH,41.65394,-81.45039,18232
Eaton Estates,OH,41.30894,-82.0057,1222
Edgerton,OH,41.44866,-84.74801,1982
Edgewood,OH,41.87283,-80.77286,4432
Edon,OH,41.55644,-84.76885,818
Elida,OH,40.78866,-84.20384,1858
Elmore,OH,41.47616,-83.29576,1393
Elyria,OH,41.36838,-82.10765,53775
Euclid,OH,41.5931,-81.52679,47676
Fairlawn,OH,41.12783,-81.60984,7413
Fairport Harbor,OH,41.75004,-81.27399,3096
Fairview Park,OH,41.44144,-81.8643,16407
Fayette,OH,41.67338,-84.32689,1268
Findlay,OH,41.04422,-83.64993,41149
Flushing,OH,40.14951,-81.06621,863
Forest,OH,40.80172,-83.51048,1441
Fort Loramie,OH,40.35144,-84.37384,1491
Fort Recovery,OH,40.41282,-84.77635,1429
Fort Shawnee,OH,40.68672,-84.13773,3726
Fostoria,OH,41.157,-83.41687,13167
Frazeysburg,OH,40.11729,-82.11931,1322
Fredericktown,OH,40.48117,-82.54072,2488
Fremont,OH,41.35033,-83.12186,16297
Gahanna,OH,40.01923,-82.87934,34590
Galena,OH,40.21506,-82.8799,698
Galion,OH,40.73367,-82.7899,10127
Gambier,OH,40.37562,-82.3971,2437
Garfield Heights,OH,41.417,-81.60596,28097
Garrettsville,OH,41.28422,-81.09649,2328
Gates Mills,OH,41.51755,-81.40345,2235
Geneva-on-the-Lake,OH,41.8595,-80.95398,1214
Gettysburg,OH,40.11144,-84.49523,505
Gibsonburg,OH,41.3845,-83.32048,2564
Girard,OH,41.15395,-80.70147,9599
Glandorf,OH,41.02894,-84.07911,1006
Glenmoor,OH,40.66617,-80.62313,1987
Glenville,OH,41.53338,-81.61735,23559
Glenwillow,OH,41.36172,-81.46956,926
Gnadenhutten,OH,40.3584,-81.43428,1289
Grafton,OH,41.27255,-82.05459,6165
Grand Rapids,OH,41.412,-83.86439,999
Granville,OH,40.06812,-82.5196,5747
Green,OH,40.94589,-81.48317,25898
Green Springs,OH,41.25616,-83.05158,1332
Greensburg,OH,40.93172,-81.46484,3306
Greentown,OH,40.92756,-81.40261,3804
Greenville,OH,40.10283,-84.63301,13006
Greenwich,OH,41.03005,-82.51573,1429
Hamler,OH,41.22922,-84.03411,568
Hanover,OH,40.07979,-82.26098,1131
Hartville,OH,40.96367,-81.33122,2968
Haskins,OH,41.46477,-83.70605,1232
Heath,OH,40.02284,-82.4446,10489
Hicksville,OH,41.29311,-84.7619,3457
Highland Heights,OH,41.552,-81.47845,8396
Highland Hills,OH,41.44839,-81.51901,961
Hilliard,OH,40.0334,-83.15825,33649
Hilltop,OH,41.16367,-80.7373,532
Hiram,OH,41.31256,-81.14371,1263
Holgate,OH,41.24894,-84.133,1096
Holland,OH,41.62172,-83.7116,1699
Hopedale,OH,40.32535,-80.9012,927
Hough,OH,41.512,-81.63652,16359
Howland Center,OH,41.25117,-80.74536,6351
Hubbard,OH,41.15645,-80.56924,7650
Huber Ridge,OH,40.08867,-82.91657,4604
Hudson,OH,41.24006,-81.44067,22437
Hunting Valley,OH,41.48922,-81.40178,720
Huron,OH,41.39505,-82.55517,7022
Independence,OH,41.36866,-81.6379,7135
Jackson Center,OH,40.43949,-84.04022,1453
Jefferson,OH,41.73867,-80.76981,3041
Jeromesville,OH,40.80422,-82.19571,562
Jewett,OH,40.36784,-81.00537,671
Johnstown,OH,40.15367,-82.68517,4918
Kalida,OH,40.98283,-84.19939,1562
Kent,OH,41.15367,-81.35789,29810
Kenton,OH,40.647,-83.60965,8211
Killbuck,OH,40.49506,-81.98459,843
Kidron,OH,40.74089,-81.74485,944
Kirtland,OH,41.62894,-81.3615,6793
Kirtland Hills,OH,41.62394,-81.30705,641
La Croft,OH,40.6459,-80.59785,1144
La Rue,OH,40.57645,-83.38464,717
Lagrange,OH,41.23728,-82.11987,2103
Lake Mohawk,OH,40.66673,-81.19927,1652
Lakemore,OH,41.02089,-81.43595,3048
Lakeside,OH,41.54311,-82.74907,694
Lakeview,OH,40.48477,-83.923,1047
Lakewood,OH,41.48199,-81.79819,50656
Lansing,OH,40.07563,-80.79009,634
Leavittsburg,OH,41.24783,-80.87703,1973
Leetonia,OH,40.87728,-80.75536,1904
Leipsic,OH,41.09838,-83.98467,2032
Lewis Center,OH,40.1984,-83.01018,11261
Lexington,OH,40.67867,-82.58239,4731
Liberty Center,OH,41.44338,-84.00883,1154
Lima,OH,40.74255,-84.10523,37873
Lodi,OH,41.03339,-82.01209,2768
Lorain,OH,41.45282,-82.18237,63647
Lordstown,OH,41.16561,-80.85758,3300
Loudonville,OH,40.63534,-82.23321,2625
Louisville,OH,40.83728,-81.25955,9126
Lowellville,OH,41.03534,-80.53646,1107
Lucas,OH,40.70506,-82.41822,604
Luckey,OH,41.45061,-83.48743,1050
Lyndhurst,OH,41.52005,-81.48873,13691
Lyons,OH,41.6995,-84.07022,550
Macedonia,OH,41.31367,-81.50845,11686
Madison,OH,41.77116,-81.04982,3182
Magnolia,OH,40.65117,-81.299,973
Malvern,OH,40.69173,-81.18121,1155
Mansfield,OH,40.75839,-82.51545,46830
Mantua,OH,41.28394,-81.22399,1021
Maple Heights,OH,41.41533,-81.56596,22631
Maple Ridge,OH,40.92311,-81.05093,761
Marblehead,OH,41.54033,-82.73546,888
Marion,OH,40.58867,-83.12852,36363
Marne,OH,40.07118,-82.30932,783
Marshallville,OH,40.90228,-81.73402,760
Martins Ferry,OH,40.09591,-80.72453,6786
Marysville,OH,40.23645,-83.36714,22817
Massillon,OH,40.79672,-81.52151,32252
Masury,OH,41.21117,-80.53785,2064
Maumee,OH,41.56283,-83.65382,13940
Mayfield Heights,OH,41.51922,-81.4579,18840
McClure,OH,41.37144,-83.94189,709
McComb,OH,41.10755,-83.79271,1644
McDonald,OH,41.16367,-80.72424,3152
McKinley Heights,OH,41.18367,-80.7173,1060
Mechanicsburg,OH,40.072,-83.55631,1599
Medina,OH,41.13839,-81.86375,26339
Mendon,OH,40.67338,-84.51884,650
Mentor,OH,41.66616,-81.33955,46901
Mentor-on-the-Lake,OH,41.70504,-81.36039,7443
Metamora,OH,41.71172,-83.90966,613
Meyers Lake,OH,40.81256,-81.4165,573
Middle Point,OH,40.8556,-84.44717,565
Middleburg Heights,OH,41.36144,-81.81291,15696
Middlefield,OH,41.462,-81.07371,2693
Midvale,OH,40.43784,-81.37317,749
Milan,OH,41.29755,-82.60545,1347
Milford Center,OH,40.17867,-83.43548,823
Millbury,OH,41.56616,-83.42465,1249
Millersburg,OH,40.55451,-81.91792,3151
Mineral City,OH,40.60117,-81.36122,723
Mineral Ridge,OH,41.14006,-80.76897,3892
Minerva,OH,40.72978,-81.10538,3678
Minerva Park,OH,40.07645,-82.94379,1318
Mingo Junction,OH,40.32174,-80.6098,3324
Minster,OH,40.3931,-84.37606,2845
Mogadore,OH,41.04645,-81.39789,3909
Monroeville,OH,41.24422,-82.69629,1370
Montpelier,OH,41.5845,-84.60551,3993
Moreland Hills,OH,41.44783,-81.42762,3307
Morgandale,OH,41.26561,-80.78286,1224
Mount Gilead,OH,40.54923,-82.8274,3653
Mount Vernon,OH,40.3934,-82.48572,16742
Mount Victory,OH,40.5345,-83.52048,622
Munroe Falls,OH,41.1445,-81.43983,5019
Napoleon,OH,41.39227,-84.12522,8595
Navarre,OH,40.7245,-81.52207,1922
Neffs,OH,40.02729,-80.81509,993
Nevada,OH,40.81922,-83.13047,740
New Albany,OH,40.08117,-82.80879,9879
New Bremen,OH,40.43699,-84.37967,2964
New California,OH,40.15617,-83.23658,1411
New Franklin,OH,40.94172,-81.54151,14275
New Knoxville,OH,40.49366,-84.31467,867
New London,OH,41.08505,-82.39989,2381
New Middletown,OH,40.96117,-80.55757,1576
New Philadelphia,OH,40.48979,-81.44567,17484
New Washington,OH,40.96228,-82.85435,936
New Waterford,OH,40.84506,-80.61452,1202
Newark,OH,40.05812,-82.40126,47986
Newburgh Heights,OH,41.45005,-81.66346,2096
Newcomerstown,OH,40.27229,-81.60595,3794
Newton Falls,OH,41.18839,-80.97815,4654
Niles,OH,41.18284,-80.76536,18651
North Baltimore,OH,41.18283,-83.67827,3545
North Canton,OH,40.87589,-81.40234,17441
North Fairfield,OH,41.10394,-82.61184,537
North Kingsville,OH,41.90589,-80.69036,2839
North Lewisburg,OH,40.22311,-83.55743,1445
North Madison,OH,41.825,-81.056,8547
North Olmsted,OH,41.4156,-81.92347,32004
North Perry,OH,41.80851,-81.11944,892
North Randall,OH,41.43478,-81.52568,1007
North Ridgeville,OH,41.38949,-82.01903,32483
North Royalton,OH,41.31366,-81.72457,30311
Northfield,OH,41.34505,-81.52845,3637
Northwood,OH,40.47283,-83.73243,5469
Norton,OH,41.02922,-81.63818,12036
Norwalk,OH,41.24255,-82.61573,16827
Oak Harbor,OH,41.50672,-83.14659,2715
Ohio City,OH,41.48422,-81.71124,747
Oberlin,OH,41.29394,-82.21738,8350
Olmsted Falls,OH,41.37505,-81.90819,8889
Ontario,OH,40.7595,-82.59017,6111
Orange,OH,41.44978,-81.48067,3277
Oregon,OH,41.64366,-83.48688,20102
Orrville,OH,40.84367,-81.76402,8491
Orwell,OH,41.53506,-80.86814,1609
Ostrander,OH,40.26617,-83.21269,688
Ottawa,OH,41.01922,-84.04717,4398
Ottawa Hills,OH,41.66422,-83.64327,4443
Ottoville,OH,40.93227,-84.33884,971
Painesville,OH,41.72449,-81.24566,19776
Pandora,OH,40.94811,-83.96105,1149
Parma,OH,41.40477,-81.72291,79937
Parma Heights,OH,41.39005,-81.75958,20246
Paulding,OH,41.13811,-84.58051,3488
Payne,OH,41.07755,-84.72718,1155
Pemberville,OH,41.41089,-83.46104,1423
Peninsula,OH,41.24117,-81.55262,571
Pepper Pike,OH,41.47839,-81.46373,6204
Perry,OH,41.76033,-81.14093,1627
Perry Heights,OH,40.79534,-81.47345,8441
Perrysburg,OH,41.557,-83.62716,21423
Perrysville,OH,40.65756,-82.31155,723
Pigeon Creek,OH,41.11089,-81.6729,882
Pioneer,OH,41.68005,-84.55301,1401
Piqua,OH,40.14477,-84.24244,20790
Plain City,OH,40.10756,-83.26742,4302
Pleasant Hill,OH,40.05172,-84.34439,1219
Plymouth,OH,40.99561,-82.66712,1802
Poland,OH,41.02423,-80.6148,2484
Port Clinton,OH,41.512,-82.93769,5957
Port Washington,OH,40.32812,-81.52067,570
Portage Lakes,OH,41.00728,-81.52706,6968
Powell,OH,40.15784,-83.07519,12972
Prospect,OH,40.45034,-83.18853,1070
Quincy,OH,40.29922,-83.96883,687
Ravenna,OH,41.15756,-81.24205,11619
Rawson,OH,40.95894,-83.7841,577
Reminderville,OH,41.34589,-81.39511,3976
Republic,OH,41.122,-83.01575,537
Richfield,OH,41.23978,-81.63818,3702
Richmond Heights,OH,41.55283,-81.51012,10469
Richville,OH,40.75117,-81.4779,3324
Richwood,OH,40.42645,-83.29686,2281
Risingsun,OH,41.2695,-83.42493,628
Rittman,OH,40.97811,-81.78208,6580
Riverlea,OH,40.08201,-83.02518,569
Roaming Shores,OH,41.64311,-80.82342,1477
Rock Creek,OH,41.66033,-80.86064,515
Rockford,OH,40.68783,-84.64663,1107
Rocky River,OH,41.4756,-81.8393,20376
Rossford,OH,41.60977,-83.56438,6512
Rushsylvania,OH,40.46144,-83.66993,502
Russells Point,OH,40.47116,-83.89272,1360
Russia,OH,40.23449,-84.40939,656
Saint Clairsville,OH,40.08063,-80.90009,5184
Saint Henry,OH,40.41755,-84.63968,2427
Saint Marys,OH,40.54227,-84.3894,8332
Saint Paris,OH,40.12839,-83.95966,2089
Salem,OH,40.90089,-80.85675,12003
Salineville,OH,40.62256,-80.83786,1273
Sandusky,OH,41.44894,-82.70796,25212
Sawyerwood,OH,41.03783,-81.44095,1540
Scio,OH,40.3959,-81.08482,742
Sebring,OH,40.92284,-81.01898,4266
Seven Hills,OH,41.39533,-81.67624,11690
Seville,OH,41.01006,-81.86236,2340
Shaker Heights,OH,41.47394,-81.53707,27646
Sheffield,OH,41.42115,-82.09626,3982
Sheffield Lake,OH,41.48754,-82.10154,9026
Shelby,OH,40.88145,-82.66184,9058
Shreve,OH,40.68145,-82.02181,1497
Sidney,OH,40.28422,-84.1555,20858
Silver Lake,OH,41.15895,-81.45428,2523
Smithfield,OH,40.2709,-80.78147,835
Smithville,OH,40.86228,-81.8618,1269
Solon,OH,41.38978,-81.44123,23043
South Amherst,OH,41.35588,-82.25377,1668
South Canal,OH,41.17728,-80.98676,1100
South Euclid,OH,41.52311,-81.51846,21794
South Russell,OH,41.43144,-81.36539,3826
Spencer,OH,41.10033,-82.12321,764
Spencerville,OH,40.70894,-84.35356,2200
Steubenville,OH,40.36979,-80.63396,18219
Stony Prairie,OH,41.345,-83.141,1284
Stow,OH,41.1595,-81.44039,34797
Strasburg,OH,40.59478,-81.52679,2679
Streetsboro,OH,41.23922,-81.34594,16312
Strongsville,OH,41.3145,-81.83569,44668
Struthers,OH,41.05256,-80.60785,10375
Stryker,OH,41.50366,-84.41412,1309
Sugarcreek,OH,40.50312,-81.64096,2234
Sunbury,OH,40.24256,-82.85907,5097
Swanton,OH,41.58866,-83.89105,3886
Sycamore,OH,40.94978,-83.17075,837
Sylvania,OH,41.71894,-83.71299,18965
Tallmadge,OH,41.10145,-81.44178,17512
Tiffin,OH,41.1145,-83.17797,17687
Tiltonsville,OH,40.16674,-80.6998,1320
Timberlake,OH,41.66588,-81.44317,660
Toledo,OH,41.66394,-83.55521,265638
Toronto,OH,40.46423,-80.60091,4882
Troy,OH,40.0395,-84.20328,25659
Tuscarawas,OH,40.39479,-81.40706,1056
Twinsburg,OH,41.31256,-81.44011,18872
Uhrichsville,OH,40.39312,-81.3465,5404
Uniontown,OH,40.97506,-81.40817,3309
University Heights,OH,41.49783,-81.53735,13202
Upper Sandusky,OH,40.82728,-83.28131,6527
Urbana,OH,40.10839,-83.75243,11547
Utica,OH,40.23423,-82.45127,2196
Vermilion,OH,41.42199,-82.36461,10434
Van Wert,OH,40.86949,-84.58412,10798
Vermilion-on-the-Lake,OH,41.42838,-82.32377,11006
Versailles,OH,40.22255,-84.4844,2643
Wadsworth,OH,41.02561,-81.72985,21860
Wakeman,OH,41.2545,-82.39961,1032
Walbridge,OH,41.58783,-83.49327,3109
Walnut Creek,OH,40.54145,-81.7218,878
Walton Hills,OH,41.36561,-81.56123,2245
Wapakoneta,OH,40.56783,-84.19356,9823
Warrensville Heights,OH,41.43505,-81.53623,13542
Warsaw,OH,40.33535,-82.00681,674
Washingtonville,OH,40.90034,-80.76397,777
Waterville,OH,41.50089,-83.71827,5514
Warren,OH,41.23756,-80.81842,40245
Wauseon,OH,41.54922,-84.14161,7316
Wayne,OH,41.30144,-83.47354,898
Wayne Lakes Park,OH,40.0231,-84.6619,718
Waynesburg,OH,40.96033,-82.7924,968
Waynesfield,OH,40.60061,-83.97522,847
Wellington,OH,41.16894,-82.21794,4852
Wellsville,OH,40.60284,-80.64896,3410
West Hill,OH,41.23283,-80.51924,2273
West Lafayette,OH,40.27535,-81.75096,2286
West Liberty,OH,40.25228,-83.75577,1775
West Mansfield,OH,40.402,-83.54521,667
West Salem,OH,40.97144,-82.10987,1487
West Unity,OH,41.58616,-84.43495,1645
Westerville,OH,40.12617,-82.92907,38384
Westfield Center,OH,41.02644,-81.9332,1134
Westlake,OH,41.45532,-81.91792,32428
Weston,OH,41.34477,-83.79716,1638
Whitehouse,OH,41.51894,-83.80383,4462
Wickliffe,OH,41.60533,-81.45345,12545
Willard,OH,41.05311,-82.72629,6063
Willoughby,OH,41.63977,-81.4065,22631
Willoughby Hills,OH,41.59838,-81.41845,9382
Willowick,OH,41.6331,-81.46873,13957
Windham,OH,41.23506,-81.04926,2205
Wintersville,OH,40.37535,-80.70369,3795
Wolfhurst,OH,40.06924,-80.7837,1239
Woodmere,OH,41.46228,-81.48067,864
Woodville,OH,41.45144,-83.36576,2083
Wooster,OH,40.80517,-81.93646,26749
Worthington,OH,40.09312,-83.01796,14498
Yorkville,OH,40.15452,-80.71036,1044
Youngstown,OH,41.09978,-80.64952,64628
Aaronsburg,PA,40.89979,-77.45332,613
Abington,PA,40.12067,-75.11795,55310
Academy Garden,PA,40.06178,-74.99628,5437
Ackermanville,PA,40.83926,-75.21935,610
Acme,PA,40.12674,-79.42865,3833
Adamstown,PA,40.2412,-76.05633,1840
Akron,PA,40.15676,-76.20217,3993
Albion,PA,40.95895,-78.94698,1553
Alburtis,PA,40.51093,-75.60297,2519
Aliquippa,PA,40.63673,-80.24006,9197
Allegheny West,PA,40.00845,-75.17796,14249
Alleghenyville,PA,40.23426,-75.98855,1134
Allen Lane,PA,40.0565,-75.1974,3895
Allenport,PA,40.37369,-77.87,648
Allentown,PA,40.60843,-75.49018,120207
Allensville,PA,40.53591,-77.81694,503
Allison Park,PA,40.55951,-79.95867,21552
Almedia,PA,41.01453,-76.38105,1078
Altamont,PA,40.7862,-76.22494,602
Altoona,PA,40.51868,-78.39474,45344
Ambler,PA,40.15455,-75.22157,6505
Ambridge,PA,40.58923,-80.22506,6859
Amity Gardens,PA,40.27426,-75.73519,3402
Ancient Oaks,PA,40.54732,-75.58935,6661
Andorra,PA,40.07261,-75.23129,2619
Annville,PA,40.32954,-76.51524,4767
Apollo,PA,40.58145,-79.56643,1588
Archbald,PA,41.4948,-75.53685,6960
Ardmore,PA,40.00678,-75.28546,12455
Arlington Heights,PA,40.99009,-75.21629,6333
Arnold,PA,40.58007,-79.76672,4988
Ashland,PA,40.78175,-76.34578,2734
Ashley,PA,41.21036,-75.89659,2726
Aspinwall,PA,40.49146,-79.90477,2763
Athens,PA,41.9573,-76.518,3255
Atlas,PA,40.79981,-76.42773,809
Auburn,PA,40.59842,-76.09327,722
Audubon,PA,40.12788,-75.43185,8433
Austin,PA,41.63118,-78.09139,550
Avalon,PA,40.5009,-80.06756,4642
Avella,PA,40.27507,-80.46062,804
Avis,PA,41.18479,-77.31386,1508
Avoca,PA,41.3398,-75.7363,2661
Avon,PA,40.34565,-76.38996,1667
Avonia,PA,42.04561,-80.26979,1205
Avonmore,PA,40.52895,-79.46143,982
Back Mountain,PA,41.33591,-75.99631,26973
Baden,PA,40.63507,-80.22812,4037
Baidland,PA,40.19479,-79.97088,1563
Bainbridge,PA,40.09093,-76.66747,1355
Bairdford,PA,40.63118,-79.88144,698
Bakerstown,PA,40.6509,-79.93644,1761
Bala Cynwyd,PA,40.00761,-75.23407,9299
Baldwin,PA,40.33813,-79.97894,19819
Bally,PA,40.40232,-75.58713,1103
Bangor,PA,40.86565,-75.20657,5203
Barnesboro,PA,40.66257,-78.78003,2534
Bath,PA,40.72565,-75.39407,2667
Bear Rocks,PA,40.12285,-79.4617,1048
Beaver,PA,40.69534,-80.30478,4420
Beaver Falls,PA,40.75201,-80.31923,8661
Beaver Meadows,PA,40.92814,-75.91464,842
Beaver Springs,PA,40.74619,-77.20943,674
Beaverdale,PA,40.32202,-78.69696,1035
Beavertown,PA,40.75369,-77.16943,973
Bechtelsville,PA,40.37343,-75.62908,941
Bedford,PA,40.01869,-78.50391,2742
Bedminster,PA,40.42594,-75.17906,8402
Beech Creek,PA,41.0759,-77.5886,700
Bell Acres,PA,40.59007,-80.16645,1395
Belfast,PA,40.78065,-75.27796,1257
Belle Vernon,PA,40.12507,-79.86644,1073
Bellefonte,PA,40.91339,-77.77833,6248
Belleville,PA,40.60507,-77.72555,1827
Bellevue,PA,40.49396,-80.05172,8252
Bellwood,PA,40.6034,-78.32474,1828
Ben Avon,PA,40.50812,-80.08311,1777
Bensalem,PA,40.10455,-74.95128,60427
Benton,PA,41.19508,-76.38355,831
Bentleyville,PA,40.11674,-80.00839,2525
Bernville,PA,40.43343,-76.11216,951
Berwyn,PA,40.04483,-75.43881,3631
Bessemer,PA,40.97478,-80.49368,1072
Berwick,PA,41.05453,-76.23327,10223
Bethel Park,PA,40.32757,-80.0395,32118
Bethlehem,PA,40.62593,-75.37046,74892
Big Beaver,PA,40.82451,-80.36284,1923
Big Run,PA,40.96701,-78.87837,613
Birchwood Lakes,PA,41.25454,-74.9185,1386
Birdsboro,PA,40.26454,-75.80409,5159
Black Lick,PA,40.4725,-79.18688,1462
Blairsville,PA,40.43118,-79.26087,3321
Blakely,PA,41.48091,-75.59463,6334
Blanchard,PA,41.06423,-77.59777,740
Blandon,PA,40.4412,-75.88687,7152
Blawnox,PA,40.4934,-79.86061,1416
Bloomfield,PA,40.4609,-79.95089,1095
Bloomsburg,PA,41.0037,-76.45495,14585
Blossburg,PA,41.67952,-77.06386,1516
Blue Ball,PA,40.11871,-76.04717,1031
Blue Bell,PA,40.15233,-75.26629,6067
Blue Grass,PA,40.06567,-75.02739,6382
Boalsburg,PA,40.77562,-77.7925,3722
Boiling Springs,PA,40.14981,-77.12831,3225
Boston,PA,40.31201,-79.8231,545
Boswell,PA,40.16147,-79.02892,1224
Bowmanstown,PA,40.79982,-75.66185,884
Bowmansville,PA,40.19676,-76.01744,2077
Boyertown,PA,40.33371,-75.63741,4046
Brackenridge,PA,40.60812,-79.74116,3211
Braddock,PA,40.4034,-79.86838,2128
Braddock Hills,PA,40.41729,-79.86505,1861
Bradenville,PA,40.32146,-79.34004,545
Bradford,PA,41.9559,-78.64392,8507
Bradford Woods,PA,40.63757,-80.08172,1171
Brentwood,PA,40.37063,-79.97477,9512
Bressler,PA,40.22953,-76.81997,1437
Breinigsville,PA,40.53676,-75.6313,4138
Briar Creek,PA,41.04592,-76.28216,681
Brickerville,PA,40.22593,-76.30246,1309
Bridesburg,PA,40.00039,-75.06962,6573
Bridgeport,PA,40.10511,-75.34518,4564
Bridgeville,PA,40.35618,-80.11006,5092
Bridgewater,PA,40.70534,-80.30117,693
Bristol,PA,40.10067,-74.85183,9569
Brockway,PA,41.24923,-78.79947,2040
Brodheadsville,PA,40.92454,-75.39379,1800
Brookville,PA,41.16117,-79.08309,3868
Brownstown,PA,40.12371,-76.21384,2816
Brownsville,PA,40.02369,-79.88394,2292
Browntown,PA,41.3098,-75.78742,1418
Bruin,PA,41.05478,-79.72672,505
Bryn Athyn,PA,40.1315,-75.06739,1392
Bryn Mawr,PA,40.30396,-80.08672,5009
Burgettstown,PA,40.38201,-80.39284,1352
Burnham,PA,40.63868,-77.56861,2018
Bustleton,PA,40.08261,-75.03156,32655
Butler,PA,40.86118,-79.89533,13289
Cairnbrook,PA,40.11897,-78.81808,520
California,PA,40.06563,-79.89171,6608
Calumet,PA,40.2109,-79.48532,1241
Cambridge Springs,PA,41.80367,-80.05644,2538
Camp Hill,PA,40.23981,-76.91997,7923
Campbelltown,PA,40.27759,-76.58525,3616
Canadensis,PA,41.19204,-75.25129,2164
Canadohta Lake,PA,41.81367,-79.83477,516
Canonsburg,PA,40.26257,-80.18728,8922
Canton,PA,41.65646,-76.85329,1920
Carbondale,PA,41.57369,-75.50185,8566
Carlisle,PA,40.20148,-77.18887,19143
Carpenter,PA,40.05233,-75.20018,5300
Carrolltown,PA,40.60285,-78.70863,817
Castanea,PA,41.12479,-77.4297,1125
Castle Shannon,PA,40.36479,-80.02228,8235
Catasauqua,PA,40.65482,-75.47463,6525
Catawissa,PA,40.95203,-76.45967,1514
Cedarbrook,PA,40.07799,-75.17675,12219
Cementon,PA,40.68926,-75.50768,1538
Center Valley,PA,40.52927,-75.39324,711
Centerville,PA,40.04535,-79.97561,3191
Central City,PA,40.11063,-78.80197,1073
Centre Hall,PA,40.84756,-77.68611,1243
Cetronia,PA,40.58676,-75.52963,2115
Chalfant,PA,40.40868,-79.83894,791
Chalfont,PA,40.28844,-75.20906,4069
Charleroi,PA,40.13785,-79.8981,4015
Cheltenham,PA,40.06094,-75.09406,4810
Cherryville,PA,40.75398,-75.53852,1580
Chester Hill,PA,40.88978,-78.22835,859
Chester Springs,PA,40.0951,-75.61687,7520
Chesterbrook,PA,40.07566,-75.45908,4589
Chestnut Hill,PA,40.07706,-75.2074,9710
Cheswick,PA,40.54173,-79.79922,1730
Chevy Chase Heights,PA,40.63673,-79.1442,1502
Chicora,PA,40.94812,-79.74283,1006
Chinchilla,PA,41.47508,-75.67713,2098
Church Hill,PA,40.68201,-77.59861,1627
Churchill,PA,40.4384,-79.8431,2979
Churchville,PA,40.194,-75.004,4128
Clairton,PA,40.29229,-79.88171,6681
Clarence,PA,41.04811,-77.94028,626
Clarion,PA,41.21479,-79.38532,6089
Clark,PA,41.28617,-80.42757,630
Clarks Green,PA,41.49286,-75.69964,1476
Clarks Summit,PA,41.48869,-75.70852,4950
Clay,PA,40.21843,-76.25551,1559
Claysburg,PA,40.29674,-78.44974,1625
Claysville,PA,40.11785,-80.41034,810
Clearfield,PA,41.02728,-78.43919,6030
Cleona,PA,40.33731,-76.47552,2135
Clymer,PA,40.66812,-79.0117,1315
Coaldale,PA,40.82287,-75.90687,2197
Coalport,PA,40.74784,-78.53447,507
Cochranton,PA,41.52005,-80.04839,1109
Cokeburg,PA,40.10118,-80.06728,618
Collegeville,PA,40.18566,-75.45157,5287
Collinsburg,PA,40.22424,-79.76838,1125
Colonial Park,PA,40.30064,-76.80969,13229
Columbia,PA,40.03371,-76.50441,10388
Columbia Cross Roads,PA,41.83591,-76.8019,600
Columbus,PA,41.94089,-79.58172,824
Colver,PA,40.5434,-78.7878,959
Conemaugh,PA,40.326,-78.897,1350
Conashaugh Lakes,PA,41.30593,-74.98962,1294
Conneaut Lake,PA,41.60339,-80.30534,635
Conneautville,PA,41.75783,-80.36784,751
Connellsville,PA,40.01785,-79.58948,7515
Connoquenessing,PA,40.81784,-80.01423,618
Conshohocken,PA,40.07928,-75.30157,7956
Conway,PA,40.65979,-80.23923,2150
Conyngham,PA,40.99203,-76.05659,1881
Coopersburg,PA,40.51149,-75.39046,2421
Coplay,PA,40.6701,-75.49546,3229
Coraopolis,PA,40.5184,-80.16672,5590
Cornwall,PA,40.2737,-76.40607,4226
Cornwells Heights,PA,40.07678,-74.94878,1391
Corry,PA,41.92033,-79.64033,6420
Coudersport,PA,41.77479,-78.02056,2482
Courtdale,PA,41.28008,-75.91214,735
Crafton,PA,40.43507,-80.06617,5876
Cranesville,PA,41.90506,-80.34368,614
Cresco,PA,41.15398,-75.28046,4240
Cresson,PA,40.45979,-78.59168,1633
Cressona,PA,40.62676,-76.19272,1625
Croydon,PA,40.08733,-74.9035,9950
Curtisville,PA,40.64229,-79.85089,1064
Curwensville,PA,40.97561,-78.52502,2474
Dale,PA,40.31285,-78.90419,1174
Dallas,PA,41.33619,-75.96325,2783
Dalton,PA,41.53424,-75.73603,1209
Danville,PA,40.96342,-76.61273,4689
Dauberville,PA,40.4637,-75.98188,848
Dauphin,PA,40.36731,-76.93109,791
Davidsville,PA,40.22702,-78.93641,1130
Dayton,PA,40.88034,-79.24198,530
Deemston,PA,40.02591,-80.03033,716
Deer Lake,PA,40.62509,-76.06049,673
Delaware Water Gap,PA,40.97926,-75.14296,713
Delmont,PA,40.41312,-79.57032,2640
Derry,PA,40.33396,-79.29976,2594
Denver,PA,40.23315,-76.13717,3875
Devon,PA,40.04928,-75.42908,1515
Dewart,PA,41.10925,-76.87663,1471
Dickson City,PA,41.47147,-75.60769,5877
Dillsburg,PA,40.11093,-77.03498,2569
Donora,PA,40.1734,-79.85755,4663
Dormont,PA,40.3959,-80.03311,8465
Dorneyville,PA,40.5751,-75.51963,4406
Dover,PA,40.00176,-76.85025,1991
Downingtown,PA,40.0065,-75.70327,7946
Doylestown,PA,40.31011,-75.12989,8301
Dravosburg,PA,40.35063,-79.88616,1763
Dresher,PA,40.14094,-75.16684,5610
DuBois,PA,41.11923,-78.76003,7597
Dublin,PA,40.37177,-75.20156,2169
Duboistown,PA,41.22258,-77.03691,1208
Duncannon,PA,40.39814,-77.02303,1487
Duncansville,PA,40.42341,-78.4339,1204
Dunmore,PA,41.4198,-75.63241,13379
Dunnstown,PA,41.1459,-77.42137,1360
Dupont,PA,41.32508,-75.74547,2714
Duquesne,PA,40.38146,-79.85977,5535
Duryea,PA,41.34397,-75.73853,4933
Dushore,PA,41.52424,-76.40077,592
Eagleville,PA,40.15955,-75.40824,4800
Earlston,PA,40.00619,-78.37001,1122
East Bangor,PA,40.87954,-75.18379,1566
East Berwick,PA,41.06203,-76.22243,2007
East Brady,PA,40.9859,-79.6131,911
East Butler,PA,40.87784,-79.84644,706
East Conemaugh,PA,40.34868,-78.88364,1159
East Earl,PA,40.1101,-76.03272,1144
East Falls,PA,40.01456,-75.19157,9631
East Freedom,PA,40.35757,-78.42974,972
East Greenville,PA,40.40649,-75.50185,2985
East McKeesport,PA,40.38312,-79.80644,2108
East Oak Lane,PA,40.05011,-75.13295,9941
East Petersburg,PA,40.1001,-76.35413,4525
East Pittsburgh,PA,40.39562,-79.83866,1794
East Rochester,PA,40.70007,-80.26812,550
East Stroudsburg,PA,40.99954,-75.18129,10140
East Vandergrift,PA,40.59812,-79.56116,652
East Washington,PA,40.17368,-80.23756,1966
Eastlawn Gardens,PA,40.75065,-75.29573,3307
Easton,PA,40.68843,-75.22073,26915
Ebensburg,PA,40.48507,-78.72474,3203
Economy,PA,40.60007,-80.22478,9363
Eddington,PA,40.08456,-74.94489,1906
Edenburg,PA,40.56648,-75.96049,681
Edgewood,PA,40.43201,-79.88144,3069
Edgeworth,PA,40.55118,-80.19284,1670
Edinboro,PA,41.87422,-80.13172,6335
Effort,PA,40.93926,-75.43491,2269
Edwardsville,PA,41.26953,-75.91631,4732
Egypt,PA,40.6801,-75.52991,2391
Eighty Four,PA,40.18174,-80.13311,657
Eldred,PA,41.95784,-78.3853,808
Elizabeth,PA,40.26924,-79.88977,1499
Elim,PA,40.29785,-78.94253,3727
Elizabethtown,PA,40.15287,-76.60275,11586
Elizabethville,PA,40.54897,-76.81192,1493
Elkins Park,PA,40.07706,-75.12684,6901
Elkland,PA,41.98618,-77.31081,1779
Ellsworth,PA,40.11202,-80.01727,998
Ellport,PA,40.86395,-80.25895,1141
Ellwood City,PA,40.86173,-80.28645,7617
Elverson,PA,40.15676,-75.83271,1314
Elysburg,PA,40.86453,-76.55246,2194
Emerald Lakes,PA,41.08842,-75.41963,2886
Emlenton,PA,41.17728,-79.70783,600
Emigsville,PA,40.02176,-76.72802,2672
Emmaus,PA,40.53954,-75.49685,11368
Emporium,PA,41.51145,-78.23529,1934
Emsworth,PA,40.51007,-80.0945,2419
Englewood,PA,40.78398,-76.24189,532
Enhaut,PA,40.23176,-76.82692,1007
Enlow,PA,40.45423,-80.23311,1013
Enola,PA,40.29009,-76.93386,6111
Ephrata,PA,40.17982,-76.17884,13861
Erie,PA,42.12922,-80.08506,99475
Espy,PA,41.0062,-76.40994,1642
Etna,PA,40.50424,-79.94894,3401
Evans City,PA,40.76923,-80.06284,1773
Evansburg,PA,40.18094,-75.42907,2129
Everett,PA,40.01147,-78.37335,1759
Everson,PA,40.09118,-79.58754,779
Exeter,PA,41.32064,-75.81908,5596
Export,PA,40.41812,-79.6256,883
Exton,PA,40.029,-75.62077,4842
Factoryville,PA,41.56313,-75.78269,1215
Fairhope,PA,40.11368,-79.83977,1151
Fairless Hills,PA,40.17955,-74.85516,8466
Fairview,PA,42.03145,-80.25534,2348
Falls Creek,PA,41.14506,-78.80447,1019
Farmersville,PA,40.1276,-76.16495,991
Farrell,PA,41.21228,-80.49674,4792
Fawn Lake Forest,PA,41.50842,-75.06434,755
Faxon,PA,41.24841,-76.97719,1395
Fayette City,PA,40.10035,-79.8406,585
Feasterville,PA,40.15,-74.997,3074
Fellsburg,PA,40.18313,-79.82421,1180
Ferndale,PA,40.28896,-78.91475,1558
Fernville,PA,41.00398,-76.46384,556
Fernway,PA,40.69479,-80.13089,12414
Fivepointville,PA,40.18287,-76.05106,1156
Fleetwood,PA,40.45398,-75.81798,4085
Flemington,PA,41.12646,-77.47165,1339
Flourtown,PA,40.10344,-75.2124,4538
Flying Hills,PA,40.27676,-75.9141,2568
Foot of Ten,PA,40.41591,-78.45529,672
Ford City,PA,40.77229,-79.52977,2878
Forest City,PA,41.65147,-75.46657,1809
Forest Hills,PA,40.41979,-79.85005,6443
Fort Washington,PA,40.14178,-75.20906,5446
Forty Fort,PA,41.27897,-75.87825,4126
Foster Brook,PA,41.97506,-78.61725,1251
Fountain Hill,PA,40.60149,-75.39518,4629
Fox Chapel,PA,40.5134,-79.87977,5383
Fox Chase,PA,40.08122,-75.08017,19730
Fox Run,PA,40.70229,-80.08284,3282
Frackville,PA,40.78398,-76.23022,3729
Frankford,PA,40.01384,-75.07859,23503
Franklin,PA,41.39784,-79.83144,6302
Franklin Park,PA,40.5834,-80.08784,14415
Fredericksburg,PA,40.4437,-76.42829,1357
Freeburg,PA,40.76314,-76.93942,575
Freedom,PA,40.68562,-80.25173,1529
Freeland,PA,41.01675,-75.89714,3460
Freeport,PA,40.67395,-79.68477,1743
Freemansburg,PA,40.62649,-75.34574,2616
Friedens,PA,40.05008,-78.99836,1523
Friedensburg,PA,40.60259,-76.24078,858
Frizzleburg,PA,41.07645,-80.45479,602
Fullerton,PA,40.63176,-75.47324,14925
Galeton,PA,41.73312,-77.64193,1124
Gallitzin,PA,40.48229,-78.55168,1605
Garden View,PA,41.25424,-77.04608,2503
Gastonville,PA,40.25729,-79.99588,2818
Geistown,PA,40.29091,-78.86891,2371
Germantown,PA,40.04344,-75.18018,10688
Gibraltar,PA,40.28426,-75.87187,680
Gibsonia,PA,40.63007,-79.9695,2733
Gilbertsville,PA,40.3201,-75.61018,4832
Gilberton,PA,40.79953,-76.21244,751
Girard,PA,42.00033,-80.31812,3023
Girardville,PA,40.79148,-76.28356,1486
Glassport,PA,40.32479,-79.89227,4420
Glen Lyon,PA,41.17508,-76.07465,1873
Glen Willow,PA,40.03483,-75.22574,5012
Glenburn,PA,41.52369,-75.7238,953
Glenside,PA,40.10233,-75.15212,8384
Glenshaw,PA,40.53285,-79.96755,8981
Gold Key Lake,PA,41.30593,-74.9385,1830
Gordon,PA,40.75175,-76.33606,747
Gordonville,PA,40.0201,-76.13357,508
Gouglersville,PA,40.2737,-76.01911,548
Gouldsboro,PA,41.24453,-75.45602,890
Grapeville,PA,40.32535,-79.6056,538
Grassflat,PA,41.00256,-78.11445,511
Gratz,PA,40.61175,-76.71858,754
Grazierville,PA,40.65367,-78.26474,665
Great Bend,PA,41.97174,-75.74324,694
Green Tree,PA,40.41174,-80.04561,4968
Greenock,PA,40.31229,-79.80671,2195
Greenville,PA,41.4045,-80.39118,5819
Greensburg,PA,40.30146,-79.53893,14495
Greenwood,PA,40.5359,-78.35751,2458
Grill,PA,40.2987,-75.94049,1468
Grove City,PA,41.15784,-80.08867,8193
Halfway House,PA,40.28204,-75.64324,2881
Halifax,PA,40.46814,-76.93192,833
Hallam,PA,40.00482,-76.60413,2665
Hallstead,PA,41.96119,-75.74324,1246
Hamburg,PA,40.55565,-75.98188,4398
Harleigh,PA,40.98064,-75.97131,1104
Harleysville,PA,40.27955,-75.38712,9286
Harmony,PA,40.80145,-80.12728,865
Harrisburg,PA,40.2737,-76.88442,50183
Harrisville,PA,41.13673,-80.00922,880
Harveys Lake,PA,41.38341,-76.02465,2791
Harwick,PA,40.55673,-79.80505,899
Hastings,PA,40.66507,-78.71225,1224
Hasson Heights,PA,41.44895,-79.677,1351
Hatboro,PA,40.17428,-75.10684,7411
Hatfield,PA,40.27983,-75.29934,3306
Hawk Run,PA,40.92395,-78.20612,534
Hawley,PA,41.47592,-75.18212,1152
Hazleton,PA,40.95842,-75.97465,24825
Hebron,PA,40.33898,-76.3994,1305
Hegins,PA,40.65148,-76.49774,812
Heilwood,PA,40.6209,-78.91503,711
Heidelberg,PA,40.39229,-80.09089,1231
Hellertown,PA,40.57954,-75.34073,5824
Hemlock Farms,PA,41.32676,-75.03656,3271
Hereford,PA,40.44926,-75.55213,930
Herminie,PA,40.2634,-79.71754,789
Hermitage,PA,41.23339,-80.44868,16028
Hershey,PA,40.28592,-76.65025,14257
Hickory,PA,40.29896,-80.30867,740
Hickory Hills,PA,41.03758,-75.82047,562
Highland Park,PA,40.62091,-77.56805,1380
Highspire,PA,40.21092,-76.79108,2378
Hilldale,PA,41.28925,-75.83631,1246
Hiller,PA,40.01035,-79.90088,1155
Hokendauqua,PA,40.66204,-75.49102,3378
Hollidaysburg,PA,40.42729,-78.3889,5784
Holmesburg,PA,40.0415,-75.02795,28046
Homer City,PA,40.5434,-79.16226,1652
Homestead,PA,40.4059,-79.91199,3114
Hometown,PA,40.8237,-75.9802,1349
Honesdale,PA,41.57676,-75.25879,4233
Honey Brook,PA,40.09427,-75.91133,1758
Hooversville,PA,40.14702,-78.91197,618
Hopeland,PA,40.2337,-76.26218,738
Horsham,PA,40.17844,-75.12851,14842
Hostetter,PA,40.26618,-79.39837,740
Houserville,PA,40.82395,-77.82889,1814
Houston,PA,40.24646,-80.21145,1266
Houtzdale,PA,40.82506,-78.35113,775
Howard,PA,41.01423,-77.65805,722
Hudson,PA,41.2748,-75.83603,1443
Hughestown,PA,41.32702,-75.77325,1397
Hughesville,PA,41.24119,-76.72385,2099
Hulmeville,PA,40.14317,-74.911,996
Hummels Wharf,PA,40.83175,-76.8358,1353
Hummelstown,PA,40.26537,-76.7083,4561
Hunting Park,PA,40.0165,-75.14379,17682
Huntingdon,PA,40.4848,-78.01028,7029
Hyde,PA,41.00256,-78.46252,1399
Hyde Park,PA,40.37732,-75.92521,2528
Hydetown,PA,41.65256,-79.727,517
Imperial,PA,40.44951,-80.2445,2541
Indian Mountain Lake,PA,41.00314,-75.50824,4372
Indiana,PA,40.62146,-79.15253,14100
Industry,PA,40.26451,-79.79227,1846
Ingram,PA,40.44618,-80.06755,3281
Inkerman,PA,41.29897,-75.81269,1819
Intercourse,PA,40.0376,-76.10495,1274
Irvona,PA,40.77451,-78.55336,625
Irwin,PA,40.32451,-79.70115,3859
Ivyland,PA,40.20789,-75.07267,1053
Jacksonville,PA,40.5409,-79.2817,637
Jacksonwald,PA,40.32454,-75.84965,3393
Jamestown,PA,41.48478,-80.43757,595
Jeannette,PA,40.32812,-79.61532,9335
Jefferson Hills,PA,40.29118,-79.93199,11360
Jenkintown,PA,40.09594,-75.12517,4431
Jennerstown,PA,40.1598,-79.06642,669
Jermyn,PA,41.53091,-75.54546,2096
Jerome,PA,40.20896,-78.98364,1017
Jersey Shore,PA,41.20202,-77.26442,4279
Jessup,PA,41.46869,-75.56213,4495
Jim Thorpe,PA,40.87592,-75.73241,4641
Joffre,PA,40.37924,-80.36034,536
Johnsonburg,PA,40.88618,-78.87781,2818
Johnstown,PA,40.32674,-78.92197,19966
Jonestown,PA,40.4137,-76.4783,1958
Juniata Park,PA,40.00845,-75.10879,17643
Juniata Terrace,PA,40.58563,-77.57833,540
Kane,PA,41.66284,-78.81114,3610
Kapp Heights,PA,40.89981,-76.80802,863
Kelayres,PA,40.90092,-76.00354,533
Kenhorst,PA,40.31065,-75.93938,2867
Kenilworth,PA,40.23149,-75.63408,1907
Kenmar,PA,41.25341,-76.95941,4124
Kersey,PA,41.36228,-78.59613,937
King of Prussia,PA,40.08927,-75.39602,19936
Kingston,PA,41.26175,-75.89686,12941
Kittanning,PA,40.81645,-79.52199,3885
Knox,PA,41.23451,-79.53727,1100
Knoxville,PA,41.95729,-77.43887,622
Koppel,PA,40.83423,-80.32229,743
Kreamer,PA,40.80314,-76.96387,822
Kulpmont,PA,40.79342,-76.47245,2851
Kulpsville,PA,40.24288,-75.33656,8194
Kutztown,PA,40.51732,-75.77742,5028
Lafayette Hill,PA,40.09245,-75.2533,2150
Laflin,PA,41.28897,-75.80547,1479
Lake City,PA,42.01422,-80.34534,2965
Lake Winola,PA,41.50674,-75.85297,748
Lake Wynonah,PA,40.59926,-76.16383,2640
Lakemont,PA,40.47285,-78.38835,1868
Lamar,PA,41.01618,-77.5311,562
Lancaster,PA,40.03788,-76.30551,59339
Landisville,PA,40.09537,-76.40996,1893
Langeloth,PA,40.36507,-80.41395,717
Langhorne,PA,40.17455,-74.92267,1599
Langhorne Manor,PA,40.16705,-74.91767,1431
Lansdale,PA,40.2415,-75.28379,16512
Lansford,PA,40.83176,-75.88242,3798
Laporte,PA,41.42397,-76.49411,307
Larksville,PA,41.24508,-75.93075,4448
Latrobe,PA,40.32118,-79.37948,8081
Lattimer,PA,40.99397,-75.96131,554
Laurel Run,PA,41.2223,-75.86297,504
Laureldale,PA,40.38815,-75.91798,3883
Laurys Station,PA,40.72315,-75.53018,1243
Lavelle,PA,40.76342,-76.38273,742
Lawndale,PA,40.05039,-75.09156,24134
Lawnton,PA,40.25842,-76.80386,3813
Lawrence,PA,40.30618,-80.12061,540
Lawrence Park,PA,42.15228,-80.02311,3982
Lawrenceville,PA,40.46757,-79.96061,638
Lawson Heights,PA,40.29174,-79.3892,2194
Lebanon,PA,40.34093,-76.41135,25534
Leechburg,PA,40.62701,-79.6056,2069
Leesport,PA,40.44704,-75.96632,1883
Leetsdale,PA,40.56312,-80.20839,1199
Lehighton,PA,40.8337,-75.7138,5314
Lemont,PA,40.81062,-77.81833,2270
Lemoyne,PA,40.2412,-76.89414,4636
Lenape Heights,PA,40.76423,-79.5206,1167
Lenkerville,PA,40.53397,-76.95914,550
Leola,PA,40.08787,-76.18495,7214
Level Green,PA,40.3934,-79.72032,4020
Levittown,PA,40.15511,-74.82877,52983
Lewis Run,PA,41.8709,-78.66142,596
Lewisburg,PA,40.96453,-76.88441,5774
Lewistown,PA,40.59924,-77.57138,8271
Lexington Park,PA,40.05344,-75.04628,4244
Liberty,PA,40.32535,-79.85616,2520
Light Street,PA,41.0362,-76.42356,1093
Ligonier,PA,40.24313,-79.23753,1540
Lilly,PA,40.42591,-78.62002,929
Lime Ridge,PA,41.02786,-76.33938,890
Limerick,PA,40.23093,-75.52212,18074
Lincoln,PA,40.31896,-79.85477,1061
Lincoln Park,PA,40.31481,-75.98549,1615
Linesville,PA,41.65617,-80.42396,997
Linglestown,PA,40.33398,-76.78914,6334
Linntown,PA,40.95897,-76.89913,1489
Lionville,PA,40.05372,-75.65993,6189
Lititz,PA,40.15732,-76.3069,9225
Liverpool,PA,40.57481,-76.98915,962
Lock Haven,PA,41.13701,-77.44693,9604
Logan,PA,40.02845,-75.15157,21926
Lorain,PA,40.29896,-78.89225,723
Lorane,PA,40.28843,-75.85465,4236
Loretto,PA,40.50313,-78.6303,1376
Lower Allen,PA,40.22648,-76.90053,6694
Lower Burrell,PA,40.55312,-79.75727,11761
Loyalhanna,PA,40.32257,-79.36226,3428
Lucerne Mines,PA,40.55896,-79.15115,937
Lykens,PA,40.56675,-76.70052,1759
Macungie,PA,40.51593,-75.55519,3134
Mahanoy City,PA,40.81259,-76.1416,4070
Malvern,PA,40.03622,-75.51381,3430
Mammoth,PA,40.2009,-79.46309,525
Manayunk,PA,40.02456,-75.21407,4341
Manchester,PA,40.06315,-76.7183,2753
Manheim,PA,40.16343,-76.39496,4870
Manor,PA,40.33396,-79.67004,3299
Mansfield,PA,41.8073,-77.07747,3432
Maple Glen,PA,40.01563,-79.97672,7635
Marianne,PA,41.24645,-79.42893,1167
Marienville,PA,41.46895,-79.1231,3137
Marietta,PA,40.05704,-76.55219,2608
Marion Heights,PA,40.80425,-76.46495,605
Marlin,PA,40.67842,-76.24522,661
Mars,PA,40.6959,-80.01173,1658
Marshallton,PA,40.78675,-76.5394,1441
Martins Creek,PA,40.78343,-75.18629,631
Martinsburg,PA,40.31119,-78.32418,1911
Marysville,PA,40.34259,-76.92997,2535
Masthope,PA,41.53592,-75.02822,685
Matamoras,PA,40.44009,-76.93331,2603
Mayfield,PA,41.53814,-75.53602,1737
Maytown,PA,40.07537,-76.58219,3824
McAdoo,PA,40.90127,-75.99106,2205
McAlisterville,PA,40.63619,-77.27471,971
McClure,PA,40.70702,-77.31443,942
McConnellstown,PA,40.45257,-78.08167,1194
McDonald,PA,40.3709,-80.23478,2095
McElhattan,PA,41.15979,-77.36137,598
McGovern,PA,40.22896,-80.21645,2742
McKees Rocks,PA,40.46562,-80.06561,6010
McKeesport,PA,40.34785,-79.86422,19453
McMurray,PA,40.27785,-80.08394,4647
Meadow Lands,PA,40.21924,-80.22061,822
Meadowood,PA,40.84201,-79.89394,2693
Meadville,PA,41.64144,-80.15145,13061
Mechanicsburg,PA,40.21426,-77.00859,8999
Mechanicsville,PA,40.96648,-76.58662,3099
Mercer,PA,41.227,-80.23979,1936
Mermaid,PA,40.079,-75.17823,4854
Meridian,PA,40.8484,-79.962,3881
Mertztown,PA,40.50593,-75.66547,664
Meshoppen,PA,41.61424,-76.04659,555
Middleburg,PA,40.78592,-77.0472,1314
Middletown,PA,40.19981,-76.73108,9117
Midland,PA,40.25896,-80.21811,2944
Mifflin,PA,40.56952,-77.40277,628
Mifflinburg,PA,40.91758,-77.04775,3520
Mifflintown,PA,40.5698,-77.39693,926
Mifflinville,PA,41.03231,-76.30799,1253
Milesburg,PA,40.94173,-77.785,1100
Milford Square,PA,40.43704,-75.39879,897
Mill Hall,PA,41.10729,-77.48443,1615
Millersburg,PA,40.53953,-76.96081,2536
Millerstown,PA,40.54953,-77.15471,675
Millheim,PA,40.8909,-77.47666,889
Millvale,PA,40.48007,-79.97839,3689
Millville,PA,41.01701,-79.3006,956
Millwood,PA,40.35257,-79.27837,566
Milroy,PA,40.71396,-77.59055,1498
Milton,PA,41.01203,-76.84774,6928
Minersville,PA,40.69065,-76.26217,4258
Mingoville,PA,40.93229,-77.64805,503
Mocanaqua,PA,41.14119,-76.13882,646
Modena Park,PA,40.07844,-74.98795,10882
Mohnton,PA,40.28593,-75.98438,3036
Monaca,PA,40.68729,-80.27145,5649
Monessen,PA,40.14841,-79.88783,7483
Monongahela,PA,40.20313,-79.92616,4192
Monroeton,PA,41.71258,-76.47466,565
Monroeville,PA,40.42118,-79.7881,28176
Montandon,PA,40.96536,-76.8508,903
Montgomery,PA,41.17036,-76.87691,1558
Montgomeryville,PA,40.24733,-75.24379,12624
Montoursville,PA,41.25425,-76.92052,4549
Montrose,PA,40.30648,-75.98771,1583
Moosic,PA,41.35341,-75.73825,5751
Morgantown,PA,40.1551,-75.88994,826
Morrell Park,PA,40.07344,-74.9885,9577
Morrisdale,PA,40.94895,-78.22529,754
Moscow,PA,41.33675,-75.51852,1960
Mount Carmel,PA,40.79703,-76.4119,5728
Mount Cobb,PA,41.41342,-75.49324,1799
Mount Holly Springs,PA,40.11842,-77.18998,2037
Mount Jewett,PA,41.72562,-78.63836,899
Mount Joy,PA,40.10982,-76.5033,8071
Mount Lebanon,PA,40.35535,-80.0495,32730
Mount Oliver,PA,40.41424,-79.98783,3354
Mount Penn,PA,40.32815,-75.89076,3165
Mount Pocono,PA,41.12203,-75.36463,3065
Mount Union,PA,40.38452,-77.88222,2396
Mount Wolf,PA,40.06315,-76.70386,1382
Mountain Top,PA,41.16953,-75.87742,10982
Mountainhome,PA,41.1737,-75.27102,1182
Mountville,PA,40.03926,-76.4308,2854
Muhlenberg Park,PA,40.38482,-75.94132,1420
Muncy,PA,41.20564,-76.78552,2433
Munhall,PA,40.39229,-79.90005,11247
Mundys Corner,PA,40.44479,-78.84113,1651
Murrysville,PA,40.4284,-79.69755,20134
Muse,PA,40.29285,-80.20034,2504
Myerstown,PA,40.37454,-76.30273,3140
Nanticoke,PA,41.20536,-76.00492,10258
Nanty Glo,PA,40.47229,-78.83336,2901
Narberth,PA,40.00845,-75.26046,4309
Natrona Heights,PA,40.6234,-79.72977,10927
Nazareth,PA,40.74038,-75.30962,5681
Nescopeck,PA,41.05203,-76.22077,1552
Nesquehoning,PA,40.86453,-75.81103,3251
New Alexandria,PA,40.39868,-79.42198,560
New Beaver,PA,40.87645,-80.37062,1450
New Bedford,PA,41.09728,-80.50479,925
New Berlin,PA,40.87897,-76.98692,867
New Berlinville,PA,40.34537,-75.63296,1368
New Bethlehem,PA,41.00173,-79.33143,941
New Bloomfield,PA,40.41981,-77.18637,1080
New Brighton,PA,40.73034,-80.31006,5891
New Britain,PA,40.299,-75.18101,3017
New Castle,PA,41.00367,-80.34701,22375
New Columbia,PA,41.04092,-76.86691,1013
New Eagle,PA,40.20785,-79.94699,2126
New Cumberland,PA,40.23231,-76.8847,7295
New Florence,PA,40.38035,-79.07531,666
New Hope,PA,40.36427,-74.95128,2510
New Jerusalem,PA,40.44815,-75.74714,649
New Kensington,PA,40.56979,-79.76477,12713
New Holland,PA,40.10176,-76.08523,5430
New Market,PA,40.22315,-76.85219,705
New Milford,PA,41.87258,-75.72713,866
New Philadelphia,PA,40.71953,-76.11577,1064
New Stanton,PA,40.21924,-79.60948,2129
New Tripoli,PA,40.68093,-75.75186,898
New Wilmington,PA,41.12228,-80.33284,2233
Newell,PA,40.07563,-79.8981,531
Newmanstown,PA,40.34954,-76.21328,2478
Newport,PA,40.47786,-77.13054,1566
Newtown,PA,40.22928,-74.93683,2222
Newtown Grant,PA,40.26011,-74.95489,3620
Newville,PA,40.17314,-77.3986,1331
Nicetown-Tioga,PA,40.00989,-75.16387,17382
Nicetown,PA,40.01317,-75.15684,3690
Nicholson,PA,41.62619,-75.78047,739
Nittany,PA,40.99756,-77.55611,658
Nixon,PA,40.7834,-79.9295,1373
Noblestown,PA,40.39118,-80.19867,575
Normandy,PA,40.10344,-74.99572,1258
Norristown,PA,40.1215,-75.3399,34412
North Apollo,PA,40.59618,-79.5556,1257
North Belle Vernon,PA,40.12924,-79.8681,1905
North Braddock,PA,40.39896,-79.84088,4787
North Charleroi,PA,40.15118,-79.90755,1282
North Catasauqua,PA,40.65982,-75.47685,2828
North East,PA,42.21561,-79.83422,4172
North Irwin,PA,40.33757,-79.71338,820
North Philipsburg,PA,40.90756,-78.20779,660
North Versailles,PA,40.37979,-79.80949,10571
North Wales,PA,40.21094,-75.27823,3250
North Warren,PA,41.87423,-79.15227,1934
Northampton,PA,40.68621,-75.49685,9860
Northern Cambria,PA,40.65923,-78.78169,3658
Northumberland,PA,40.89175,-76.79747,3728
Norvelt,PA,40.20813,-79.49754,948
Noxen,PA,41.42147,-76.05854,633
Nuangola,PA,41.15508,-75.97826,672
Oak Hills,PA,40.82479,-79.91311,2333
Oakdale,PA,40.39812,-80.18561,1470
Oakland,PA,40.30646,-78.88752,1578
Oakmont,PA,40.52173,-79.84227,6443
Oakwood,PA,41.01062,-80.37951,2270
Oberlin,PA,40.24148,-76.81469,588
Ohioville,PA,40.67923,-80.49479,3473
Oil City,PA,41.43395,-79.70644,10137
Oklahoma,PA,40.58145,-79.57393,786
Old Forge,PA,41.37119,-75.73491,8048
Old Orchard,PA,40.65788,-75.26212,2434
Oley,PA,40.38759,-75.78964,1282
Olney,PA,40.04122,-75.12379,39154
Olyphant,PA,41.46841,-75.60297,5111
Orangeville,PA,41.07814,-76.41439,504
Orchard Hills,PA,40.58618,-79.53143,1952
Oreland,PA,40.11844,-75.17768,5678
Orwigsburg,PA,40.65481,-76.10077,3002
Osborne,PA,40.53173,-80.16895,545
Osceola Mills,PA,40.85006,-78.27057,1105
Oxford Circle,PA,40.05011,-75.07184,48856
Paint,PA,40.24369,-78.84891,968
Palmdale,PA,40.29787,-76.61858,1308
Palmer Heights,PA,40.68732,-75.2624,3762
Palmerton,PA,40.8014,-75.6119,5305
Palmyra,PA,40.30898,-76.5933,7451
Palo Alto,PA,40.68731,-76.17216,1009
Paoli,PA,40.04205,-75.47631,5575
Paradise,PA,40.00982,-76.12857,1129
Pardeesville,PA,41.00175,-75.96631,572
Paris,PA,40.40368,-80.51257,732
Park Crest,PA,40.81675,-76.04715,542
Park Forest Village,PA,40.80673,-77.91695,9660
Parker,PA,41.0959,-79.68255,822
Parkwood Manor,PA,40.09344,-74.96795,16787
Parryville,PA,40.81815,-75.67269,507
Patterson Heights,PA,40.73951,-80.32923,617
Patton,PA,40.63396,-78.6503,1681
Paxtang,PA,40.25898,-76.83192,1541
Paxtonia,PA,40.31731,-76.79442,5412
Pen Argyl,PA,40.86871,-75.2549,3541
Penbrook,PA,40.27537,-76.84803,2974
Penn Hills,PA,40.50118,-79.83922,44610
Penndel,PA,40.15205,-74.91656,2221
Penns Creek,PA,40.8598,-77.05525,715
Pennsburg,PA,40.39093,-75.49212,3873
Pennsbury Village,PA,40.42812,-80.10061,668
Pennside,PA,40.33732,-75.87854,4215
Pennwyn,PA,40.29426,-75.97688,780
Pennypack,PA,40.06678,-75.04545,9898
Pennypack Woods,PA,40.05428,-75.016,4328
Penryn,PA,40.20509,-76.36829,1024
Perkasie,PA,40.37205,-75.29268,8471
Perryopolis,PA,40.08702,-79.7506,1728
Philipsburg,PA,40.89645,-78.22057,2715
Phoenixville,PA,40.13038,-75.51491,16658
Picture Rocks,PA,41.2798,-76.71301,663
Pine Grove,PA,40.54842,-76.38468,2142
Pine Grove Mills,PA,40.73367,-77.88556,1502
Pitcairn,PA,40.40312,-79.7781,3246
Pittsburgh,PA,40.44062,-79.99589,304391
Pittston,PA,41.32591,-75.78936,7651
Pittville,PA,40.05733,-75.14462,6218
Plains,PA,41.27536,-75.8502,4335
Pleasant Gap,PA,40.86812,-77.74667,2879
Pleasant Hill,PA,40.3362,-76.44163,2643
Pleasant Hills,PA,40.33563,-79.96061,8252
Pleasant View,PA,40.61062,-79.57393,780
Pleasantville,PA,41.59228,-79.57949,857
Plum,PA,40.50035,-79.74949,27505
Plumsteadville,PA,40.38733,-75.14656,2637
Plymouth,PA,41.24036,-75.94464,5832
Plymouth Meeting,PA,40.10233,-75.27435,6177
Plymptonville,PA,41.04589,-78.44558,981
Pocono Mountain Lake Estates,PA,41.08147,-75.6963,842
Pocono Pines,PA,41.10675,-75.45435,1409
Pocono Springs,PA,41.27453,-75.41129,926
Polk,PA,41.367,-79.92922,794
Port Carbon,PA,40.69648,-76.16883,1817
Port Matilda,PA,40.7995,-78.05417,598
Port Royal,PA,40.53341,-77.38554,922
Port Allegany,PA,41.8109,-78.27974,2091
Port Vue,PA,40.3359,-79.86977,3744
Portage,PA,40.38868,-78.67224,2508
Port Trevorton,PA,40.70731,-76.86608,769
Pottsgrove,PA,40.26482,-75.61185,3469
Pottstown,PA,40.24537,-75.64963,22664
Pottsville,PA,40.68565,-76.1955,13802
Pringle,PA,41.27814,-75.89714,969
Progress,PA,40.28509,-76.83136,9765
Prospect,PA,40.90451,-80.04645,1135
Punxsutawney,PA,40.94368,-78.97087,5861
Quakertown,PA,40.44177,-75.34157,8855
Quentin,PA,40.27962,-76.43965,594
Radnor,PA,40.04622,-75.35991,30878
Ramblewood,PA,40.71951,-77.95639,849
Pocono Ranch Lands,PA,41.16454,-74.95212,1062
Rankin,PA,40.41257,-79.87922,2090
Ranshaw,PA,40.78592,-76.51801,510
Raubsville,PA,40.63566,-75.19295,1088
Rauchtown,PA,41.12285,-77.23608,726
Ravine,PA,40.57453,-76.40385,662
Reading,PA,40.33565,-75.92687,87879
Reamstown,PA,40.21148,-76.12328,3361
Red Hill,PA,40.37288,-75.48101,2383
Reedsville,PA,40.66396,-77.59583,641
Reiffton,PA,40.31981,-75.87354,4178
Reinholds,PA,40.26676,-76.1155,1803
Rennerdale,PA,40.3984,-80.14145,1150
Renningers,PA,40.65009,-76.14827,574
Renovo,PA,41.32646,-77.75082,1229
Reservoir,PA,40.40674,-78.38029,0
Revloc,PA,40.49229,-78.76419,570
Reynolds Heights,PA,41.34506,-80.39423,2061
Reynoldsville,PA,41.09701,-78.88864,2710
Rhawnhurst,PA,40.06178,-75.05573,25581
Rheems,PA,40.13009,-76.57052,1598
Richboro,PA,40.21511,-75.01072,6563
Richfield,PA,40.68869,-77.11276,549
Richland,PA,40.35926,-76.25828,1560
Richlandtown,PA,40.4701,-75.32046,1312
Ridgway,PA,41.42034,-78.72864,3896
Riegelsville,PA,40.59427,-75.19545,858
Rimersburg,PA,41.04145,-79.5031,911
Ringtown,PA,40.8587,-76.22966,795
River View Park,PA,40.39259,-75.95882,3380
Riverside,PA,40.95536,-76.62885,1912
Roaring Spring,PA,40.33591,-78.39085,2537
Robesonia,PA,40.35176,-76.13439,2064
Robinson,PA,40.40424,-79.13948,614
Rochester,PA,40.70229,-80.28645,3569
Rockledge,PA,40.08122,-75.08962,2541
Roscoe,PA,40.07952,-79.8656,795
Roseto,PA,40.88065,-75.21462,1549
Rossiter,PA,40.89451,-78.93114,646
Rote,PA,41.07896,-77.42026,507
Rothsville,PA,40.15121,-76.25107,3044
Roulette,PA,41.78007,-78.1539,779
Rowes Run,PA,40.00952,-79.81699,564
Royalton,PA,40.18731,-76.72997,1023
Royersford,PA,40.18427,-75.53796,4771
Rural Valley,PA,40.79923,-79.31448,850
Russell,PA,41.94145,-79.13505,1408
Russellton,PA,40.61146,-79.837,1440
Rutherford,PA,40.26898,-76.76803,4303
Ryers,PA,40.06372,-75.08712,8015
Saegertown,PA,41.71894,-80.14756,973
Saint Clair,PA,40.72065,-76.19105,3004
Saint Lawrence,PA,40.32704,-75.87187,1809
Saint Marys,PA,41.42784,-78.56086,13070
Salix,PA,40.30008,-78.7653,1149
Saltsburg,PA,40.48646,-79.45143,837
Salunga,PA,40.10093,-76.42469,2695
Sanatoga,PA,40.2451,-75.59518,8378
Sand Hill,PA,40.35954,-76.43163,2496
Sandy,PA,41.10784,-78.77114,1429
Sandy Lake,PA,41.34867,-80.08228,652
Sankertown,PA,40.47007,-78.59224,650
Saw Creek,PA,41.11259,-75.05073,4016
Saxonburg,PA,40.75395,-79.81005,1491
Saxton,PA,40.21536,-78.24446,706
Saylorsburg,PA,40.89565,-75.32352,1126
Sayre,PA,41.97896,-76.5155,5424
Scalp Level,PA,40.2498,-78.84891,741
Schaefferstown,PA,40.29843,-76.2944,941
Schlusser,PA,40.24175,-77.17693,5265
Schnecksville,PA,40.67514,-75.62044,2935
Schoeneck,PA,40.24148,-76.17411,1056
Schuylkill Haven,PA,40.63065,-76.17105,5228
Schwenksville,PA,40.25621,-75.46379,1398
Scottdale,PA,40.10035,-79.58698,4251
Scranton,PA,41.40916,-75.6649,77118
Selinsgrove,PA,40.79897,-76.86219,5792
Sellersville,PA,40.35399,-75.3049,4212
Seneca,PA,41.37867,-79.70394,1065
Seven Fields,PA,40.69173,-80.06256,2846
Sewickley,PA,40.53646,-80.1845,3829
Sewickley Heights,PA,40.55673,-80.16311,820
Sewickley Hills,PA,40.58173,-80.13672,736
Shamokin,PA,40.78897,-76.55885,7162
Shamokin Dam,PA,40.8487,-76.81969,1706
Sharon,PA,41.23311,-80.4934,13562
Sharpsburg,PA,40.49451,-79.92644,3398
Sharpsville,PA,41.25922,-80.47201,4271
Shavertown,PA,41.3198,-75.93798,2019
Shawmont,PA,40.05289,-75.23601,5850
Sheatown,PA,41.19342,-76.01465,671
Sheffield,PA,41.70395,-79.0356,1132
Shenandoah,PA,40.82037,-76.20077,4873
Shenandoah Heights,PA,40.82759,-76.20688,1233
Shickshinny,PA,41.15314,-76.15021,827
Shillington,PA,40.30787,-75.96549,5265
Shinglehouse,PA,41.96368,-78.19084,1093
Shiremanstown,PA,40.22342,-76.95359,1580
Shippensburg,PA,40.05065,-77.52026,5559
Shoemakersville,PA,40.50093,-75.96993,1369
Silkworth,PA,41.2723,-76.08632,820
Silverdale,PA,40.3476,-75.27101,856
Simpson,PA,41.59175,-75.48518,1275
Sinking Spring,PA,40.32731,-76.01105,4101
Skippack,PA,40.22288,-75.39879,3758
Skyline View,PA,40.33926,-76.72553,4003
Slatington,PA,40.74843,-75.61185,4276
Sligo,PA,41.10923,-79.49005,692
Slippery Rock,PA,41.06395,-80.05645,3613
Slovan,PA,40.35924,-80.38979,555
Smethport,PA,41.81117,-78.44474,1595
Snow Shoe,PA,41.03089,-77.94945,776
Somerset,PA,40.00841,-79.07808,6032
Somerton,PA,40.12344,-75.01489,33247
Ogontz,PA,40.05178,-75.15129,14740
Soudersburg,PA,40.0151,-76.15495,540
Souderton,PA,40.31177,-75.32518,6747
South Fork,PA,40.3673,-78.79141,876
South Greensburg,PA,40.2784,-79.54476,2054
South New Castle,PA,40.97784,-80.34506,679
South Pottstown,PA,40.23954,-75.65102,2081
South Temple,PA,40.4,-75.922,1424
South Waverly,PA,41.99757,-76.53717,1025
South Williamsport,PA,41.23202,-76.99913,6281
Southmont,PA,40.31063,-78.93864,2175
Southwest Greensburg,PA,40.29118,-79.54698,2086
Spangler,PA,40.64285,-78.7728,1942
Speers,PA,40.12452,-79.87977,1132
Spinnerstown,PA,40.43899,-75.43712,1826
Spring City,PA,40.17677,-75.54769,3322
Spring Hill,PA,40.37646,-78.67002,839
Spring House,PA,40.18539,-75.22768,3804
Spring Mount,PA,40.27566,-75.45657,2259
Spring Ridge,PA,40.35287,-75.98994,1003
Springdale,PA,40.5409,-79.78394,3375
Springmont,PA,40.32648,-75.99966,724
Starbrick,PA,41.84034,-79.20532,522
Star Junction,PA,40.06257,-79.76365,616
State College,PA,40.79339,-77.86,42161
Steelton,PA,40.23537,-76.84136,5932
Stevens,PA,40.2162,-76.15523,612
Stiles,PA,40.66537,-75.50824,1113
Stockdale,PA,40.08341,-79.8481,505
Stockertown,PA,40.75399,-75.26212,916
Stoneboro,PA,41.33922,-80.10506,1015
Stony Creek Mills,PA,40.34565,-75.86993,1045
Stormstown,PA,40.79339,-78.01667,2366
Stouchsburg,PA,40.38009,-76.23217,600
Stowe,PA,40.2526,-75.67741,3695
Strattanville,PA,41.20229,-79.32754,525
Strodes Mills,PA,40.55091,-77.67305,757
Stroudsburg,PA,40.98676,-75.19462,5444
Sturgeon,PA,40.38479,-80.21089,1710
Sugar Grove,PA,41.98256,-79.33866,604
Sugar Notch,PA,41.19703,-75.92825,973
Sugarcreek,PA,41.42145,-79.88117,5120
Summerville,PA,41.11618,-79.18671,519
Summit Hill,PA,40.82481,-75.87103,2952
Sun Valley,PA,40.98203,-75.46602,2399
Sunbury,PA,40.86259,-76.79441,9652
Sunrise Lake,PA,41.30981,-74.96656,1387
Susquehanna,PA,41.94341,-75.59963,1809
Sutersville,PA,40.23618,-79.79921,583
Swartzville,PA,40.23315,-76.07828,2283
Swissvale,PA,40.42368,-79.88283,8855
Swoyersville,PA,41.29175,-75.87464,4984
Sykesville,PA,41.05034,-78.82225,1135
Tacony,PA,40.03122,-75.04434,17846
Tamaqua,PA,40.79731,-75.96937,6829
Tannersville,PA,41.04009,-75.30574,2784
Tarentum,PA,40.60146,-79.75977,4462
Tatamy,PA,40.74093,-75.25712,1131
Taylor,PA,41.3948,-75.70658,6025
Telford,PA,40.32205,-75.32795,4861
Temple,PA,40.4087,-75.9216,1877
Terre Hill,PA,40.15732,-76.0505,1382
Thompsontown,PA,40.56453,-77.23721,680
Thompsonville,PA,40.2909,-80.10811,3520
Throop,PA,41.45147,-75.61185,3960
Tidioute,PA,41.68506,-79.4031,673
Tinicum,PA,40.44844,-75.10767,4350
Tioga,PA,41.90868,-77.13303,662
Tionesta,PA,41.49534,-79.45588,451
Tipton,PA,40.6359,-78.29585,1083
Titusville,PA,41.627,-79.67366,5389
Topton,PA,40.50343,-75.7013,2062
Torresdale,PA,40.05483,-75.00434,10836
Towamensing Trails,PA,41.00787,-75.58463,2292
Towanda,PA,41.76758,-76.44272,2812
Tower City,PA,40.58925,-76.55246,1316
Trafford,PA,40.38562,-79.75893,3144
Trappe,PA,40.19899,-75.47629,3553
Treasure Lake,PA,41.17339,-78.71586,3861
Tremont,PA,40.62842,-76.38718,1716
Tresckow,PA,40.91342,-75.96659,880
Trevorton,PA,40.7812,-76.67302,1834
Trevose,PA,40.146,-74.985,3550
Trexlertown,PA,40.54815,-75.60574,1988
Trooper,PA,40.14983,-75.40185,5744
Troy,PA,40.91506,-78.2164,1454
Trucksville,PA,41.30397,-75.93214,2152
Trumbauersville,PA,40.41066,-75.37823,959
Tullytown,PA,40.13928,-74.81461,1859
Tulpehocken,PA,40.03817,-75.19546,7382
Tunkhannock,PA,41.53869,-75.94659,1780
Turbotville,PA,41.10203,-76.77107,687
Turtle Creek,PA,40.4059,-79.82505,5272
Tuscarora,PA,40.77009,-76.03743,980
Tyrone,PA,40.67062,-78.23862,5353
Ulysses,PA,41.90396,-77.76194,603
Union City,PA,41.8995,-79.84533,3217
Unionville,PA,40.94145,-79.962,962
Upper Exeter,PA,41.40702,-75.8377,707
Upper Roxborough,PA,40.05956,-75.23851,10735
Upper Saint Clair,PA,40.3359,-80.08339,19229
Valencia,PA,40.67479,-79.9895,579
Valley Green,PA,40.15731,-76.79275,3429
Vandergrift,PA,40.60284,-79.56477,5032
Vandling,PA,41.63314,-75.47046,722
Verona,PA,40.50646,-79.8431,2442
Versailles,PA,40.31563,-79.83116,1496
Village Shires,PA,40.20316,-74.97045,3949
Vinco,PA,40.40507,-78.85558,1305
Wall,PA,40.39368,-79.78616,571
Walnutport,PA,40.75426,-75.5988,2061
Wampum,PA,40.88812,-80.33812,688
Wanamie,PA,41.17342,-76.03548,612
Warminster Heights,PA,40.18705,-75.08156,4124
Warren,PA,41.84395,-79.14504,9334
Warrior Run,PA,41.09731,-76.80552,588
Washington,PA,40.17396,-80.24617,13497
Waterford,PA,41.94283,-79.9845,1538
Watsontown,PA,41.08453,-76.86385,2320
Waverly,PA,41.52647,-75.70547,604
Waymart,PA,41.58036,-75.40824,1279
Wayne,PA,40.044,-75.38769,30892
Weatherly,PA,40.94175,-75.82964,2462
Weedville,PA,41.27673,-78.49169,542
Wellsboro,PA,41.74868,-77.30053,3290
Wernersville,PA,40.33009,-76.0805,2540
Wescosville,PA,40.56676,-75.55296,5872
Wesleyville,PA,42.14033,-80.01506,3226
West Alexander,PA,40.10507,-80.50785,604
West Brownsville,PA,40.02424,-79.8906,974
West Conshohocken,PA,40.06983,-75.3163,1381
West Decatur,PA,40.92839,-78.27807,533
West Easton,PA,40.67871,-75.23684,1251
West Elizabeth,PA,40.2709,-79.89922,508
West Fairview,PA,40.27509,-76.91553,1282
West Hamburg,PA,40.54759,-76.00216,1979
West Hazleton,PA,40.9587,-75.99604,4503
West Hills,PA,40.82423,-79.5431,1263
West Homestead,PA,40.39396,-79.91199,1919
West Kittanning,PA,40.81034,-79.52949,1134
West Lawn,PA,40.32981,-75.99438,1715
West Leechburg,PA,40.62229,-79.61282,1294
West Mayfield,PA,40.78006,-80.3384,1213
West Middlesex,PA,41.17422,-80.4534,841
West Mifflin,PA,40.3634,-79.86644,20075
West Milton,PA,41.02008,-76.87163,900
West Mount Airy,PA,40.05261,-75.19796,12635
West Nanticoke,PA,41.22175,-76.0152,749
West Newton,PA,40.20979,-79.76699,2544
West Norriton,PA,40.12955,-75.37852,14702
West Oak Lane,PA,40.06928,-75.16629,38699
West Pittston,PA,41.32758,-75.79297,4772
West Reading,PA,40.3337,-75.94743,4191
West Pittsburg,PA,40.93284,-80.3634,808
West View,PA,40.52229,-80.03422,6685
West Wyoming,PA,41.3198,-75.84603,2703
West Wyomissing,PA,40.32454,-75.99077,3407
Westfield,PA,41.91924,-77.53887,1052
Westmont,PA,40.31563,-78.95169,4938
Wheatland,PA,40.03954,-76.35107,723
Whitaker,PA,40.3984,-79.88977,1254
White Haven,PA,41.06064,-75.77408,1097
White Mills,PA,41.5262,-75.20351,659
White Oak,PA,40.33757,-79.80921,7775
Whitehall,PA,40.36118,-79.99089,13834
Whitehall Township,PA,40.66676,-75.49991,24896
Whitfield,PA,40.33593,-76.00605,4733
Wiconisco,PA,40.57342,-76.69136,921
Wilkes-Barre,PA,41.24591,-75.88131,40780
Wilkinsburg,PA,40.44174,-79.88199,15731
Williamsburg,PA,40.46202,-78.19973,1222
Williamsport,PA,41.24119,-77.00108,29201
Williamstown,PA,40.58009,-76.61774,1375
Willow Grove,PA,40.144,-75.11573,15726
Wilmerding,PA,40.3909,-79.81005,2156
Wilson,PA,40.68399,-75.24184,7781
Winchester Park,PA,40.05511,-75.02962,1884
Wind Gap,PA,40.84815,-75.29157,2701
Windber,PA,40.2398,-78.83502,3974
Winfield,PA,40.90925,-76.85524,900
Wissinoming,PA,40.02233,-75.06323,21445
Wister,PA,40.03511,-75.15795,4318
Wolfdale,PA,40.19285,-80.28784,2888
Womelsdorf,PA,40.36176,-76.18411,2859
Woodbourne,PA,40.19233,-74.88878,3851
Woodland Heights,PA,41.40978,-79.71172,1261
Woodside,PA,40.22178,-74.87544,2425
Wormleysburg,PA,40.26287,-76.91386,3079
Worthington,PA,40.83756,-79.63199,614
Woxall,PA,40.31066,-75.44879,1318
Wrightsville,PA,40.02565,-76.52997,2290
Wyalusing,PA,41.66813,-76.26188,572
Wyncote,PA,40.09455,-75.14879,3044
Wyndmoor,PA,40.08122,-75.18934,5498
Wynnefield Heights,PA,40.00345,-75.20462,7595
Wyoming,PA,41.31175,-75.83742,3044
Wyomissing,PA,40.32954,-75.96521,10469
Wyomissing Hills,PA,40.33759,-75.97966,2606
Yardley,PA,40.24566,-74.846,2441
Yatesville,PA,40.82509,-76.17133,617
Yeagertown,PA,40.64313,-77.58055,1050
York Haven,PA,40.11093,-76.7158,700
York Springs,PA,40.00898,-77.11554,838
Youngsville,PA,40.78121,-75.47685,1732
Youngwood,PA,40.24035,-79.57671,2956
Yukon,PA,40.21257,-79.68282,677
Zelienople,PA,40.79451,-80.13673,3709
Zion,PA,40.91423,-77.68472,2030
Ashaway,RI,41.42343,-71.78562,1485
Barrington,RI,41.74066,-71.30866,16669
Bradford,RI,41.39899,-71.73701,1406
Bristol,RI,41.67705,-71.26616,22795
Carolina,RI,41.45704,-71.6634,970
Central Falls,RI,41.89066,-71.39228,19303
Charlestown,RI,41.38316,-71.64173,8421
Chepachet,RI,41.9151,-71.67146,1675
Coventry,RI,41.7001,-71.68284,35525
Cranston,RI,41.77982,-71.43728,81073
Cumberland,RI,41.96677,-71.43284,34843
Cumberland Hill,RI,41.97454,-71.467,7934
East Greenwich,RI,41.66038,-71.45589,13682
East Providence,RI,41.81371,-71.37005,47408
Exeter,RI,41.5776,-71.53756,6426
Foster,RI,41.85371,-71.75812,4598
Greene,RI,41.69121,-71.7459,888
Greenville,RI,41.87121,-71.55201,8658
Harmony,RI,41.88788,-71.59673,985
Harrisville,RI,41.96565,-71.67451,1605
Hope Valley,RI,41.5076,-71.71618,1612
Hopkinton,RI,41.46121,-71.77757,8261
Jamestown,RI,41.49705,-71.36728,5755
Kingston,RI,41.48038,-71.52256,6974
Melville,RI,41.58705,-71.28338,1320
Middletown,RI,41.54566,-71.29144,17303
Narragansett,RI,41.4501,-71.4495,15868
Narragansett Pier,RI,41.43232,-71.45644,3409
New Shoreham,RI,41.17233,-71.55783,1047
Newport,RI,41.4901,-71.31283,24232
North Kingstown,RI,41.5501,-71.46617,28042
North Providence,RI,41.8501,-71.46617,33835
North Scituate,RI,41.83177,-71.58729,11171
North Smithfield,RI,41.96677,-71.54951,11212
Pascoag,RI,41.95565,-71.70229,4577
Pawtucket,RI,41.87871,-71.38256,71591
Portsmouth,RI,41.60232,-71.25033,17756
Providence,RI,41.82399,-71.41283,190934
Smithfield,RI,41.92204,-71.54951,21872
Tiverton,RI,41.62594,-71.21338,7557
Valley Falls,RI,41.90677,-71.39061,11547
Warren,RI,41.73038,-71.28255,11280
Warwick,RI,41.7001,-71.41617,81699
West Warwick,RI,41.69689,-71.52194,30146
Westerly,RI,41.3776,-71.82729,17936
Woonsocket,RI,42.00288,-71.51478,41475
Aberdeen,SD,45.4647,-98.48648,28102
Alcester,SD,43.02138,-96.63087,761
Alexandria,SD,43.65359,-97.78285,623
Arlington,SD,44.36441,-97.13312,883
Armour,SD,43.3186,-98.34675,686
Aurora,SD,44.28413,-96.68561,650
Avon,SD,43.005,-98.0598,571
Baltic,SD,43.76136,-96.74033,1132
Beresford,SD,43.08054,-96.77366,1976
Bowdle,SD,45.45304,-99.65401,502
Brandon,SD,43.5947,-96.57199,9856
Britton,SD,45.79162,-97.75094,1242
Brookings,SD,44.31136,-96.79839,23657
Burke,SD,43.1825,-99.29205,589
Canistota,SD,43.59776,-97.29062,638
Canton,SD,43.30081,-96.59282,3331
Castlewood,SD,44.72274,-97.03007,636
Centerville,SD,43.11943,-96.96144,868
Chamberlain,SD,43.81083,-99.33066,2386
Clark,SD,44.87774,-97.73314,1050
Clear Lake,SD,44.7458,-96.68256,1273
Colman,SD,43.98247,-96.8145,576
Colton,SD,43.78609,-96.92756,690
Corsica,SD,43.42527,-98.4073,595
Crooks,SD,43.6647,-96.81089,1329
Dakota Dunes,SD,42.48749,-96.48642,2540
De Smet,SD,44.38747,-97.55035,1072
Dell Rapids,SD,43.82608,-96.70616,3706
Elk Point,SD,42.68333,-96.68365,2075
Elkton,SD,44.23608,-96.48115,731
Estelline,SD,44.57469,-96.90228,756
Eureka,SD,45.76943,-99.61956,844
Faulkton,SD,45.03497,-99.124,740
Flandreau,SD,44.04942,-96.59532,2303
Fort Thompson,SD,44.0686,-99.43788,1282
Freeman,SD,43.35249,-97.43729,1287
Garretson,SD,43.71747,-96.50282,1201
Gettysburg,SD,45.01165,-99.95567,1164
Goodwill,SD,45.5669,-97.07008,513
Gregory,SD,43.23222,-99.43038,1254
Groton,SD,45.44746,-98.09871,1508
Harrisburg,SD,43.43137,-96.69727,5498
Hartford,SD,43.62303,-96.94255,3025
Highmore,SD,44.52137,-99.4415,779
Howard,SD,44.01081,-97.52674,790
Humboldt,SD,43.64526,-97.07395,583
Huron,SD,44.36332,-98.21426,13313
Ipswich,SD,45.44442,-99.02928,959
Jefferson,SD,42.6025,-96.5592,517
Kennebec,SD,43.9036,-99.86178,260
Kimball,SD,43.74667,-98.95843,686
Lake Andes,SD,43.15638,-98.54147,840
Lake Preston,SD,44.36358,-97.37729,568
Lennox,SD,43.35415,-96.892,2272
Leola,SD,45.72275,-98.94094,440
Lower Brule,SD,44.07888,-99.5815,613
Madison,SD,44.00608,-97.11395,7258
Marion,SD,43.42304,-97.26062,767
Meadow View Addition,SD,43.61997,-96.71116,538
Menno,SD,43.23971,-97.57784,595
Milbank,SD,45.21913,-96.63562,3192
Miller,SD,44.51831,-98.98843,1437
Mitchell,SD,43.70943,-98.0298,15669
North Sioux City,SD,42.52722,-96.48309,2731
Olivet,SD,43.24082,-97.67534,73
Parker,SD,43.39748,-97.13645,993
Parkston,SD,43.39888,-97.98368,1488
Plankinton,SD,43.71555,-98.48509,714
Platte,SD,43.38694,-98.84453,1266
Redfield,SD,44.87581,-98.51871,2379
Salem,SD,43.72415,-97.38895,1325
Scotland,SD,43.14972,-97.71757,820
Shindler,SD,43.47498,-96.64866,584
Sioux Falls,SD,43.54369,-96.72796,171544
Sisseton,SD,45.66468,-97.0498,2450
Springfield,SD,42.85417,-97.89729,1953
Tea,SD,43.44637,-96.83588,4839
Tripp,SD,43.22555,-97.96591,630
Tyndall,SD,42.99333,-97.86285,1049
Valley Springs,SD,43.58247,-96.46782,767
Veblen,SD,45.86301,-97.28759,537
Vermillion,SD,42.77944,-96.92921,10738
Viborg,SD,43.17027,-97.08144,762
Volga,SD,44.32358,-96.92645,1865
Wagner,SD,43.07972,-98.29313,1589
Watertown,SD,44.89941,-97.11507,22073
Waubay,SD,45.3319,-97.30508,567
Webster,SD,45.33218,-97.52009,1802
Wessington Springs,SD,44.07916,-98.56954,919
Wilmot,SD,45.40857,-96.85785,504
Winner,SD,43.37667,-99.85901,2825
Woonsocket,SD,44.0536,-98.27564,659
Worthing,SD,43.32915,-96.76283,942
Yankton,SD,42.87111,-97.39728,14557
Addison,VT,44.08867,-73.30262,1361
Ascutney,VT,43.40702,-72.40703,540
Arlington,VT,43.0748,-73.154,1213
Barre,VT,44.19701,-72.50205,8746
Barton,VT,44.7481,-72.17621,700
Beebe Plain,VT,45.00532,-72.14066,854
Bellows Falls,VT,43.13341,-72.44398,3048
Bennington,VT,42.87813,-73.19677,9074
Bethel,VT,43.8334,-72.63399,569
Bridport,VT,43.98506,-73.31262,1215
Bradford,VT,43.99257,-72.12898,788
Brandon,VT,43.79812,-73.08761,1648
Brattleboro,VT,42.85092,-72.55787,7414
Bristol,VT,44.13339,-73.07901,2030
Burlington,VT,44.47588,-73.21207,42452
Charlotte,VT,44.30977,-73.26096,3861
Chelsea,VT,43.98979,-72.4476,1242
Chester,VT,43.26285,-72.59509,2994
Chittenden,VT,43.70784,-72.94816,1231
Clarendon,VT,43.51618,-72.96983,2489
Colchester,VT,44.54394,-73.14791,16986
Danby,VT,43.34618,-72.99538,1286
Derby Center,VT,44.94782,-72.13288,576
Derby Line,VT,45.00505,-72.09899,651
Dover,VT,42.94369,-72.80399,1437
East Barre,VT,44.15812,-72.45038,826
Enosburg Falls,VT,44.90699,-72.80652,1305
Essex Junction,VT,44.49061,-73.11096,10111
Fair Haven,VT,43.59479,-73.26567,2269
Ferrisburgh,VT,44.20561,-73.24623,2764
Graniteville,VT,44.15117,-72.49288,784
Guildhall,VT,44.56506,-71.55981,256
Hardwick,VT,44.50478,-72.36816,1345
Hartford,VT,43.66063,-72.33842,9779
Hinesburg,VT,44.32922,-73.11068,4441
Holland,VT,44.96862,-72.00302,610
Hyde Park,VT,44.59394,-72.61651,492
Island Pond,VT,44.81477,-71.88037,821
Jamaica,VT,43.10036,-72.77843,1011
Jeffersonville,VT,44.64394,-72.82929,753
Jericho,VT,44.50394,-72.99763,1329
Johnson,VT,44.63561,-72.6804,1451
Leicester,VT,43.86673,-73.10789,1114
Lincoln,VT,44.10589,-72.99706,1268
Londonderry,VT,43.22646,-72.80649,1742
Ludlow,VT,43.39591,-72.70065,794
Lunenburg,VT,44.46311,-71.68203,1281
Lyndon,VT,44.51422,-72.01093,5496
Lyndonville,VT,44.53367,-72.00315,1190
Manchester,VT,43.16369,-73.07233,740
Manchester Center,VT,43.17702,-73.05705,2120
Mendon,VT,43.65198,-72.9278,1033
Middlebury (village),VT,44.01553,-73.16937,6588
Middlesex,VT,44.29284,-72.67928,1779
Milton,VT,44.63977,-73.11041,1861
Montgomery,VT,44.90255,-72.63818,1195
Montpelier,VT,44.26006,-72.57539,8074
Moretown,VT,44.25089,-72.76095,1660
Morristown,VT,44.55727,-72.62373,5653
Morrisville,VT,44.56172,-72.59845,2040
Mount Holly,VT,43.45229,-72.82482,1221
Newport,VT,44.93644,-72.2051,4442
Newfane,VT,42.98564,-72.65593,114
North Bennington,VT,42.93036,-73.24261,1620
North Hero,VT,44.83125,-73.27323,793
North Springfield,VT,43.33285,-72.52537,573
North Troy,VT,44.99449,-72.39983,594
Northfield,VT,44.15117,-72.6565,2101
Norwich,VT,43.71535,-72.30787,878
Orleans,VT,44.81671,-72.23288,818
Pawlet,VT,43.34674,-73.17622,1426
Pittsfield,VT,43.77229,-72.81288,543
Pittsford,VT,43.70673,-73.02816,740
Poultney,VT,43.51701,-73.23622,1569
Pownal,VT,42.76564,-73.23594,3460
Putney,VT,42.9748,-72.52176,523
Quechee,VT,43.64618,-72.41843,656
Randolph,VT,43.92507,-72.66594,1974
Richford,VT,44.99699,-72.67124,1361
Richmond,VT,44.40533,-72.9929,723
Ripton,VT,43.97367,-73.034,593
Rockingham,VT,43.18758,-72.48898,5198
Rupert,VT,43.2598,-73.22289,700
Rutland,VT,43.61062,-72.97261,15824
Saint Albans,VT,44.81088,-73.08319,6918
St Johnsbury,VT,44.42526,-72.01512,7571
Salisbury,VT,43.89645,-73.09984,1131
Saxtons River,VT,43.13786,-72.50981,552
Shelburne,VT,44.38061,-73.22763,592
South Barre,VT,44.17701,-72.50566,1219
South Burlington,VT,44.46699,-73.17096,18791
South Royalton,VT,43.8209,-72.52121,694
South Shaftsbury,VT,42.94647,-73.21066,683
Springfield,VT,43.29841,-72.48231,3979
Starksboro,VT,44.22728,-73.05734,1776
Stowe,VT,44.46533,-72.68456,4314
Swanton,VT,44.9181,-73.1243,2370
Townshend,VT,43.0473,-72.66759,1205
Vergennes,VT,44.16728,-73.25401,2631
Wallingford,VT,43.47192,-72.97823,830
Washington,VT,44.10562,-72.4326,1035
Waterbury,VT,44.33783,-72.75623,1821
Websterville,VT,44.16062,-72.46955,550
West Brattleboro,VT,42.85592,-72.60315,2740
West Pawlet,VT,43.35368,-73.25205,502
West Rutland,VT,43.59312,-73.04511,2024
Weston,VT,43.29119,-72.79315,570
White River Junction,VT,43.64896,-72.31926,2286
Wilder,VT,43.67285,-72.3087,1690
Williamstown,VT,44.12173,-72.54149,1162
Williston,VT,44.43755,-73.06818,8314
Windsor,VT,43.48035,-72.38481,2066
Winooski,VT,44.49144,-73.18568,7193
Woodstock,VT,43.62424,-72.51843,871
Abbotsford,WI,44.94636,-90.31597,2264
Adams,WI,43.95608,-89.81818,1893
Addison,WI,43.42278,-88.37454,3439
Adell,WI,43.61916,-87.95204,521
Albany,WI,42.70778,-89.43706,1018
Algoma,WI,44.60889,-87.43259,3094
Allenton,WI,43.42055,-88.34093,823
Allouez,WI,44.47749,-88.01621,13930
Alma,WI,44.31997,-91.91488,748
Almena,WI,45.4169,-92.03296,663
Alto,WI,43.67665,-88.79511,1048
Altoona,WI,44.80468,-91.44321,7321
Amery,WI,45.30691,-92.36214,2834
Amherst,WI,44.45081,-89.28484,1038
Antigo,WI,45.14025,-89.15234,7869
Appleton,WI,44.26193,-88.41538,74139
Arcadia,WI,44.25274,-91.50154,2991
Arena,WI,43.16555,-89.9129,828
Arlington,WI,43.33804,-89.3804,812
Argyle,WI,42.70112,-89.86707,848
Ashford,WI,43.58694,-88.37066,1725
Ashland,WI,46.59244,-90.8838,8040
Ashwaubenon,WI,44.48221,-88.0701,17176
Athens,WI,45.03302,-90.07402,1096
Auburndale,WI,44.62691,-90.00763,673
Augusta,WI,44.68024,-91.11988,1532
Avoca,WI,43.18193,-90.32457,627
Aztalan,WI,43.07278,-88.86233,1485
Baldwin,WI,44.96663,-92.37436,3972
Balsam Lake,WI,45.45218,-92.45464,991
Bancroft,WI,44.30969,-89.51373,535
Bangor,WI,43.89302,-90.99041,1492
Baraboo,WI,43.47109,-89.74429,12155
Barneveld,WI,43.01555,-89.8954,1232
Barron,WI,45.40135,-91.84906,3322
Barton,WI,43.44361,-88.18065,2615
Bayside,WI,43.18056,-87.90064,4419
Beaver Dam,WI,43.45777,-88.83733,16564
Belgium,WI,43.49972,-87.85037,2261
Belle Plaine,WI,44.71526,-88.66621,1846
Belleville,WI,42.85972,-89.53818,2425
Bellevue,WI,44.44416,-87.9201,15317
Belmont,WI,42.73611,-90.33429,986
Beloit,WI,42.50835,-89.03178,36891
Benton,WI,42.56972,-90.38068,964
Berlin,WI,43.96804,-88.94345,5420
Bevent,WI,44.77053,-89.38956,1115
Big Bend,WI,42.8814,-88.20676,1312
Birnamwood,WI,44.9333,-89.20956,798
Biron,WI,44.42385,-89.7804,804
Black Creek,WI,44.47749,-88.45066,1322
Black Earth,WI,43.13722,-89.74679,1403
Black River Falls,WI,44.29468,-90.85153,3564
Blair,WI,44.2944,-91.23516,1351
Blanchardville,WI,42.81028,-89.86207,818
Bloomer,WI,45.10024,-91.48877,3520
Bloomington,WI,42.88527,-90.92346,718
Blue Mounds,WI,43.01773,-89.8346,938
Bluffview,WI,43.3711,-89.77318,742
Bohners Lake,WI,42.62307,-88.28037,2444
Bonduel,WI,44.74027,-88.44482,1456
Boscobel,WI,43.13443,-90.7054,3189
Boyceville,WI,45.04357,-92.04101,1103
Boyd,WI,44.95191,-91.03487,540
Brandon,WI,43.73526,-88.78122,859
Brice Prairie,WI,43.93857,-91.29986,1887
Brillion,WI,44.17721,-88.06427,3142
Bristol,WI,42.55891,-88.04925,4951
Brodhead,WI,42.61834,-89.37623,3291
Brookfield,WI,43.06057,-88.10648,38025
Brooklyn,WI,42.85361,-89.3704,1449
Brothertown,WI,43.96805,-88.30899,1321
Brown Deer,WI,43.16334,-87.96453,12102
Browns Lake,WI,42.69252,-88.2312,2039
Brownsville,WI,43.61638,-88.49066,582
Bruce,WI,45.45691,-91.27321,729
Buffalo City,WI,44.23052,-91.86432,973
Burlington,WI,42.67807,-88.2762,10650
Butler,WI,43.10584,-88.06953,1825
Butte des Morts,WI,44.09943,-88.654,962
Cadott,WI,44.94802,-91.1507,1426
Caledonia,WI,42.8078,-87.92425,24684
Cambria,WI,43.54221,-89.10734,754
Cambridge,WI,43.00361,-89.0165,1494
Cameron,WI,45.40857,-91.74406,1795
Camp Douglas,WI,43.92247,-90.27152,607
Camp Lake,WI,42.53474,-88.1437,3665
Campbellsport,WI,43.59777,-88.27899,1978
Cascade,WI,43.65833,-88.00704,701
Casco,WI,44.55777,-87.61815,578
Cashton,WI,43.74191,-90.7793,1097
Cassville,WI,42.71444,-90.99068,924
Cato,WI,44.14277,-87.8612,1546
Cecil,WI,44.80999,-88.45232,554
Cedar Grove,WI,43.56972,-87.82342,2112
Cedarburg,WI,43.29667,-87.98759,11482
Centuria,WI,45.45135,-92.55409,925
Chenequa,WI,43.11167,-88.39232,603
Chetek,WI,45.31413,-91.651,2191
Chief Lake,WI,45.92662,-91.33295,583
Chilton,WI,44.02888,-88.16288,3896
Chippewa Falls,WI,44.93691,-91.39293,14047
Clam Falls,WI,45.68856,-92.29353,588
Clayton,WI,45.33135,-92.1713,550
Clear Lake,WI,45.25191,-92.2713,1040
Cleveland,WI,43.91499,-87.74731,1468
Clinton,WI,42.55779,-88.86511,2140
Clintonville,WI,44.62053,-88.76232,4455
Colby,WI,44.90997,-90.31569,1828
Coleman,WI,45.06498,-88.03427,705
Colfax,WI,44.99746,-91.72712,1161
Columbus,WI,43.33805,-89.01539,4996
Combined Locks,WI,44.26582,-88.31427,3532
Como,WI,42.61224,-88.48232,2631
Concord,WI,43.06945,-88.59871,2070
Cooperstown,WI,44.31277,-87.77453,1278
Coon Valley,WI,43.70219,-91.01319,780
Cornell,WI,45.16719,-91.14931,1440
Cottage Grove,WI,43.07611,-89.19956,6854
Crandon,WI,45.57191,-88.90289,1863
Crivitz,WI,45.23248,-88.00761,965
Cross Plains,WI,43.11444,-89.65568,4000
Cuba City,WI,42.60555,-90.42985,2055
Cudahy,WI,42.95974,-87.86147,18353
Cumberland,WI,45.53218,-92.01935,2146
Dakota,WI,43.99025,-89.35651,1207
Dale,WI,44.27304,-88.67844,528
Dane,WI,43.25055,-89.50151,1120
Darien,WI,42.60168,-88.7076,1610
Darlington,WI,42.68306,-90.11763,2405
DeForest,WI,43.24777,-89.34373,8936
De Pere,WI,44.44888,-88.06038,24724
Deerfield,WI,43.05194,-89.07567,2499
Delafield,WI,43.06084,-88.40371,7180
Delavan,WI,42.63307,-88.64371,8389
Delavan Lake,WI,42.58418,-88.6326,2649
Dellwood,WI,43.98414,-89.93874,563
Denmark,WI,44.34777,-87.82732,2193
Dickeyville,WI,42.62722,-90.59207,1039
Dodgeville,WI,42.96027,-90.13012,4652
Dorchester,WI,45.00302,-90.33569,862
Dousman,WI,43.01418,-88.4726,2335
Dresser,WI,45.35607,-92.63354,860
Durand,WI,44.62635,-91.96573,1847
Dyckesville,WI,44.64333,-87.76121,538
Eagle,WI,42.87946,-88.47427,1974
Eagle Lake,WI,42.70696,-88.12814,1192
Eagle River,WI,45.91718,-89.2443,1363
East Troy,WI,42.78529,-88.4051,4295
Easton,WI,43.83803,-89.80679,1085
Eau Claire,WI,44.81135,-91.49849,67778
Eden,WI,43.6936,-88.36094,862
Edgar,WI,44.92719,-89.96346,1462
Edgerton,WI,42.83528,-89.06761,5532
El Paso,WI,44.76969,-92.34408,680
Eldorado,WI,43.82471,-88.62178,1445
Eleva,WI,44.5758,-91.47016,675
Elk Mound,WI,44.87302,-91.691,875
Elkhart Lake,WI,43.83333,-88.01787,963
Elkhorn,WI,42.67279,-88.54454,9895
Ellsworth,WI,44.73219,-92.48741,3197
Elm Grove,WI,43.04307,-88.07898,6172
Elmwood,WI,44.78108,-92.14601,808
Elroy,WI,43.7408,-90.27235,1372
Ettrick,WI,44.16829,-91.26904,518
Evansville,WI,42.78028,-89.29928,5228
Evergreen,WI,44.84247,-89.63762,3669
Fairchild,WI,44.60024,-90.96293,563
Fall Creek,WI,44.76357,-91.2771,1315
Fall River,WI,43.38443,-89.04511,1682
Fennimore,WI,42.9836,-90.6554,2488
Fitchburg,WI,42.96083,-89.46984,27996
Florence,WI,45.92218,-88.2518,592
Fond du Lac,WI,43.775,-88.43883,42933
Fontana,WI,42.55141,-88.5751,1720
Footville,WI,42.67084,-89.209,804
Forest Junction,WI,44.21249,-88.14427,616
Fort Atkinson,WI,42.92889,-88.83705,12426
Fountain City,WI,44.13191,-91.71876,848
Fox Lake,WI,43.56554,-88.9065,1478
Fox Point,WI,43.15751,-87.90175,6755
Francis Creek,WI,44.19944,-87.72148,653
Franklin,WI,42.88863,-88.03842,36222
Franksville,WI,42.76002,-87.91341,1846
Frederic,WI,45.65912,-92.46714,1105
Fredonia,WI,43.47056,-87.95065,2222
Fremont,WI,44.2597,-88.86483,665
French Island,WI,43.8583,-91.26042,4207
Friendship,WI,43.97053,-89.81679,670
Galesville,WI,44.08163,-91.34904,1551
Gays Mills,WI,43.31748,-90.84485,530
Genoa City,WI,42.49835,-88.32815,3029
Germantown,WI,43.22862,-88.11037,19993
Gibbsville,WI,43.65222,-87.82676,512
Gillett,WI,44.88999,-88.30732,1353
Glendale,WI,43.13529,-87.93564,12870
Glenmore,WI,44.38583,-87.92732,1142
Glenwood City,WI,45.05857,-92.17241,1219
Glidden,WI,46.13495,-90.57851,507
Grafton,WI,43.31973,-87.95342,11527
Grantsburg,WI,45.77634,-92.6827,1289
Green Bay,WI,44.51916,-88.01983,105207
Green Lake,WI,43.84415,-88.96011,984
Greendale,WI,42.94057,-87.99592,14333
Greenfield,WI,42.9614,-88.01259,37349
Greenleaf,WI,44.31332,-88.09621,607
Greenwood,WI,44.77024,-90.59931,1013
Gresham,WI,44.85303,-88.78816,572
Hales Corners,WI,42.93751,-88.0487,7759
Hammond,WI,44.97886,-92.43575,1898
Hartford,WI,43.31778,-88.37899,14355
Hartland,WI,43.10501,-88.34204,9219
Hatley,WI,44.88747,-89.33873,605
Hayward,WI,46.01301,-91.48462,2296
Hazel Green,WI,42.53278,-90.43457,1247
Hewitt,WI,44.64496,-90.10013,815
Highland,WI,43.04666,-90.37985,843
Hilbert,WI,44.14027,-88.16399,1106
Hillsboro,WI,43.6522,-90.34402,1420
Hingham,WI,43.63889,-87.91426,886
Holmen,WI,43.9633,-91.25625,9651
Horicon,WI,43.45138,-88.63121,3689
Hortonville,WI,44.3347,-88.63816,2712
Howard,WI,44.5436,-88.08816,19250
Howards Grove,WI,43.83388,-87.82009,3271
Hudson,WI,44.97469,-92.75687,13566
Hurley,WI,46.44967,-90.18656,1493
Hustisford,WI,43.34611,-88.60066,1100
Independence,WI,44.35691,-91.42043,1341
Iola,WI,44.50803,-89.13067,1273
Iron Ridge,WI,43.39972,-88.5326,904
Iron River,WI,46.56439,-91.40825,761
Ixonia,WI,43.14389,-88.59732,1624
Jackson,WI,43.32389,-88.16676,6859
Janesville,WI,42.68279,-89.01872,64123
Jefferson,WI,43.00556,-88.80733,7941
Joel,WI,45.36052,-92.23463,958
Johnson Creek,WI,43.07611,-88.77427,2913
Juneau,WI,43.40555,-88.7051,2692
Kaukauna,WI,44.27804,-88.27205,15854
Kenosha,WI,42.58474,-87.82119,99858
Keshena,WI,44.88387,-88.63372,1262
Kewaskum,WI,43.52083,-88.22899,4096
Kewaunee,WI,44.45833,-87.50314,2876
Kiel,WI,43.91249,-88.03565,3719
Kimberly,WI,44.27221,-88.339,6744
King,WI,44.33748,-89.14178,1750
Kohler,WI,43.73916,-87.78175,2110
Kronenwetter,WI,44.82219,-89.5904,7630
La Crosse,WI,43.80136,-91.23958,52306
La Farge,WI,43.5747,-90.64041,768
Lac du Flambeau,WI,45.96967,-89.8921,1969
Ladysmith,WI,45.46302,-91.10404,3188
Lake Delton,WI,43.60109,-89.79374,2967
Lake Geneva,WI,42.59168,-88.43343,7778
Lake Hallie,WI,44.87579,-91.44071,6535
Lake Koshkonong,WI,42.90973,-88.91955,1204
Lake Lac La Belle,WI,43.13084,-88.54454,860
Lake Mills,WI,43.08139,-88.91177,5798
Lake Nebagamon,WI,46.51494,-91.69991,1058
Lake Ripley,WI,43.00583,-88.98622,1779
Lake Shangrila,WI,42.5053,-88.07064,861
Lake Wazeecha,WI,44.37108,-89.75651,2651
Lake Wisconsin,WI,43.3736,-89.57568,4189
Lake Wissota,WI,44.92635,-91.30099,2738
Lamartine,WI,43.73332,-88.56872,1727
Lancaster,WI,42.84749,-90.71068,3778
Lannon,WI,43.14612,-88.1662,1086
Laona,WI,45.56469,-88.674,583
Lena,WI,44.9511,-88.04677,548
Liberty,WI,43.51636,-90.73402,558
Linden,WI,42.91777,-90.27346,538
Little Chute,WI,44.27999,-88.31844,11026
Little Round Lake,WI,45.96495,-91.36795,1081
Livingston,WI,42.89999,-90.43096,650
Lodi,WI,43.31388,-89.52651,3052
Lomira,WI,43.59138,-88.44371,2384
Lone Rock,WI,43.18332,-90.1979,852
Loyal,WI,44.73691,-90.49597,1239
Luck,WI,45.57607,-92.4827,1071
Luxemburg,WI,44.53861,-87.70398,2556
Madison,WI,43.07305,-89.40123,280305
Manawa,WI,44.46443,-88.91983,1316
Manchester,WI,43.69054,-89.04845,1020
Manitowoc,WI,44.08861,-87.65758,33010
Maple Bluff,WI,43.11833,-89.37956,1340
Maple Grove,WI,44.18944,-87.92371,980
Marathon,WI,44.92913,-89.8404,1524
Marinette,WI,45.09998,-87.63066,10799
Marion,WI,44.67081,-88.88927,1220
Markesan,WI,43.7072,-88.99011,1417
Marshall,WI,43.16833,-89.06678,3927
Marshfield,WI,44.66885,-90.1718,18620
Mauston,WI,43.79719,-90.07735,4374
Mayville,WI,43.49416,-88.54482,4989
Mazomanie,WI,43.17666,-89.79485,1697
McFarland,WI,43.0125,-89.28984,8209
Medford,WI,45.13858,-90.34014,4338
Meeme,WI,43.92055,-87.83148,1538
Menasha,WI,44.20221,-88.4465,17572
Mellen,WI,46.32551,-90.66102,700
Menomonee Falls,WI,43.1789,-88.11731,36119
Menomonie,WI,44.87552,-91.91934,16305
Mequon,WI,43.21555,-88.03001,23132
Merrill,WI,45.18052,-89.68346,9233
Merrillan,WI,44.45107,-90.84126,533
Merton,WI,43.14667,-88.30676,3575
Middle Inlet,WI,45.29164,-87.99233,827
Middleton,WI,43.09722,-89.50429,18979
Milford,WI,43.10083,-88.84677,1116
Milltown,WI,45.52607,-92.50853,883
Milton,WI,42.77556,-88.944,5593
Milwaukee,WI,43.0389,-87.90647,563531
Mineral Point,WI,42.86,-90.17985,2494
Minong,WI,46.09939,-91.82491,505
Mishicot,WI,44.23916,-87.64119,1407
Mondovi,WI,44.56774,-91.67099,2654
Monona,WI,43.06222,-89.33401,8164
Monroe,WI,42.60112,-89.63845,10796
Montello,WI,43.79137,-89.31984,1456
Monticello,WI,42.74556,-89.59484,1227
Montreal,WI,46.428,-90.24601,783
Mosinee,WI,44.79302,-89.70318,4030
Mount Calvary,WI,43.82638,-88.24621,746
Mount Horeb,WI,43.00861,-89.73846,7421
Mount Morris,WI,44.11442,-89.19067,1085
Mukwonago,WI,42.86668,-88.33343,7721
Muscoda,WI,43.18499,-90.44318,1265
Muskego,WI,42.90585,-88.13898,24755
Nashotah,WI,43.09779,-88.40232,1393
Nashville,WI,45.52274,-89.02484,1037
Necedah,WI,44.02608,-90.07402,921
Neenah,WI,44.18582,-88.46261,25792
Neillsville,WI,44.55996,-90.59625,2409
Nekoosa,WI,44.31246,-89.90429,2474
Neopit,WI,44.98081,-88.83094,690
Neosho,WI,43.31028,-88.51816,557
New Auburn,WI,45.20413,-91.55822,571
New Berlin,WI,42.9764,-88.10842,39825
New Glarus,WI,42.81445,-89.63512,2172
New Holstein,WI,43.94999,-88.08426,3216
New Lisbon,WI,43.87914,-90.16541,2486
New London,WI,44.39276,-88.73983,7172
New Richmond,WI,45.12302,-92.53659,8821
Newburg,WI,43.43167,-88.04648,1233
Niagara,WI,45.77135,-87.99485,1587
North Fond du Lac,WI,43.81138,-88.48344,5004
North Freedom,WI,43.45971,-89.86846,706
North Hudson,WI,44.99302,-92.75687,3822
North La Crosse,WI,43.84635,-91.24819,50470
North Prairie,WI,42.93446,-88.40537,2158
Norwalk,WI,43.83052,-90.62152,638
Oak Creek,WI,42.88585,-87.86314,35243
Oakfield,WI,43.6861,-88.5465,1073
Oconomowoc,WI,43.11167,-88.49927,16360
Oconomowoc Lake,WI,43.10445,-88.45926,612
Oconto,WI,44.88721,-87.86455,4476
Oconto Falls,WI,44.87388,-88.14288,2834
Okauchee Lake,WI,43.12334,-88.44065,4422
Omro,WI,44.03943,-88.74428,3553
Onalaska,WI,43.88441,-91.23514,18468
Oneida,WI,44.4986,-88.18288,1210
Ontario,WI,43.7258,-90.59152,553
Oostburg,WI,43.62277,-87.79453,2964
Oregon,WI,42.92611,-89.38456,10043
Orfordville,WI,42.62751,-89.25317,1495
Osceola,WI,45.32052,-92.70493,2511
Oshkosh,WI,44.02471,-88.54261,66555
Osseo,WI,44.57218,-91.22738,1703
Owen,WI,44.94858,-90.5643,930
Oxford,WI,43.78137,-89.57262,590
Paddock Lake,WI,42.57752,-88.10509,3014
Palmyra,WI,42.87779,-88.58621,1776
Pardeeville,WI,43.53776,-89.30012,2086
Park Falls,WI,45.9344,-90.44155,2334
Park Ridge,WI,44.51941,-89.54595,504
Pell Lake,WI,42.53807,-88.35093,3722
Pepin,WI,44.44108,-92.14795,795
Peshtigo,WI,45.05443,-87.74927,3430
Pewaukee,WI,43.08057,-88.2612,8208
Phillips,WI,45.69663,-90.40043,1388
Pittsfield,WI,44.59944,-88.2451,2704
Pittsville,WI,44.43913,-90.12458,849
Plain,WI,43.27888,-90.04374,779
Plainfield,WI,44.21386,-89.49234,834
Platteville,WI,42.73416,-90.47846,12572
Pleasant Prairie,WI,42.55308,-87.93341,20726
Plover,WI,44.45636,-89.54401,12319
Plum City,WI,44.62913,-92.1924,578
Plymouth,WI,43.74861,-87.97704,8505
Polonia,WI,44.56997,-89.41317,526
Poplar,WI,46.58383,-91.79908,600
Port Edwards,WI,44.3508,-89.8654,1740
Port Washington,WI,43.38722,-87.87564,11576
Portage,WI,43.53915,-89.46262,10382
Portland,WI,43.76886,-90.85819,1065
Potosi,WI,42.68944,-90.71207,678
Potter Lake,WI,42.82168,-88.34898,1107
Powers Lake,WI,42.55363,-88.29454,1615
Poynette,WI,43.39026,-89.4029,2493
Prairie du Chien,WI,43.05165,-91.14124,5757
Prairie du Sac,WI,43.28693,-89.72401,4255
Prentice,WI,45.54607,-90.28654,627
Prescott,WI,44.74886,-92.80215,4208
Princeton,WI,43.85081,-89.12178,1185
Pulaski,WI,44.67222,-88.2426,3550
Racine,WI,42.72613,-87.78285,77742
Randolph,WI,43.53915,-89.00678,1770
Random Lake,WI,43.55222,-87.96176,1594
Redgranite,WI,44.04192,-89.09845,2113
Reedsburg,WI,43.53248,-90.00263,9548
Reedsville,WI,44.1536,-87.95676,1175
Reeseville,WI,43.30499,-88.84483,687
Rhinelander,WI,45.63662,-89.41208,7526
Rib Lake,WI,45.31747,-90.20848,894
Rib Mountain,WI,44.91275,-89.6754,5651
Rice Lake,WI,45.50607,-91.73823,8391
Richfield,WI,43.25612,-88.19398,11530
Richland Center,WI,43.33471,-90.38679,5013
Richmond,WI,42.71473,-88.74927,3449
Ridgeway,WI,43.00222,-89.9904,643
Ripon,WI,43.8422,-88.83594,7700
Rio,WI,43.44776,-89.23984,1044
River Falls,WI,44.86136,-92.62381,15269
River Hills,WI,43.17418,-87.92425,1607
Roberts,WI,44.98386,-92.55603,1638
Rochester,WI,42.74141,-88.22426,3765
Rockland,WI,43.90636,-90.9193,621
Rome,WI,44.2206,-89.80843,2697
Rosendale,WI,43.80776,-88.67483,1043
Rothschild,WI,44.88719,-89.62012,5329
Roxbury,WI,43.24943,-89.6754,1897
Rutland,WI,42.87889,-89.35012,2060
Saint Croix Falls,WI,45.40996,-92.63965,2133
Saint Francis,WI,42.96752,-87.87758,9365
Saint Joseph,WI,43.78552,-91.0418,503
Saint Nazianz,WI,44.00805,-87.92231,783
Saint Peter,WI,43.83638,-88.34149,1489
Salem,WI,42.55474,-88.11092,11416
Sauk City,WI,43.27082,-89.72207,3489
Saukville,WI,43.38167,-87.94065,4463
Saxeville,WI,44.17609,-89.11456,973
Schofield,WI,44.90969,-89.60457,2203
Sextonville,WI,43.27832,-90.29096,551
Seymour,WI,44.51499,-88.33038,3440
Sharon,WI,42.50252,-88.72899,1586
Shawano,WI,44.78221,-88.60899,9128
Sheboygan,WI,43.75083,-87.71453,48797
Sheboygan Falls,WI,43.73197,-87.82213,7840
Shell Lake,WI,45.73939,-91.92545,1315
Sherwood,WI,44.1736,-88.25983,2865
Shiocton,WI,44.44471,-88.57899,921
Shorewood,WI,43.08918,-87.88758,13311
Shorewood Hills,WI,43.0775,-89.44568,2037
Shullsburg,WI,42.57334,-90.23096,1210
Silver Lake,WI,44.05526,-89.22623,2480
Siren,WI,45.78578,-92.38103,778
Sister Bay,WI,45.18721,-87.12095,911
Slinger,WI,43.33361,-88.28621,5208
Soldiers Grove,WI,43.39526,-90.7743,560
Solon Springs,WI,46.35327,-91.82241,602
Somers,WI,42.6403,-87.91036,9454
Somerset,WI,45.12441,-92.67354,2693
South Milwaukee,WI,42.91057,-87.86064,21233
Sparta,WI,43.94413,-90.81291,9679
Spencer,WI,44.75774,-90.2968,1921
Spooner,WI,45.82245,-91.88934,2586
Spring Green,WI,43.17527,-90.0679,1648
Spring Valley,WI,44.84524,-92.2388,1342
Stanley,WI,44.95997,-90.93708,3569
Star Prairie,WI,45.19691,-92.53075,569
Stetsonville,WI,45.07691,-90.31514,526
Stevens Point,WI,44.52358,-89.57456,26604
Stockbridge,WI,44.07166,-88.29899,632
Stoddard,WI,43.66191,-91.21847,815
Stoughton,WI,42.91695,-89.21789,13067
Stratford,WI,44.80108,-90.0793,1577
Strum,WI,44.54969,-91.39266,1125
Sturgeon Bay,WI,44.83416,-87.37704,8956
Sturtevant,WI,42.69807,-87.89452,6960
Suamico,WI,44.63194,-88.03927,12187
Sullivan,WI,43.01279,-88.58816,671
Sun Prairie,WI,43.1836,-89.21373,32365
Superior,WI,46.72077,-92.10408,26579
Superior Village,WI,46.65689,-92.10436,558
Suring,WI,44.99916,-88.37205,527
Sussex,WI,43.1339,-88.22204,10753
Sylvan,WI,43.42248,-90.62818,542
Tainter Lake,WI,44.98913,-91.84767,2242
Taycheedah,WI,43.80888,-88.39511,704
Theresa,WI,43.51722,-88.45121,1213
Thiensville,WI,43.23751,-87.9787,3174
Thorp,WI,44.96108,-90.79986,1624
Three Lakes,WI,45.79829,-89.1629,605
Tichigan,WI,42.8289,-88.19759,5133
Tigerton,WI,44.74081,-89.06317,721
Tomah,WI,43.97858,-90.50402,9357
Tomahawk,WI,45.47108,-89.72986,3223
Trempealeau,WI,44.00552,-91.44209,1615
Turtle Lake,WI,45.3944,-92.14241,1033
Twin Lakes,WI,42.53113,-88.24815,6094
Two Rivers,WI,44.15388,-87.56925,11331
Union Grove,WI,42.68807,-88.05147,4891
Valders,WI,44.0661,-87.88426,940
Vermont,WI,43.07222,-89.78568,864
Verona,WI,42.99083,-89.53318,12540
Vesper,WI,44.48218,-89.96402,559
Viola,WI,43.50609,-90.66819,676
Viroqua,WI,43.55692,-90.88874,4362
Wabeno,WI,45.43858,-88.66039,575
Wales,WI,43.00445,-88.37676,2573
Walworth,WI,42.53113,-88.59955,2838
Washburn,WI,46.67327,-90.89491,2055
Washington,WI,45.3947,-86.93151,833
Waterloo,WI,43.18388,-88.98844,3343
Waterford,WI,42.76307,-88.21426,5358
Watertown,WI,43.19472,-88.72899,23819
Waubeka,WI,43.475,-87.99037,657
Waukesha,WI,43.01168,-88.23148,71970
Waunakee,WI,43.19194,-89.45567,13311
Waupaca,WI,44.35803,-89.08595,6014
Waupun,WI,43.63332,-88.72955,11343
Wausau,WI,44.95914,-89.63012,39094
Wausaukee,WI,45.3708,-87.95233,568
Wautoma,WI,44.0747,-89.2879,2136
Wauwatosa,WI,43.04946,-88.00759,47614
Wauzeka,WI,43.08526,-90.88318,727
Webster,WI,45.87745,-92.36742,627
West Baraboo,WI,43.47443,-89.7704,1439
West Allis,WI,43.01668,-88.00703,60620
West Bend,WI,43.42528,-88.18343,31695
West Milwaukee,WI,43.01251,-87.97259,4212
West Salem,WI,43.89913,-91.08125,5014
Westby,WI,43.65692,-90.8543,2263
Westfield,WI,43.88359,-89.49346,1226
Weston,WI,44.8908,-89.54762,15069
Weyauwega,WI,44.32137,-88.93372,1866
Whitefish Bay,WI,43.11334,-87.90009,14110
Whitehall,WI,44.36746,-91.31655,1568
Whitelaw,WI,44.14472,-87.82148,744
Whitewater,WI,42.83362,-88.73233,14692
Whiting,WI,44.49358,-89.55873,1727
Wild Rose,WI,44.17859,-89.24901,699
Williams Bay,WI,42.57807,-88.54093,2600
Wilton,WI,43.81358,-90.52791,506
Winchester,WI,44.19859,-88.66483,671
Wind Lake,WI,42.82946,-88.1587,5342
Wind Point,WI,42.78446,-87.76619,1710
Windsor,WI,43.21833,-89.34151,3573
Winneconne,WI,44.11082,-88.71261,2445
Wisconsin Dells,WI,43.62748,-89.77096,2705
Wisconsin Rapids,WI,44.38358,-89.81735,17897
Wittenberg,WI,44.8272,-89.16956,1022
Wonewoc,WI,43.65275,-90.22346,796
Woodruff,WI,45.89634,-89.69904,966
Woodville,WI,44.95302,-92.2913,1339
Wrightstown,WI,44.32582,-88.16288,3325
Wyocena,WI,43.49582,-89.30845,744
Benwood,WV,40.01813,-80.73425,1361
Bethany,WV,40.20563,-80.55674,1029
Chester,WV,40.61312,-80.56285,2498
Clearview,WV,40.14118,-80.68813,553
Follansbee,WV,40.32757,-80.59591,2887
Hooverson Heights,WV,40.32479,-80.57757,2590
New Cumberland,WV,40.49673,-80.60674,1063
Newell,WV,40.6184,-80.60424,1376
Triadelphia,WV,40.05257,-80.62841,772
Weirton,WV,40.41896,-80.58952,19175
Weirton Heights,WV,40.4084,-80.53924,19450
Wellsburg,WV,40.27201,-80.60952,2704
West Liberty,WV,40.16979,-80.59369,1590
Wheeling,WV,40.06396,-80.72091,27648
Baltic,CT,41.61704,-72.08452,1250
Newtown,CT,41.41398,-73.30345,1967
Three Rivers,MA,42.1812,-72.36064,2890
South Duxbury,MA,42.02316,-70.68281,3360
Groton,MA,42.6112,-71.57451,1124
Sheffield,MA,42.11037,-73.35511,3393
Carmel,ME,44.79757,-69.05115,2512
Phillips,ME,44.82311,-70.33951,1029
West Kennebunk,ME,43.4087,-70.58144,1176
Nowthen,MN,45.32802,-93.47023,4582
Alda,NE,40.87112,-98.46812,655
Castleton,VT,43.61062,-73.17983,1485
Caroga Lake,NY,43.13785,-74.48125,518
Honeoye,NY,42.79006,-77.51694,579
Victory,NY,43.19729,-76.65439,548
Portland,PA,40.92315,-75.09657,510
Mercer,WI,46.1655,-90.06266,516
Ansonia,CT,41.34621,-73.079,18854
Avon,CT,41.80982,-72.83065,18932
Bantam,CT,41.72454,-73.23623,735
Barkhamsted,CT,41.92926,-72.91399,3647
Bethel,CT,41.37121,-73.41401,9549
Bloomfield,CT,41.82649,-72.73009,21535
Blue Hills,CT,41.81288,-72.69759,2901
Bridgeport,CT,41.17923,-73.18945,147629
Bristol,CT,41.67176,-72.94927,60452
East Windsor,CT,41.91232,-72.54509,4069
Brooklyn,CT,41.78815,-71.9498,981
Branford,CT,41.27954,-72.8151,29438
Byram,CT,41.00426,-73.65374,4146
Canaan,CT,42.02731,-73.32928,1212
Canton Valley,CT,41.83426,-72.89177,1580
Cheshire,CT,41.49899,-72.90066,29443
Clinton,CT,41.27871,-72.52759,3368
Colchester,CT,41.57565,-72.33203,4781
Collinsville,CT,41.81288,-72.9201,3746
Holbrook,AZ,34.90225,-110.15818,5019
York,AZ,32.911,-109.195,557
Fillmore,CA,34.39916,-118.91815,15548
Cool,CA,38.88722,-121.01472,4100
Bisbee,AZ,31.44815,-109.92841,5208
Middletown,CA,38.7524,-122.61499,1323
Black Canyon City,AZ,34.07087,-112.15071,2837
South Taft,CA,35.13469,-119.45623,2169
Vine Hill,CA,38.00853,-122.09608,3761
Dighton,KS,38.48196,-100.46708,990
Mora,NM,35.9742,-105.33001,656
Blackwater,AZ,33.03117,-111.58263,1062
Mona,UT,39.81607,-111.85549,1598
Bluewater,AZ,34.16863,-114.26495,725
Bouse,AZ,33.93252,-114.00577,996
Brenda,AZ,33.67975,-113.94466,676
Buckeye,AZ,33.37032,-112.58378,50876
Bullhead City,AZ,35.14778,-114.5683,39445
Burnside,AZ,35.75112,-109.62455,537
Bylas,AZ,33.13428,-110.12004,1962
Cactus Flat,AZ,32.7584,-109.71619,1518
Cactus Forest,AZ,32.96006,-111.31984,594
Cameron,AZ,35.87583,-111.41292,885
Camp Verde,AZ,34.56364,-111.85432,11155
Canyon Day,AZ,33.78477,-110.02649,1209
Carefree,AZ,33.82226,-111.9182,3610
Casa Blanca,AZ,33.12033,-111.88819,1388
Casa Grande,AZ,32.8795,-111.75735,51460
Casas Adobes,AZ,32.32341,-110.9951,66795
Catalina,AZ,32.50556,-110.92111,7569
Catalina Foothills,AZ,32.29785,-110.9187,50796
Cave Creek,AZ,33.83333,-111.95083,5341
Central,AZ,32.86757,-109.79286,645
Chandler,AZ,33.30616,-111.84125,260828
Chilchinbito,AZ,36.52722,-110.08235,506
Chinle,AZ,36.15445,-109.55261,4518
Chino Valley,AZ,34.75752,-112.45378,11137
Cibecue,AZ,34.04477,-110.48539,1713
Cienega Springs,AZ,34.18863,-114.22467,1798
Citrus Park,AZ,33.54865,-112.44433,4028
Clarkdale,AZ,34.77113,-112.05794,4240
Claypool,AZ,33.41117,-110.84261,1538
Clifton,AZ,33.0509,-109.29618,3685
Colorado City,AZ,36.99026,-112.97577,4832
Congress,AZ,34.16253,-112.85074,1975
Coolidge,AZ,32.97784,-111.51762,12297
Cordes Lakes,AZ,34.30781,-112.10349,2633
Cornville,AZ,34.7178,-111.92154,3280
Corona de Tucson,AZ,31.96536,-110.77564,5675
Cottonwood,AZ,34.73919,-112.00988,11818
Deer Valley,AZ,33.68393,-112.13488,165656
Dennehotso,AZ,36.84584,-109.8465,746
Desert Hills,AZ,34.5539,-114.37246,2245
Dilkon,AZ,35.38529,-110.32068,1184
Dolan Springs,AZ,35.59194,-114.27329,2033
Douglas,AZ,31.34455,-109.54534,16592
Drexel Heights,AZ,32.14119,-111.02843,27749
Dudleyville,AZ,32.919,-110.729,959
Duncan,AZ,32.72146,-109.10534,799
Eagar,AZ,34.11124,-109.29238,4869
East Fork,AZ,33.79811,-109.93038,699
East Sahuarita,AZ,31.94286,-110.92842,1622
Ehrenberg,AZ,33.60419,-114.52523,1470
El Mirage,AZ,33.61309,-112.3246,33935
Eloy,AZ,32.7559,-111.55484,17059
First Mesa,AZ,35.83667,-110.38152,1555
Flagstaff,AZ,35.19807,-111.65127,70320
Florence,AZ,33.03145,-111.38734,31110
Flowing Wells,AZ,32.29396,-111.00982,16419
Fort Defiance,AZ,35.74446,-109.07648,3624
Fortuna Foothills,AZ,32.65783,-114.41189,26265
Fountain Hills,AZ,33.61171,-111.71736,23899
Fredonia,AZ,36.94554,-112.52659,1322
Ganado,AZ,35.7114,-109.54205,1210
Gila Bend,AZ,32.94782,-112.71683,2025
Gila Crossing,AZ,33.27671,-112.16682,621
Gilbert,AZ,33.35283,-111.78903,247542
Gisela,AZ,34.10171,-111.27986,570
Glendale,AZ,33.53865,-112.18599,240126
Globe,AZ,33.39422,-110.7865,7396
Gold Camp,AZ,33.29367,-111.30429,10159
Golden Valley,AZ,35.22333,-114.22301,8370
Goodyear,AZ,33.43532,-112.35821,79003
Grand Canyon,AZ,36.05443,-112.13934,1460
Grand Canyon Village,AZ,36.04637,-112.15406,1550
Greasewood,AZ,35.52251,-109.85734,547
Green Valley,AZ,31.85425,-110.9937,21391
Guadalupe,AZ,33.37088,-111.96292,6177
Hayden,AZ,33.00479,-110.78538,650
Hotevilla-Bacavi,AZ,35.92778,-110.67292,957
Houck,AZ,35.28308,-109.20704,1024
Huachuca City,AZ,31.62787,-110.33397,1755
Joseph City,AZ,34.95586,-110.33401,1386
Kachina Village,AZ,35.09696,-111.69266,2622
Kaibito,AZ,36.59722,-111.07431,1522
Kayenta,AZ,36.72778,-110.25458,5189
Kearny,AZ,33.05701,-110.91067,2038
Kingman,AZ,35.18944,-114.05301,28912
Komatke,AZ,33.314,-112.17,821
Kykotsmovi Village,AZ,35.87417,-110.62347,746
La Paz Valley,AZ,33.57697,-114.24189,699
Lake Havasu City,AZ,34.4839,-114.32245,53553
Lake Montezuma,AZ,34.63224,-111.77793,4706
Lake of the Woods,AZ,34.16393,-109.98955,4094
Laveen,AZ,33.36282,-112.16932,5930
LeChee,AZ,35.03224,-110.75291,1443
Leupp,AZ,35.29807,-111.00625,951
Linden,AZ,34.28504,-110.15706,2597
Litchfield Park,AZ,33.49337,-112.35794,5533
Littletown,AZ,32.13036,-110.87287,873
Low Mountain,AZ,35.94028,-110.11346,757
Lukachukai,AZ,36.41695,-109.22871,1701
Mammoth,AZ,32.72257,-110.64065,1487
Many Farms,AZ,36.35278,-109.61789,1348
Marana,AZ,32.43674,-111.22538,41315
Maricopa,AZ,33.05811,-112.04764,48602
Maryvale,AZ,33.50199,-112.17765,208189
Mayer,AZ,34.39781,-112.23627,1497
McNary,AZ,34.07366,-109.85705,528
Meadview,AZ,36.00221,-114.06829,1224
Mesa,AZ,33.42227,-111.82264,471825
Mesa del Caballo,AZ,34.28559,-111.29514,765
Mescal,AZ,31.99008,-110.43535,1812
Miami,AZ,33.39922,-110.86872,1783
Miracle Valley,AZ,31.37927,-110.15341,644
Moenkopi,AZ,36.1111,-111.22236,964
Mohave Valley,AZ,34.93306,-114.58885,2616
Morenci,AZ,33.052,-109.328,1489
Mountainaire,AZ,35.08529,-111.66599,1119
Munds Park,AZ,34.94557,-111.64016,631
Naco,AZ,31.33538,-109.94813,1046
New River,AZ,33.91587,-112.13599,14952
Nogales,AZ,31.34038,-110.93425,20252
Oracle,AZ,32.61091,-110.77093,3686
Oro Valley,AZ,32.39091,-110.96649,45303
Page,AZ,36.91472,-111.45583,7490
Paradise Valley,AZ,33.53115,-111.94265,13922
Parker,AZ,34.15002,-114.28912,3046
Parks,AZ,35.26057,-111.94877,1188
Patagonia,AZ,31.53954,-110.7562,890
Paulden,AZ,34.88558,-112.46823,5231
Payson,AZ,34.23087,-111.32514,15345
Peach Springs,AZ,35.52916,-113.42549,1090
Peoria,AZ,33.5806,-112.23738,190985
Peridot,AZ,33.31034,-110.45538,1350
Phoenix,AZ,33.44838,-112.07404,1650070
Picture Rocks,AZ,32.34591,-111.24621,9563
Pima,AZ,32.89656,-109.82835,2524
Pimaco Two,AZ,31.95064,-110.45258,682
Pine,AZ,34.38447,-111.45514,1963
Pinetop-Lakeside,AZ,34.14254,-109.96038,4345
Pinon,AZ,36.10083,-110.22596,904
Pirtleville,AZ,31.35716,-109.56352,1744
Prescott,AZ,34.54002,-112.4685,41899
Prescott Valley,AZ,34.61002,-112.31572,42197
Quartzsite,AZ,33.66391,-114.22995,3626
Queen Creek,AZ,33.24866,-111.6343,34614
Queen Valley,AZ,33.29867,-111.28957,788
Rio Verde,AZ,33.72254,-111.67569,1811
Rio Rico,AZ,31.47148,-110.97648,18962
Rock Point,AZ,36.71806,-109.62594,642
Round Rock,AZ,36.51306,-109.47344,789
Sacaton,AZ,33.07672,-111.7393,2672
Safford,AZ,32.83395,-109.70758,9683
Sahuarita,AZ,31.95758,-110.95565,25707
Saint David,AZ,31.90425,-110.21424,1699
Saint Johns,AZ,34.50587,-109.36093,3480
Saint Michaels,AZ,35.64474,-109.09565,1443
Salome,AZ,33.78114,-113.61465,1530
San Carlos,AZ,33.34588,-111.8507,4103
San Jose,AZ,32.82007,-109.59202,506
San Luis,AZ,32.487,-114.78218,31520
San Manuel,AZ,32.59979,-110.63093,3551
Sanders,AZ,35.21641,-109.33371,630
Santa Rosa,AZ,32.32368,-112.04125,628
Santan,AZ,33.17589,-111.7993,883
Sawmill,AZ,35.90251,-109.16593,748
Scottsdale,AZ,33.50921,-111.89903,236839
Second Mesa,AZ,35.79334,-110.50513,962
Sedona,AZ,34.86974,-111.76099,10388
Sells,AZ,31.91202,-111.88123,2495
Sevenmile,AZ,33.78533,-109.95676,707
Shongopovi,AZ,35.81806,-110.53458,831
Shonto,AZ,36.59444,-110.64236,591
Show Low,AZ,34.25421,-110.02983,10860
Shungopavi,AZ,35.80556,-110.52791,730
Sierra Vista,AZ,31.55454,-110.30369,43355
Snowflake,AZ,34.51337,-110.07845,5666
Somerton,AZ,32.59644,-114.70968,15048
Sonoita,AZ,31.6795,-110.65674,818
South Tucson,AZ,32.19952,-110.96842,5715
Spring Valley,AZ,34.34503,-112.15905,1148
Springerville,AZ,34.13355,-109.28834,1954
Stanfield,AZ,32.88255,-111.96208,740
Star Valley,AZ,34.25504,-111.25847,2277
Strawberry,AZ,34.40781,-111.49348,961
Summit,AZ,32.06702,-110.95148,5372
Sun City,AZ,33.59754,-112.27182,37499
Sun City West,AZ,33.66198,-112.34127,24535
Sun Lakes,AZ,33.21116,-111.87542,13975
Sun Valley,AZ,34.2542,-111.26125,1755
Superior,AZ,33.29395,-111.09623,2943
Surprise,AZ,33.63059,-112.33322,143148
Swift Trail Junction,AZ,32.72979,-109.71397,2935
Tacna,AZ,32.69755,-113.95354,602
Tanque Verde,AZ,32.25174,-110.73731,16901
Taylor,AZ,34.46504,-110.09123,4151
Teec Nos Pos,AZ,36.92111,-109.08566,730
Tempe,AZ,33.41477,-111.90931,175826
Tempe Junction,AZ,33.41421,-111.94348,158368
Thatcher,AZ,32.84923,-109.75925,4992
Three Points,AZ,32.07675,-111.31371,5581
Tolleson,AZ,33.45004,-112.25932,7008
Tombstone,AZ,31.71287,-110.06758,1312
Tonalea,AZ,36.32249,-110.96348,549
Tonto Basin,AZ,33.83171,-111.29457,1424
Tortolita,AZ,32.41035,-111.01732,4274
Tuba City,AZ,36.13499,-111.23986,8611
Tubac,AZ,31.61259,-111.04592,1191
Tucson,AZ,32.22174,-110.92648,542629
Tucson Estates,AZ,32.18758,-111.09093,12192
Tusayan,AZ,35.9736,-112.12656,567
Vail,AZ,32.04786,-110.71203,10208
Valle,AZ,35.65361,-112.1385,832
Vicksburg,AZ,33.74447,-113.75216,597
Wellton,AZ,32.67283,-114.14688,2936
Wenden,AZ,33.82253,-113.54159,728
Whetstone,AZ,31.69251,-110.35013,2617
White Cone,AZ,35.60529,-110.06818,817
White Mountain Lake,AZ,34.34865,-109.99789,2205
Whiteriver,AZ,33.83699,-109.96427,4104
Wickenburg,AZ,33.96864,-112.72962,6806
Wilhoit,AZ,34.42586,-112.58684,868
Willcox,AZ,32.25285,-109.83201,3552
Williams,AZ,35.24946,-112.191,3122
Williamson,AZ,34.69002,-112.54101,5438
Willow Valley,AZ,34.91195,-114.60663,1062
Window Rock,AZ,35.68057,-109.05259,2712
Winslow,AZ,35.02419,-110.69736,9600
Wittmann,AZ,33.77642,-112.5285,763
Yarnell,AZ,34.22169,-112.7474,649
Young,AZ,34.10143,-110.96374,666
Youngtown,AZ,33.59393,-112.30294,6613
Yuma,AZ,32.72532,-114.6244,95548
Acton,CA,34.46999,-118.19674,7596
Adelanto,CA,34.58277,-117.40922,33166
Agoura,CA,34.14306,-118.73787,20537
Agoura Hills,CA,34.13639,-118.77453,20915
Agua Caliente,CA,38.32408,-122.48804,27090
Agua Dulce,CA,34.49638,-118.32563,3342
Aguanga,CA,33.44281,-116.86502,1128
Ahwahnee,CA,37.3655,-119.72627,2246
Alameda,CA,37.77099,-122.26087,78630
Alamo,CA,37.8502,-122.03218,14570
Albany,CA,37.88687,-122.29775,19735
Alhambra,CA,34.09529,-118.12701,85551
Aliso Viejo,CA,33.56504,-117.72712,50195
Allendale,CA,38.44463,-121.94302,1506
Alondra Park,CA,33.88946,-118.33091,8592
Alpaugh,CA,35.88773,-119.48734,1026
Alpine,CA,32.83505,-116.76641,14236
Alta,CA,39.20657,-120.81133,610
Alta Sierra,CA,35.73126,-118.5539,7047
Altadena,CA,34.18973,-118.13118,42777
Alum Rock,CA,37.36605,-121.82718,15536
American Canyon,CA,38.17492,-122.2608,20554
Amesti,CA,36.96356,-121.77912,3478
Anaheim,CA,33.83529,-117.9145,350742
Angels Camp,CA,38.06826,-120.53965,2677
Angwin,CA,38.57574,-122.44998,3051
Antelope,CA,38.70824,-121.32995,45770
Antioch,CA,38.00492,-121.80579,110542
Anza,CA,33.55503,-116.67363,3014
Apple Valley,CA,34.50083,-117.18588,72174
Aptos,CA,36.97717,-121.8994,6220
Arbuckle,CA,39.0174,-122.05775,3028
Arcadia,CA,34.13973,-118.03534,58408
Armona,CA,36.31578,-119.70846,4156
Arnold,CA,38.25547,-120.35103,3843
Aromas,CA,36.88856,-121.643,2650
Arroyo Grande,CA,35.11859,-120.59073,18108
Artesia,CA,33.86585,-118.08312,16961
Arvin,CA,35.20913,-118.82843,20876
Ashland,CA,37.69465,-122.11385,21925
Atascadero,CA,35.48942,-120.67073,29819
Atherton,CA,37.46133,-122.19774,7167
Atwater Village,CA,34.1164,-118.25646,15455
Atwater,CA,37.34772,-120.60908,29237
Auberry,CA,37.08078,-119.48541,2369
Auburn,CA,38.89657,-121.07689,13776
Auburn Lake Trails,CA,38.91434,-120.95244,3426
August,CA,37.97881,-121.26217,8390
Avalon,CA,33.34281,-118.32785,3799
Avenal,CA,36.00412,-120.12903,13301
Avery,CA,38.20436,-120.36992,646
Avila Beach,CA,35.17998,-120.73184,1627
Avocado Heights,CA,34.03612,-117.99118,15411
Azusa,CA,34.13362,-117.90756,49690
Baker,CA,35.26498,-116.07446,735
Bakersfield,CA,35.37329,-119.01871,373640
Baldwin Park,CA,34.08529,-117.9609,77071
Bangor,CA,39.3885,-121.40524,646
Banning,CA,33.92557,-116.87641,30945
Barstow,CA,34.89859,-117.02282,23692
Barstow Heights,CA,34.86971,-117.05615,24202
Bass Lake,CA,37.32467,-119.56625,527
Bay Point,CA,38.02909,-121.96163,21534
Bear Valley Springs,CA,35.15913,-118.62842,5172
Beaumont,CA,33.92946,-116.97725,43811
Bel Air,CA,34.08334,-118.44869,8253
Bell,CA,33.97751,-118.18702,36205
Bell Gardens,CA,33.96529,-118.15146,43106
Bellflower,CA,33.88168,-118.11701,78441
Belmont,CA,37.52021,-122.2758,27218
Belvedere,CA,37.8727,-122.46442,2121
Ben Lomond,CA,37.08911,-122.08635,6234
Benicia,CA,38.04937,-122.15858,28167
Berkeley,CA,37.87159,-122.27275,120972
Bermuda Dunes,CA,33.7428,-116.28918,7282
Berry Creek,CA,39.64516,-121.4033,1424
Bethel Island,CA,38.01492,-121.64051,2137
Beverly Hills,CA,34.07362,-118.40036,34869
Big Bear City,CA,34.26112,-116.84503,12304
Big Bear Lake,CA,34.2439,-116.91142,5213
Big Pine,CA,37.16493,-118.28955,1756
Big River,CA,34.14002,-114.36134,1327
Big Sur,CA,36.27024,-121.80745,1000
Biggs,CA,39.41239,-121.71275,1704
Biola,CA,36.80217,-120.01627,1623
Bishop,CA,37.36354,-118.39511,3806
Blackhawk,CA,37.82076,-121.90774,9354
Bloomington,CA,34.07029,-117.39588,23851
Blythe,CA,33.6103,-114.59635,19208
Bodega Bay,CA,38.33325,-123.04806,1077
Bodfish,CA,35.58801,-118.49203,1956
Bolinas,CA,37.90937,-122.68637,1620
Bonita,CA,32.65783,-117.03003,12538
Bonny Doon,CA,37.04162,-122.15052,2678
Bonsall,CA,33.28892,-117.22559,3982
Boonville,CA,39.00907,-123.36612,1035
Bootjack,CA,37.46494,-119.88656,960
Boron,CA,34.99942,-117.64978,2253
Boronda,CA,36.69885,-121.67495,1710
Borrego Springs,CA,33.25587,-116.37501,3429
Bostonia,CA,32.80755,-116.93642,15379
Boulder Creek,CA,37.12606,-122.12219,4923
Boyle Heights,CA,34.0339,-118.20535,92785
Boyes Hot Springs,CA,38.3138,-122.48193,6656
Bradbury,CA,34.14695,-117.9709,1089
Brawley,CA,32.97866,-115.53027,25897
Brea,CA,33.91668,-117.90006,41944
Brentwood,CA,37.93187,-121.69579,58968
Bridgeport,CA,38.25575,-119.23127,575
Brisbane,CA,37.68077,-122.39997,4717
Broadmoor,CA,37.6866,-122.48275,4176
Brookdale,CA,37.10634,-122.10608,1991
Brooktrails,CA,39.44377,-123.38529,3235
Buellton,CA,34.6136,-120.19265,5082
Buena Park,CA,33.86751,-117.99812,83270
Buena Vista,CA,37.32133,-121.91662,1704
Burbank,CA,34.18084,-118.30897,105319
Burlingame,CA,37.5841,-122.36608,30459
Buttonwillow,CA,35.40052,-119.46956,1508
Byron,CA,37.86715,-121.63801,1277
Bystrom,CA,37.62076,-120.98577,4008
Cabazon,CA,33.91752,-116.78724,2535
Calabasas,CA,34.15778,-118.63842,23058
Calexico,CA,32.67895,-115.49888,40053
California City,CA,35.1258,-117.9859,13277
Calipatria,CA,33.1256,-115.51415,7424
Calistoga,CA,38.5788,-122.57971,5330
Calimesa,CA,34.0039,-117.06198,8542
Callender,CA,35.05303,-120.59628,1262
Calpella,CA,39.2335,-123.20389,679
Calwa,CA,36.71051,-119.75848,818
Camanche Village,CA,38.26992,-120.97327,847
Camarillo,CA,34.21639,-119.0376,67608
Cambria,CA,35.56414,-121.08075,6032
Cambrian Park,CA,37.25689,-121.93079,3282
Cameron Park,CA,38.66879,-120.98716,18228
Camino,CA,38.73824,-120.67493,1750
Camp Meeker,CA,38.42519,-122.95944,2461
Campbell,CA,37.28717,-121.94996,41117
Campo,CA,32.60645,-116.46891,2684
Canoga Park,CA,34.20112,-118.59814,60578
Canyon Country,CA,34.42333,-118.47203,59530
Canyon Lake,CA,33.68502,-117.27309,11080
Capitola,CA,36.97523,-121.95329,10189
Carlsbad,CA,33.15809,-117.35059,114746
Carmel Valley Village,CA,36.50605,-121.76594,4407
Carmel-by-the-Sea,CA,36.55524,-121.92329,3897
Carmichael,CA,38.61713,-121.32828,61762
Carnelian Bay,CA,39.22685,-120.08186,524
Carpinteria,CA,34.39888,-119.51846,13727
Carson,CA,33.83141,-118.28202,93281
Caruthers,CA,36.54273,-119.8332,2497
Casa Conejo,CA,34.18362,-118.94343,3249
Caspar,CA,39.3635,-123.81585,509
Castaic,CA,34.48888,-118.62287,19015
Castro Valley,CA,37.6941,-122.08635,61388
Castroville,CA,36.76579,-121.758,6481
Cathedral City,CA,33.77974,-116.46529,53826
Catheys Valley,CA,37.43244,-120.09796,825
Cayucos,CA,35.44275,-120.89213,2592
Cedar Ridge,CA,38.06576,-120.27686,1132
Ceres,CA,37.59493,-120.95771,47963
Century City,CA,34.05557,-118.41786,5513
Cerritos,CA,33.85835,-118.06479,49975
Channel Islands Beach,CA,34.15806,-119.22316,3103
Charter Oak,CA,34.10306,-117.84589,9310
Chatsworth,CA,34.25723,-118.6012,41255
Cherry Valley,CA,33.97252,-116.97725,6362
Cherryland,CA,37.67938,-122.1033,14728
Chico,CA,39.72849,-121.83748,121345
China Lake Acres,CA,35.64051,-117.76395,1876
Chinatown,CA,37.7966,-122.40858,100574
Chino,CA,34.01223,-117.68894,85595
Chino Hills,CA,33.9938,-117.75888,78309
Chowchilla,CA,37.123,-120.26018,18510
Chualar,CA,36.57052,-121.51855,1190
Chula Vista,CA,32.64005,-117.0842,265757
Citrus,CA,34.11501,-117.89173,10866
Citrus Heights,CA,38.70712,-121.28106,87056
Claremont,CA,34.09668,-117.71978,36283
Clay,CA,38.33602,-121.15939,1195
Clayton,CA,37.94103,-121.93579,11867
Clear Lake Riviera,CA,38.95406,-122.72082,3090
Clearlake,CA,38.95823,-122.62637,15182
Clearlake Oaks,CA,39.02628,-122.67193,2359
Cleone,CA,39.48989,-123.78557,618
Cloverdale,CA,38.80546,-123.01722,8811
Clovis,CA,36.82523,-119.70292,104180
Clyde,CA,38.02548,-122.02941,678
Coachella,CA,33.6803,-116.17389,44635
Coalinga,CA,36.13968,-120.36015,16564
Coarsegold,CA,37.26217,-119.70098,1840
Cobb,CA,38.82213,-122.72305,1778
Cohasset,CA,39.92544,-121.73109,847
Colfax,CA,39.10073,-120.95328,1995
Collierville,CA,38.21464,-121.26884,1934
Colma,CA,37.67688,-122.45969,1520
Coloma,CA,38.7999,-120.89022,529
Colton,CA,34.0739,-117.31365,54621
Columbia,CA,38.03631,-120.40131,2297
Colusa,CA,39.21433,-122.00942,5935
Commerce,CA,34.00057,-118.15979,13081
Compton,CA,33.89585,-118.22007,98462
Concow,CA,39.73018,-121.52661,710
Concord,CA,37.97798,-122.03107,128667
Copperopolis,CA,37.98104,-120.64187,3671
Corcoran,CA,36.09801,-119.5604,22477
Corning,CA,39.92766,-122.17916,7548
Corona,CA,33.87529,-117.56644,164226
Coronado,CA,32.68589,-117.18309,24812
Corralitos,CA,36.98856,-121.80634,2326
Corte Madera,CA,37.92548,-122.52748,9901
Costa Mesa,CA,33.64113,-117.91867,113204
Cotati,CA,38.32686,-122.70721,7445
Coto De Caza,CA,33.60419,-117.58699,14866
Cottonwood,CA,38.65824,-121.97108,3850
Country Club,CA,37.96881,-121.34078,9379
Covelo,CA,39.79327,-123.24922,1255
Covina,CA,34.09001,-117.89034,48984
Crest,CA,32.80727,-116.86808,2593
Crestline,CA,34.24195,-117.2856,10770
Crockett,CA,38.05242,-122.21302,3094
Cudahy,CA,33.96057,-118.18535,24311
Culver City,CA,34.02112,-118.39647,39717
Cupertino,CA,37.323,-122.03218,60572
Cutler,CA,36.52328,-119.28678,5000
Cypress,CA,33.81696,-118.03729,49290
Daly City,CA,37.70577,-122.46192,106562
Dana Point,CA,33.46697,-117.69811,34181
Danville,CA,37.82159,-121.99996,44400
Davis,CA,38.54491,-121.74052,67666
Day Valley,CA,37.03578,-121.86246,3409
Deer Park,CA,38.68185,-120.82327,1384
Del Mar,CA,32.95949,-117.26531,4351
Del Monte Forest,CA,36.58635,-121.94746,4514
Del Aire,CA,33.91613,-118.36952,10001
Del Rey,CA,36.65912,-119.59374,1639
Del Rey Oaks,CA,36.59329,-121.83495,1688
Del Rio,CA,37.74354,-121.01188,1270
Delano,CA,35.76884,-119.24705,52733
Delhi,CA,37.43216,-120.77854,10755
Delleker,CA,39.80879,-120.49799,705
Denair,CA,37.52632,-120.79687,4404
Descanso,CA,32.85283,-116.61585,1423
Desert Hot Springs,CA,33.96173,-116.50353,28335
Desert Shores,CA,33.4042,-116.03972,1104
Desert View Highlands,CA,34.59082,-118.15257,2360
Diablo,CA,37.83493,-121.95801,1158
Diamond Bar,CA,34.02862,-117.81034,56897
Diamond Springs,CA,38.69463,-120.81494,11037
Dinuba,CA,36.54328,-119.38707,23702
Discovery Bay,CA,37.90854,-121.60023,13352
Dixon,CA,38.44546,-121.8233,19390
Dobbins,CA,39.37156,-121.20607,624
Dogtown,CA,38.21381,-121.08855,2506
Dollar Point,CA,39.18796,-120.09991,1215
Dorrington,CA,38.30131,-120.27714,609
Dos Palos,CA,36.98606,-120.62657,5125
Downey,CA,33.94001,-118.13257,114219
Downieville,CA,39.55934,-120.82689,282
Duarte,CA,34.13945,-117.97729,21990
Dublin,CA,37.70215,-121.93579,57721
Ducor,CA,35.89162,-119.04732,612
Dunnigan,CA,38.88518,-121.96969,1416
Durham,CA,39.64627,-121.79998,5518
Dustin Acres,CA,35.21941,-119.39067,652
Earlimart,CA,35.88412,-119.27233,8537
East Rancho Dominguez,CA,33.89807,-118.19535,15135
East Foothills,CA,37.38105,-121.81745,8269
East Hemet,CA,33.74002,-116.93891,17418
East La Mirada,CA,33.92446,-117.98895,9757
East Los Angeles,CA,34.0239,-118.17202,126496
East Oakdale,CA,37.78798,-120.80382,2762
East Palo Alto,CA,37.46883,-122.14108,29662
East Pasadena,CA,34.13814,-118.07384,6144
East Porterville,CA,36.05745,-118.97566,6767
East Quincy,CA,39.93406,-120.89801,2489
East Richmond Heights,CA,37.94492,-122.31358,3280
East San Gabriel,CA,34.09168,-118.09118,14874
East Sonora,CA,37.9777,-120.3613,2266
Easton,CA,36.65023,-119.7907,2083
El Cajon,CA,32.79477,-116.96253,103679
El Centro,CA,32.792,-115.56305,43956
El Cerrito,CA,37.91576,-122.31164,23549
El Cerrito Corona,CA,33.84057,-117.52283,5100
El Dorado Hills,CA,38.68574,-121.08217,42108
El Granada,CA,37.50272,-122.46942,5467
El Monte,CA,34.06862,-118.02757,116732
El Rio,CA,34.23578,-119.16383,7198
El Segundo,CA,33.91918,-118.41647,17037
El Sobrante,CA,37.97715,-122.29525,12669
El Verano,CA,38.29769,-122.49165,4123
Eldridge,CA,38.3488,-122.51081,1233
Elk Grove,CA,38.4088,-121.37162,166913
Elkhorn,CA,36.8244,-121.7405,1565
Elverta,CA,38.71379,-121.46273,5492
Emerald Lake Hills,CA,37.46466,-122.26802,4278
Emeryville,CA,37.83132,-122.28525,11694
Empire,CA,37.63826,-120.90215,4189
Encinitas,CA,33.03699,-117.29198,62930
Encino,CA,34.15917,-118.50119,44581
Escalon,CA,37.79781,-120.99792,7523
Escondido,CA,33.11921,-117.08642,151038
Esparto,CA,38.69213,-122.01719,3108
Eucalyptus Hills,CA,32.87977,-116.94669,5313
Exeter,CA,36.29606,-119.14205,10548
Fair Oaks,CA,38.64463,-121.27217,30912
Fairbanks Ranch,CA,32.99393,-117.18726,3148
Fairfax,CA,37.98715,-122.58887,7626
Fairfield,CA,38.24936,-122.03997,112970
Fairmead,CA,37.07633,-120.19295,1447
Fairview,CA,37.67854,-122.0458,10003
Fallbrook,CA,33.37642,-117.25115,30534
Farmersville,CA,36.29773,-119.20678,10774
Felton,CA,37.05134,-122.0733,4057
Firebaugh,CA,36.85884,-120.45601,8330
Florin,CA,38.49602,-121.40884,47513
Folsom,CA,38.67796,-121.17606,76375
Fontana,CA,34.09223,-117.43505,212704
Foothill Farms,CA,38.67877,-121.35114,33121
Foothill Ranch,CA,33.68641,-117.66088,11698
Ford City,CA,35.15441,-119.45623,4278
Forest Meadows,CA,38.16851,-120.40659,1249
Forest Ranch,CA,39.88211,-121.67275,1184
Foresthill,CA,39.02018,-120.81799,1483
Forestville,CA,38.47352,-122.89027,3293
Fort Bragg,CA,39.44572,-123.80529,7289
Fort Irwin,CA,35.26275,-116.68475,8845
Fort Jones,CA,41.60764,-122.84031,688
Foster City,CA,37.55855,-122.27108,33477
Fountain Valley,CA,33.70918,-117.95367,56987
Fowler,CA,36.63051,-119.67847,6266
Frazier Park,CA,34.82276,-118.94482,2691
Freedom,CA,36.93523,-121.77301,3070
Fremont,CA,37.54827,-121.98857,232206
French Camp,CA,37.88409,-121.27106,3376
Fresno,CA,36.74773,-119.77237,542107
Friant,CA,36.98773,-119.71181,509
Fruitdale,CA,37.31086,-121.93275,935
Fuller Acres,CA,35.29996,-118.91177,991
Fullerton,CA,33.87029,-117.92534,140847
Fulton,CA,38.4963,-122.76999,541
Galt,CA,38.25464,-121.29995,25303
Garden Acres,CA,37.96381,-121.22939,10648
Garden Grove,CA,33.77391,-117.94145,175393
Gardena,CA,33.88835,-118.30896,60447
Garnet,CA,33.927,-116.477,7543
Georgetown,CA,38.90684,-120.83855,2367
Geyserville,CA,38.70769,-122.9025,862
Gilroy,CA,37.00578,-121.56828,53231
Glen Avon,CA,34.01168,-117.48477,20199
Glen Ellen,CA,38.36408,-122.52415,784
Glendale,CA,34.14251,-118.25508,201020
Glendora,CA,34.13612,-117.86534,52009
Gold River,CA,38.62629,-121.24662,7912
Golden Hills,CA,35.14247,-118.49036,8656
Goleta,CA,34.43583,-119.82764,30944
Gonzales,CA,36.50663,-121.44438,8473
Good Hope,CA,33.76474,-117.26698,9192
Goshen,CA,36.35106,-119.42012,3006
Graeagle,CA,39.76629,-120.61855,737
Grand Terrace,CA,34.0339,-117.31365,12464
Granite Bay,CA,38.76323,-121.16384,20402
Granite Hills,CA,32.80311,-116.90475,3035
Grass Valley,CA,39.21906,-121.06106,12944
Graton,CA,38.4363,-122.86972,1707
Grayson,CA,37.56382,-121.17938,952
Greeley Hill,CA,37.74465,-120.12991,915
Green Acres,CA,33.73808,-117.07642,1805
Green Valley,CA,38.25297,-122.16219,1625
Greenacres,CA,35.38329,-119.10983,5566
Greenfield,CA,36.3208,-121.24381,17184
Gridley,CA,39.36378,-121.69358,6582
Groveland,CA,37.83826,-120.23269,601
Grover Beach,CA,35.12164,-120.62128,13600
Guadalupe,CA,34.97164,-120.57184,7318
Guerneville,CA,38.50186,-122.99611,4534
Gustine,CA,37.25772,-120.99882,5756
Hacienda Heights,CA,33.99307,-117.96868,54038
Half Moon Bay,CA,37.46355,-122.42859,12657
Hamilton City,CA,39.74266,-122.01359,1759
Hanford,CA,36.32745,-119.64568,55659
Harbison Canyon,CA,32.82033,-116.83002,3841
Hartley,CA,38.41713,-121.94691,2510
Hawaiian Gardens,CA,33.8314,-118.07284,14592
Hawthorne,CA,33.9164,-118.35257,88451
Hayward,CA,37.66882,-122.0808,158289
Healdsburg,CA,38.61047,-122.86916,11742
Heber,CA,32.73089,-115.52972,4275
Hemet,CA,33.74761,-116.97307,83861
Herald,CA,38.29575,-121.24439,1184
Hercules,CA,38.01714,-122.28858,25314
Hermosa Beach,CA,33.86224,-118.39952,19860
Hesperia,CA,34.42639,-117.30088,93295
Hickman,CA,37.62354,-120.75382,641
Hidden Hills,CA,34.16028,-118.65231,1924
Hidden Meadows,CA,33.22531,-117.11253,3485
Hidden Valley Lake,CA,38.80796,-122.55832,5579
Highgrove,CA,34.01585,-117.33338,3988
Highland,CA,34.12834,-117.20865,54854
Hillsborough,CA,37.5741,-122.37942,11451
Hollister,CA,36.85245,-121.4016,37462
Hollywood,CA,34.09834,-118.32674,167664
Holtville,CA,32.81116,-115.38026,6404
Home Garden,CA,36.30328,-119.63624,1761
Home Gardens,CA,33.87807,-117.52088,11570
Homeland,CA,33.74308,-117.1092,5969
Hopland,CA,38.97295,-123.11639,756
Hughson,CA,37.59688,-120.86604,7384
Huntington Beach,CA,33.6603,-117.99923,201899
Huntington Park,CA,33.98168,-118.22507,59430
Huron,CA,36.20273,-120.10292,6836
Idyllwild,CA,33.74002,-116.71891,3583
Imperial,CA,32.84755,-115.56944,17095
Imperial Beach,CA,32.58394,-117.11308,27408
Independence,CA,36.80271,-118.2001,669
Indian Wells,CA,33.71791,-116.34311,5289
Indio,CA,33.7207,-116.21677,87533
Indio Hills,CA,33.83113,-116.2314,972
Inglewood,CA,33.96168,-118.35313,111666
Interlaken,CA,36.95134,-121.73384,7321
Inverness,CA,38.10103,-122.85694,1304
Inyokern,CA,35.6469,-117.81257,1099
Ione,CA,38.35269,-120.93272,7000
Irvine,CA,33.66946,-117.82311,256927
Irwindale,CA,34.10695,-117.93534,1437
Isla Vista,CA,34.41333,-119.86097,23096
Isleton,CA,38.16186,-121.61162,834
Ivanhoe,CA,36.38717,-119.21789,4495
Jackson,CA,38.3488,-120.7741,4649
Jacumba Hot Springs,CA,32.61756,-116.18974,561
Jamestown,CA,37.95326,-120.4227,3433
Jamul,CA,32.717,-116.87613,6163
Joshua Tree,CA,34.13473,-116.31307,7414
Julian,CA,33.07866,-116.60196,1502
June Lake,CA,37.77965,-119.07542,629
Kelseyville,CA,38.97795,-122.83944,3353
Kennedy,CA,37.92992,-121.25272,3254
Kensington,CA,37.91048,-122.28025,5077
Kentfield,CA,37.95215,-122.5572,6485
Kenwood,CA,38.4138,-122.54609,1028
Kerman,CA,36.72356,-120.05988,14475
Kernville,CA,35.75467,-118.42536,1395
Kettleman City,CA,36.00829,-119.9618,1439
Keyes,CA,37.5566,-120.91549,5601
King City,CA,36.21274,-121.12603,13902
Kings Beach,CA,39.23768,-120.02658,3796
Kingsburg,CA,36.51384,-119.55402,11824
Knights Landing,CA,38.79962,-121.7183,995
Knightsen,CA,37.96881,-121.66801,1568
Koreatown,CA,34.05779,-118.30091,124281
La Cañada Flintridge,CA,34.19917,-118.18785,20246
La Habra,CA,33.93196,-117.94617,62131
La Habra Heights,CA,33.96085,-117.95062,5454
La Honda,CA,37.31911,-122.27414,928
La Jolla,CA,32.84727,-117.2742,42808
La Mesa,CA,32.76783,-117.02308,60089
La Mirada,CA,33.91724,-118.01201,49520
La Palma,CA,33.8464,-118.04673,15904
La Presa,CA,32.70811,-116.99725,34169
La Puente,CA,34.02001,-117.94951,40745
La Quinta,CA,33.66336,-116.31001,40476
La Riviera,CA,38.56685,-121.3569,10802
La Selva Beach,CA,36.93662,-121.86468,2843
La Verne,CA,34.10084,-117.76784,32681
Ladera,CA,37.39994,-122.1983,1426
Ladera Heights,CA,33.99418,-118.37535,6498
Ladera Ranch,CA,33.57086,-117.63561,22980
Lafayette,CA,37.88576,-122.11802,25843
Laguna,CA,38.42102,-121.42384,46621
Laguna Beach,CA,33.54225,-117.78311,23365
Laguna Hills,CA,33.61252,-117.71283,31748
Laguna Niguel,CA,33.52253,-117.70755,65806
Laguna Woods,CA,33.6103,-117.72533,16406
Lake Arrowhead,CA,34.24834,-117.18921,12424
Lake Elsinore,CA,33.66808,-117.32726,61981
Lake Forest,CA,33.64697,-117.68922,82492
Lake Hughes,CA,34.67693,-118.44536,649
Lake Isabella,CA,35.61801,-118.47314,3466
Lake Los Angeles,CA,34.61249,-117.82812,12328
Lake Nacimiento,CA,35.7283,-120.87963,2411
Lake San Marcos,CA,33.12615,-117.20837,4437
Lake Wildwood,CA,39.23295,-121.20051,4991
Lake of the Pines,CA,39.03962,-121.05661,3917
Lake of the Woods,CA,34.81748,-118.99649,917
Lakeland Village,CA,33.63863,-117.34393,11541
Lakeport,CA,39.04295,-122.91583,4807
Lakeside,CA,32.85727,-116.92225,20648
Lakeview,CA,33.83863,-117.11809,2104
Lakewood,CA,33.85363,-118.13396,81611
Lamont,CA,35.25968,-118.91427,15120
Lanare,CA,36.43051,-119.93097,589
Lancaster,CA,34.69804,-118.13674,161103
Larkspur,CA,37.93409,-122.53525,12417
Las Flores,CA,34.03723,-118.63592,6037
Las Lomas,CA,36.86523,-121.73495,3024
Lathrop,CA,37.8227,-121.27661,20866
Laton,CA,36.43328,-119.6868,1824
Lawndale,CA,33.88724,-118.35257,33430
Laytonville,CA,39.68821,-123.48279,1227
Le Grand,CA,37.22855,-120.24823,1659
Lebec,CA,34.84164,-118.86482,1468
Lemon Grove,CA,32.74255,-117.03142,26709
Lemoore,CA,36.30078,-119.78291,25647
Lennox,CA,33.93807,-118.35258,22753
Lenwood,CA,34.87665,-117.10393,3543
Leona Valley,CA,34.61832,-118.28813,1607
Lexington Hills,CA,37.16467,-121.97301,2421
Lincoln,CA,38.89156,-121.29301,49757
Lincoln Village,CA,38.0052,-121.32828,4381
Linda,CA,39.12767,-121.5508,17773
Linden,CA,38.02131,-121.08383,1784
Lindsay,CA,36.20301,-119.08816,13217
Littlerock,CA,34.5211,-117.98368,1377
Live Oak,CA,36.98356,-121.98052,17158
Livingston,CA,37.38688,-120.72353,13902
Livermore,CA,37.68187,-121.76801,88126
Lockeford,CA,38.16353,-121.14994,3233
Lodi,CA,38.1302,-121.27245,64596
Loma Linda,CA,34.04835,-117.26115,24045
Loma Rica,CA,39.31183,-121.41774,2368
Lomita,CA,33.79224,-118.31507,20785
Lompico,CA,37.1055,-122.05274,1137
Lompoc,CA,34.63915,-120.45794,44164
London,CA,36.47606,-119.44318,1869
Lone Pine,CA,36.60626,-118.06462,2035
Long Beach,CA,33.76696,-118.18923,474140
Loomis,CA,38.82129,-121.193,6836
Los Alamitos,CA,33.80307,-118.07256,11449
Los Alamos,CA,34.74443,-120.27821,1890
Los Altos,CA,37.38522,-122.11413,30671
Los Altos Hills,CA,37.37966,-122.13746,8419
Los Angeles,CA,34.05223,-118.24368,3820914
Los Banos,CA,37.05828,-120.84992,37457
Los Berros,CA,35.07887,-120.54267,641
Los Gatos,CA,37.22661,-121.97468,30705
Los Olivos,CA,34.66776,-120.11487,1132
Los Osos,CA,35.31109,-120.8324,14276
Los Serranos,CA,33.97279,-117.70811,7099
Lost Hills,CA,35.61635,-119.69429,2412
Lower Lake,CA,38.91045,-122.61026,1294
Loyalton,CA,39.67629,-120.24104,702
Loyola,CA,37.35133,-122.10052,3261
Lucerne,CA,36.38078,-119.6643,3443
Lucerne Valley,CA,34.44389,-116.96781,5811
Lynwood,CA,33.93029,-118.21146,71989
Lytle Creek,CA,34.25917,-117.50005,701
Madera,CA,36.96134,-120.06072,64208
Madera Acres,CA,37.01911,-120.06683,9163
Madison,CA,38.67935,-121.9683,503
Magalia,CA,39.81211,-121.57831,11310
Malaga,CA,36.68356,-119.73375,947
Malibu,CA,34.02577,-118.7804,12965
Mammoth Lakes,CA,37.64855,-118.97208,7946
Manhattan Beach,CA,33.88474,-118.41091,35818
Manteca,CA,37.79743,-121.21605,75448
Maricopa,CA,35.05886,-119.40095,1192
Marin City,CA,37.86854,-122.50914,2666
Marina,CA,36.6844,-121.80217,21229
Marina del Rey,CA,33.98162,-118.45371,8866
Mariposa,CA,37.48494,-119.96628,2173
Martinez,CA,38.01937,-122.13413,38137
Marysville,CA,39.14573,-121.59135,12216
Maxwell,CA,39.27628,-122.19137,1103
Mayflower Village,CA,34.11501,-118.00979,5515
Maywood,CA,33.98668,-118.18535,27888
McFarland,CA,35.67801,-119.22927,13985
Mead Valley,CA,33.83335,-117.29615,18510
Meadow Vista,CA,39.00101,-121.02189,3217
Mecca,CA,33.57219,-116.0782,8577
Meiners Oaks,CA,34.44694,-119.27928,3571
Mendocino,CA,39.3075,-123.79889,894
Mendota,CA,36.75356,-120.38156,11430
Menifee,CA,33.72835,-117.14642,87174
Menlo Park,CA,37.45383,-122.18219,33449
Mentone,CA,34.07001,-117.13448,8720
Merced,CA,37.30216,-120.48297,82436
Mesa Verde,CA,33.60586,-114.73107,1023
Mi-Wuk Village,CA,38.06576,-120.18491,941
Midpines,CA,37.54438,-119.92045,1204
Midway City,CA,33.74474,-117.98923,8485
Mill Valley,CA,37.90604,-122.54498,14394
Millbrae,CA,37.59855,-122.38719,22795
Milpitas,CA,37.42827,-121.90662,77604
Minkler,CA,36.72384,-119.45818,1003
Jurupa Valley,CA,33.99251,-117.51644,21930
Mira Mesa,CA,32.9156,-117.14392,70000
Mira Monte,CA,34.43361,-119.28511,6854
Mission Canyon,CA,34.45083,-119.71291,2381
Mission District,CA,37.75993,-122.41914,47234
Mission Hills,CA,34.68609,-120.43683,3576
Mission Viejo,CA,33.60002,-117.672,97156
Modesto,CA,37.6391,-120.99688,211266
Mojave,CA,35.05247,-118.17396,4238
Mokelumne Hill,CA,38.30047,-120.70632,646
Mono Vista,CA,37.9977,-120.26991,3127
Monrovia,CA,34.14806,-117.99895,37463
Montalvin,CA,37.99548,-122.33275,2876
Montara,CA,37.54216,-122.51609,2909
Montclair,CA,34.07751,-117.68978,38690
Monte Rio,CA,38.46547,-123.00889,1152
Monte Sereno,CA,37.23633,-121.99246,3556
Montebello,CA,34.00946,-118.10535,63921
Montecito,CA,34.43666,-119.63208,8965
Monterey,CA,36.60024,-121.89468,28338
Monterey Park,CA,34.06251,-118.12285,61468
Moorpark,CA,34.28556,-118.88204,36104
Morada,CA,38.03853,-121.24578,3828
Moraga,CA,37.83493,-122.12969,17256
Moreno Valley,CA,33.93752,-117.23059,204198
Morgan Hill,CA,37.1305,-121.65439,42948
Morongo Valley,CA,34.04695,-116.58085,3552
Morro Bay,CA,35.36581,-120.8499,10639
Moss Beach,CA,37.52744,-122.51331,3103
Mount Hermon,CA,37.05106,-122.05857,1037
Mountain House,CA,37.78326,-121.54273,9675
Mountain Mesa,CA,35.6394,-118.40564,777
Mountain Ranch,CA,38.22825,-120.54076,1628
Mountain View,CA,37.38605,-122.08385,80435
Mountain View Acres,CA,34.49666,-117.34894,3130
Murphys,CA,38.13762,-120.46105,2213
Murrieta,CA,33.55391,-117.21392,109830
Murrieta Hot Springs,CA,33.56058,-117.15809,3644
Muscoy,CA,34.15418,-117.34421,10644
Napa,CA,38.29714,-122.28553,80434
National City,CA,32.67811,-117.0992,61060
Needles,CA,34.84806,-114.61413,4984
Nevada City,CA,39.26173,-121.01779,3152
New Cuyama,CA,34.94692,-119.68541,517
Newark,CA,37.52966,-122.04024,45336
Newcastle,CA,38.87407,-121.13328,1224
Newman,CA,37.31383,-121.02076,10899
Newport Beach,CA,33.61891,-117.92895,87127
Nice,CA,39.12323,-122.84833,2731
Niland,CA,33.24004,-115.51888,1006
Nipomo,CA,35.04275,-120.476,16714
Norco,CA,33.93113,-117.54866,26289
North Auburn,CA,38.93129,-121.08189,13022
North Edwards,CA,35.01664,-117.83284,1058
North El Monte,CA,34.10279,-118.02423,3723
North Fair Oaks,CA,37.47438,-122.19663,14687
North Highlands,CA,38.68574,-121.37217,42694
North Hollywood,CA,34.17223,-118.37897,64587
North Richmond,CA,37.95881,-122.36747,3717
Northridge,CA,34.22834,-118.53675,68469
Norwalk,CA,33.90224,-118.08173,107140
Novato,CA,38.10742,-122.5697,55530
Nuevo,CA,33.80141,-117.14587,6447
Oak Glen,CA,34.04946,-116.9478,638
Oak Hills,CA,34.38313,-117.38135,8879
Oak Park,CA,34.17917,-118.76287,13811
Oak View,CA,34.4,-119.30011,4066
Oakdale,CA,37.76659,-120.84715,22259
Oakhurst,CA,37.328,-119.64932,2829
Oakland,CA,37.80437,-122.2708,419267
Oakley,CA,37.99742,-121.71245,39813
Oasis,CA,33.46586,-116.09889,6890
Occidental,CA,38.40741,-122.94833,1115
Oceano,CA,35.09886,-120.61239,7286
Oceanside,CA,33.19587,-117.37948,175691
Oildale,CA,35.41968,-119.01955,32684
Ojai,CA,34.44805,-119.24289,7627
Olivehurst,CA,39.09545,-121.55219,13656
Ontario,CA,34.06334,-117.65089,171214
Orange,CA,33.78779,-117.85311,140992
Orange Cove,CA,36.62439,-119.31373,9598
Orangevale,CA,38.67851,-121.22578,33960
Orcutt,CA,34.86526,-120.436,28905
Orinda,CA,37.87715,-122.17969,19279
Orland,CA,39.74738,-122.19637,7550
Orosi,CA,36.54495,-119.28734,8770
Oroville,CA,39.51394,-121.55776,16260
Oxnard,CA,34.1975,-119.17705,207254
Pacheco,CA,37.98353,-122.07524,3685
Pacific Palisades,CA,34.04806,-118.52647,23121
Pacifica,CA,37.61383,-122.48692,39260
Pacific Grove,CA,36.61774,-121.91662,15674
Pajaro,CA,36.90412,-121.74856,3070
Palermo,CA,39.43544,-121.53802,5382
Palm Desert,CA,33.72255,-116.37697,51869
Palm Springs,CA,33.8303,-116.54529,47371
Palmdale,CA,34.57943,-118.11646,158351
Palo Alto,CA,37.44188,-122.14302,66853
Palos Verdes Estates,CA,33.80105,-118.39245,13682
Paradise,CA,39.75961,-121.62192,26476
Paramount,CA,33.88946,-118.15979,55412
Parksdale,CA,36.94717,-120.02294,2621
Parkway,CA,38.49602,-121.45884,14670
Parkwood,CA,36.92689,-120.04461,2268
Parlier,CA,36.61162,-119.52707,15138
Pasadena,CA,34.14778,-118.14452,142250
Pasatiempo,CA,37.00439,-122.0258,1041
Paso Robles,CA,35.62664,-120.691,27157
Patterson,CA,37.4716,-121.12966,21498
Pedley,CA,33.97529,-117.47588,12672
Penn Valley,CA,39.196,-121.19107,1621
Penngrove,CA,38.29964,-122.66665,2522
Penryn,CA,38.85212,-121.16939,831
Perris,CA,33.78252,-117.22865,74971
Pescadero,CA,37.25494,-122.38136,643
Petaluma,CA,38.23242,-122.63665,60438
Peters,CA,37.98076,-121.048,672
Phelan,CA,34.42611,-117.57228,14304
Pico Rivera,CA,33.98307,-118.09673,64218
Piedmont,CA,37.82437,-122.23163,11376
Pine Grove,CA,38.41297,-120.65882,2219
Pine Mountain Club,CA,34.84637,-119.14955,2315
Pine Valley,CA,32.82144,-116.52918,1510
Pinole,CA,38.00437,-122.29886,19269
Pioneer,CA,38.43186,-120.57187,1094
Piru,CA,34.41527,-118.79398,2063
Pismo Beach,CA,35.14275,-120.64128,8162
Pittsburg,CA,38.02798,-121.88468,69424
Pixley,CA,35.96856,-119.29178,3310
Piñon Hills,CA,34.43333,-117.64672,7272
Placentia,CA,33.87224,-117.87034,52495
Placerville,CA,38.72963,-120.79855,10650
Plainview,CA,36.14412,-119.134,945
Planada,CA,37.29077,-120.31852,4584
Pleasant Hill,CA,37.94798,-122.0608,34810
Pleasanton,CA,37.66243,-121.87468,79510
Plumas Lake,CA,39.02073,-121.55802,5853
Plymouth,CA,38.48185,-120.84466,960
Point Reyes Station,CA,38.06909,-122.80694,848
Pollock Pines,CA,38.76158,-120.58611,6871
Pomona,CA,34.05529,-117.75228,153266
Port Hueneme,CA,34.14778,-119.19511,22423
Portola,CA,39.81046,-120.4691,1903
Portola Hills,CA,33.67919,-117.63116,9083
Porterville,CA,36.06523,-119.01677,56058
Portola Valley,CA,37.38411,-122.23524,4594
Potrero,CA,32.60478,-116.61307,656
Potter Valley,CA,39.32211,-123.11306,646
Poway,CA,32.96282,-117.03586,50157
Prunedale,CA,36.77579,-121.66967,17560
Quail Valley,CA,33.70697,-117.24504,1538
Quartz Hill,CA,34.64526,-118.21813,10912
Quincy,CA,39.93682,-120.94647,1728
Rainbow,CA,33.41031,-117.14781,1832
Ramona,CA,33.04171,-116.86808,20292
Rancho Calaveras,CA,38.12742,-120.85827,4489
Rancho Cordova,CA,38.58907,-121.30273,71017
Rancho Cucamonga,CA,34.1064,-117.59311,175236
Rancho Mirage,CA,33.73974,-116.41279,18083
Rancho Murieta,CA,38.50185,-121.09467,5488
Rancho Palos Verdes,CA,33.74446,-118.38702,42732
Rancho Penasquitos,CA,32.95949,-117.11531,60000
Rancho San Diego,CA,32.74727,-116.9353,21208
Rancho Santa Fe,CA,33.02032,-117.20281,3117
Rancho Santa Margarita,CA,33.64086,-117.6031,49324
Redlands,CA,34.05557,-117.18254,71035
Redondo Beach,CA,33.84918,-118.38841,68166
Redwood City,CA,37.48522,-122.23635,85288
Redwood Shores,CA,37.53188,-122.24802,10500
Redwood Valley,CA,39.26544,-123.20445,1729
Reedley,CA,36.59634,-119.4504,25569
Reseda,CA,34.20112,-118.53647,65000
Rialto,CA,34.1064,-117.37032,103132
Richgrove,CA,35.79662,-119.10788,2882
Richmond,CA,37.93576,-122.34775,109708
Ridgecrest,CA,35.62246,-117.6709,28780
Ridgemark,CA,36.81246,-121.36577,3016
Rio Del Mar,CA,36.96828,-121.90023,9216
Rio Linda,CA,38.69101,-121.44857,15106
Ripley,CA,33.5253,-114.65607,692
Ripon,CA,37.74159,-121.12438,15151
Riverbank,CA,37.73604,-120.93549,24122
Riverdale,CA,36.43106,-119.85958,3153
Riverdale Park,CA,37.60938,-121.05188,1128
Riverside,CA,33.95335,-117.39616,317261
Rocklin,CA,38.79073,-121.23578,61213
Rodeo,CA,38.03298,-122.26691,8679
Rohnert Park,CA,38.33964,-122.7011,42407
Rolling Hills,CA,33.75739,-118.35752,1893
Rolling Hills Estates,CA,33.78779,-118.35813,8258
Rollingwood,CA,37.9652,-122.32997,2969
Romoland,CA,33.74585,-117.17503,1684
Rosamond,CA,34.86414,-118.16341,18150
Rosedale,CA,35.38357,-119.14538,14058
Roseland,CA,38.42213,-122.72804,6325
Rosemead,CA,34.08057,-118.07285,54908
Rosemont,CA,38.55185,-121.36467,22681
Roseville,CA,38.75212,-121.28801,130269
Ross,CA,37.96242,-122.55498,2479
Rossmoor,CA,33.78557,-118.08506,10244
Rough and Ready,CA,39.23017,-121.13606,963
Rowland Heights,CA,33.97612,-117.90534,48993
Rubidoux,CA,33.99613,-117.4056,34280
Running Springs,CA,34.20779,-117.1092,4862
Sacramento,CA,38.58157,-121.4944,524943
Saint Helena,CA,38.50519,-122.47026,5814
Salida,CA,37.70576,-121.08494,13722
Salinas,CA,36.67774,-121.6555,157380
Salton City,CA,33.29865,-115.95611,3763
San Andreas,CA,38.19603,-120.68049,2783
San Anselmo,CA,37.97465,-122.56164,12653
San Antonio Heights,CA,34.15556,-117.65644,3371
San Ardo,CA,36.02052,-120.90518,517
San Bernardino,CA,34.10834,-117.28977,216108
San Bruno,CA,37.63049,-122.41108,43185
San Carlos,CA,37.50716,-122.26052,29931
San Clemente,CA,33.42697,-117.61199,65526
San Diego,CA,32.71571,-117.16472,1404452
San Diego Country Estates,CA,33.00671,-116.78364,10109
San Dimas,CA,34.10668,-117.80673,34630
San Fernando,CA,34.28195,-118.43897,24931
San Francisco,CA,37.77493,-122.41942,827526
San Gabriel,CA,34.09611,-118.10583,40424
San Jacinto,CA,33.78391,-116.95864,46951
San Joaquin,CA,36.60662,-120.18904,4022
San Joaquin Hills,CA,33.61169,-117.83672,3176
San Jose,CA,37.33939,-121.89496,997368
San Juan Bautista,CA,36.84551,-121.538,1961
San Juan Capistrano,CA,33.50169,-117.66255,36454
San Leandro,CA,37.72493,-122.15608,90712
San Lorenzo,CA,37.67412,-122.13321,23452
San Luis Obispo,CA,35.28275,-120.65962,47339
San Marcos,CA,33.14337,-117.16614,92931
San Marino,CA,34.1214,-118.10646,13464
San Martin,CA,37.08495,-121.61022,7027
San Mateo,CA,37.56299,-122.32553,103536
San Miguel,CA,35.75247,-120.69628,2336
San Pablo,CA,37.96215,-122.34553,30407
San Pasqual,CA,33.09171,-116.95392,2041
San Pedro,CA,33.73585,-118.29229,83556
San Rafael,CA,37.97353,-122.53109,59162
San Ramon,CA,37.77993,-121.97802,76134
Sanger,CA,36.70801,-119.55597,24950
Santa Ana,CA,33.74557,-117.86783,310227
Santa Barbara,CA,34.42083,-119.69819,91842
Santa Clara,CA,37.35411,-121.95524,126215
Santa Clarita,CA,34.39166,-118.54259,182371
Santa Cruz,CA,36.97412,-122.0308,64220
Santa Fe Springs,CA,33.94724,-118.08535,18026
Santa Margarita,CA,35.38997,-120.60906,1259
Santa Maria,CA,34.95303,-120.43572,105093
Santa Monica,CA,34.01949,-118.49138,93220
Santa Paula,CA,34.35417,-119.05927,30546
Santa Rosa,CA,38.44047,-122.71443,178127
Santa Susana,CA,34.257,-118.669,1037
Santa Venetia,CA,37.99853,-122.52525,4292
Santa Ynez,CA,34.61443,-120.07987,4418
Santee,CA,32.83838,-116.97392,57787
Saranap,CA,37.88492,-122.07607,5202
Saratoga,CA,37.26383,-122.02301,30968
Saticoy,CA,34.28306,-119.14983,1029
Sausalito,CA,37.85909,-122.48525,7156
Sawtelle,CA,34.0363,-118.44949,39757
Scotts Valley,CA,37.05106,-122.01468,11945
Sea Ranch,CA,38.71519,-123.45445,1305
Seacliff,CA,36.97412,-121.91579,3267
Seal Beach,CA,33.74141,-118.10479,24619
Searles Valley,CA,35.76745,-117.40395,1739
Seaside,CA,36.61107,-121.85162,33025
Sebastopol,CA,38.40214,-122.82388,7678
Sedco Hills,CA,33.64169,-117.29087,3158
Seeley,CA,32.79311,-115.69111,1739
Selma,CA,36.57078,-119.61208,24414
North Hills,CA,34.23639,-118.48472,56946
Seven Trees,CA,37.28605,-121.83856,1788
Shackelford,CA,37.61382,-120.99271,3371
Shadow Hills,CA,34.26195,-118.35175,13000
Shafter,CA,35.50051,-119.27178,18336
Shandon,CA,35.65525,-120.37543,1295
Shaver Lake,CA,37.10411,-119.31763,634
Sherman Oaks,CA,34.15112,-118.44925,52677
Shingle Springs,CA,38.66574,-120.92605,4432
Sierra Madre,CA,34.16167,-118.05285,11163
Signal Hill,CA,33.80446,-118.16785,11565
Simi Valley,CA,34.26945,-118.78148,126788
Sky Valley,CA,33.89001,-116.35251,2406
Sleepy Hollow,CA,38.01048,-122.58442,2384
Smith Corner,CA,35.47829,-119.27872,524
Soda Bay,CA,39.00101,-122.78916,1016
Solana Beach,CA,32.99115,-117.27115,13449
Soledad,CA,36.42469,-121.32632,25003
Solvang,CA,34.59582,-120.13765,5741
Sonoma,CA,38.29186,-122.45804,11037
Somerset,CA,38.64768,-120.68576,3642
Sonora,CA,37.98409,-120.38214,4818
Soquel,CA,36.98801,-121.95663,9644
Sorrento Valley,CA,32.89991,-117.19451,5000
Soulsbyville,CA,37.98465,-120.2638,2215
South Dos Palos,CA,36.96439,-120.65324,1620
South El Monte,CA,34.05195,-118.04673,20878
South Gate,CA,33.95474,-118.21202,96401
South Lake Tahoe,CA,38.93324,-119.98435,21706
South Oroville,CA,39.481,-121.536,5742
South Pasadena,CA,34.11612,-118.15035,26151
South San Francisco,CA,37.65466,-122.40775,67271
South San Gabriel,CA,34.04915,-118.09462,8070
South San Jose Hills,CA,34.01279,-117.90478,20551
South Whittier,CA,33.95015,-118.03917,57156
South Yuba City,CA,39.11656,-121.63913,15217
Spreckels,CA,36.6219,-121.64689,673
Spring Valley,CA,32.74477,-116.99892,28205
Springville,CA,36.13023,-118.81815,934
Yokuts Valley,CA,36.74023,-119.24679,3162
Squirrel Mountain Valley,CA,35.62329,-118.40981,547
Stallion Springs,CA,35.08886,-118.64259,2488
Stanford,CA,37.42411,-122.16608,13809
Stanton,CA,33.80252,-117.99312,38872
Stinson Beach,CA,37.90048,-122.64443,632
Stockton,CA,37.9577,-121.29078,305658
Stratford,CA,36.1894,-119.82319,1277
Strathmore,CA,36.14551,-119.06066,2819
Strawberry,CA,37.89687,-122.50886,5393
Studio City,CA,34.14862,-118.39647,34034
Suisun,CA,38.23825,-122.04024,28111
Summerland,CA,34.42138,-119.59652,1448
Sultana,CA,36.54551,-119.34012,775
Sun City,CA,33.70919,-117.19726,19579
Sunland,CA,34.26695,-118.3023,15316
Sunnyside,CA,36.731,-119.695,4235
Sunnyslope,CA,34.01196,-117.43338,5153
Sunnyvale,CA,37.36883,-122.03635,155805
Sunol,CA,37.59438,-121.88857,913
Sunset Beach,CA,33.71641,-118.06895,971
Sutter,CA,39.15989,-121.75275,2904
Sutter Creek,CA,38.39297,-120.80244,2488
Sylmar,CA,34.30778,-118.44925,79614
Taft,CA,35.14247,-119.45651,9495
Taft Heights,CA,35.13469,-119.47262,1949
Tahoe Vista,CA,39.23991,-120.05102,1433
Tahoma,CA,39.06741,-120.12824,1191
Talmage,CA,39.13323,-123.16778,1130
Tamalpais Valley,CA,37.87965,-122.54581,7000
Tara Hills,CA,37.99353,-122.31636,5126
Tarpey Village,CA,36.79301,-119.70097,3888
Tehachapi,CA,35.13219,-118.44897,13021
Temecula,CA,33.49364,-117.14836,110003
Temelec,CA,38.26658,-122.49276,1441
Temple City,CA,34.10723,-118.05785,36365
Templeton,CA,35.54969,-120.706,7674
Terra Bella,CA,35.96245,-119.04427,3310
Thermal,CA,33.6403,-116.13945,2865
Thermalito,CA,39.51128,-121.58692,6646
Thornton,CA,38.22603,-121.42467,1131
Thousand Oaks,CA,34.17056,-118.83759,129339
Thousand Palms,CA,33.82002,-116.39029,7715
Tiburon,CA,37.87354,-122.45664,9214
Tierra Buena,CA,39.14878,-121.66691,5797
Tipton,CA,36.0594,-119.31206,2543
Topanga,CA,34.09362,-118.60147,8289
Toro Canyon,CA,34.42,-119.56707,1508
Torrance,CA,33.83585,-118.34063,143592
Trabuco Canyon,CA,33.66252,-117.59033,3000
Tracy,CA,37.73987,-121.42618,87075
Tranquillity,CA,36.64884,-120.25266,799
Traver,CA,36.45523,-119.48485,713
Truckee,CA,39.32796,-120.18325,16299
Tujunga,CA,34.25223,-118.28841,26527
Tulare,CA,36.20773,-119.34734,62315
Tuolumne City,CA,37.9627,-120.2413,1779
Turlock,CA,37.49466,-120.84659,72292
Tustin,CA,33.74585,-117.82617,80583
North Tustin,CA,33.76446,-117.79394,24917
Tuttletown,CA,37.99159,-120.45964,668
Twain Harte,CA,38.03965,-120.23269,2226
Twentynine Palms,CA,34.13556,-116.05417,26025
Twin Lakes,CA,36.96745,-121.99802,4917
Ukiah,CA,39.15017,-123.20778,15917
Union City,CA,37.59577,-122.01913,74494
Universal City,CA,34.1389,-118.35341,105000
Upland,CA,34.09751,-117.64839,76443
Upper Lake,CA,39.16461,-122.91055,1052
Vacaville,CA,38.35658,-121.98774,96803
Val Verde,CA,34.445,-118.65759,2468
Valencia,CA,34.44361,-118.60953,148456
Valinda,CA,34.04529,-117.94367,22822
Valle Vista,CA,33.7478,-116.89336,14578
Vallejo,CA,38.10409,-122.25664,121692
Valley Acres,CA,35.20608,-119.40678,527
Valley Center,CA,33.21837,-117.0342,9277
Valley Springs,CA,38.19159,-120.8291,3553
Van Nuys,CA,34.18667,-118.44897,136443
Vandenberg Village,CA,34.70832,-120.46766,6497
Venice,CA,33.99084,-118.46008,40885
Ventura,CA,34.27834,-119.29317,96769
Victorville,CA,34.53611,-117.29116,122225
Villa Park,CA,33.81446,-117.81311,5964
Vincent,CA,34.50055,-118.11646,15922
Visalia,CA,36.33023,-119.29206,130104
Vista,CA,33.20004,-117.24254,100890
Vista Santa Rosa,CA,33.6278,-116.21806,2926
Waldon,CA,37.92631,-122.05552,5364
Walker,CA,38.51491,-119.47683,721
Walnut,CA,34.02029,-117.86534,30237
Walnut Creek,CA,37.90631,-122.06496,68910
Walnut Grove,CA,38.24214,-121.51162,1542
Walnut Park,CA,33.96807,-118.22507,15966
Waterford,CA,37.64132,-120.76048,8824
Waterloo,CA,38.03464,-121.18689,572
Watsonville,CA,36.91023,-121.75689,53628
Weedpatch,CA,35.23802,-118.9151,2658
Weldon,CA,35.66579,-118.29036,2642
West Athens,CA,33.92335,-118.30341,8729
West Carson,CA,33.82168,-118.29257,21699
West Rancho Dominguez,CA,33.8939,-118.27063,5669
West Covina,CA,34.06862,-117.93895,108484
West Hollywood,CA,34.09001,-118.36174,36222
West Menlo Park,CA,37.43355,-122.20302,3659
West Park,CA,36.71023,-119.85126,1157
West Point,CA,38.39908,-120.52743,674
West Puente Valley,CA,34.05168,-117.9684,22636
West Sacramento,CA,38.58046,-121.53023,52721
Westlake Village,CA,34.14584,-118.80565,8507
Westley,CA,37.54938,-121.1991,603
Westminster,CA,33.75918,-118.00673,92114
Westmont,CA,33.9414,-118.3023,31853
Westmorland,CA,33.03727,-115.62138,2267
Westwood,CA,34.05612,-118.43063,2019
Wheatland,CA,39.00989,-121.42301,3725
Whittier,CA,33.97918,-118.03284,87438
Wildomar,CA,33.59891,-117.28004,35632
Williams,CA,39.15461,-122.14942,5196
Willits,CA,39.40961,-123.35557,4861
Willowbrook,CA,33.91696,-118.25507,35983
Willows,CA,39.52433,-122.19359,6069
Wilmington,CA,33.78002,-118.26257,52000
Wilton,CA,38.41186,-121.27217,5363
Winchester,CA,33.70697,-117.08447,2534
Windsor,CA,38.54713,-122.81638,27464
Winnetka,CA,34.21334,-118.57203,47000
Winters,CA,38.52491,-121.9708,7034
Winter Gardens,CA,32.83116,-116.93336,20631
Winton,CA,37.38938,-120.61325,10613
Wofford Heights,CA,35.7069,-118.4562,2200
Woodacre,CA,38.0127,-122.64526,1348
Woodbridge,CA,33.67724,-117.79442,24966
Woodcrest,CA,33.88224,-117.35727,14347
Woodlake,CA,36.41356,-119.09872,7654
Woodland,CA,38.67852,-121.7733,58567
Woodland Hills,CA,34.16834,-118.60592,70000
Woodside,CA,37.42994,-122.25386,5561
Woodville,CA,36.09356,-119.199,1740
Wrightwood,CA,34.36083,-117.63339,4525
Yermo,CA,34.90498,-116.82031,623
Yorba Linda,CA,33.88863,-117.81311,67973
Yosemite Lakes,CA,37.19106,-119.77265,4952
Yountville,CA,38.40158,-122.36081,3017
Yuba City,CA,39.14045,-121.61691,66941
Yucaipa,CA,34.03363,-117.04309,53328
Yucca Valley,CA,34.11417,-116.43224,21600
Zayante,CA,37.09189,-122.04357,705
Acres Green,CO,39.55666,-104.89609,3007
Alamosa,CO,37.46945,-105.87002,9819
Antonito,CO,37.07918,-106.00863,759
Applewood,CO,39.75778,-105.1625,7160
Arvada,CO,39.80276,-105.08748,115368
Aspen,CO,39.1911,-106.81754,6882
Aspen Park,CO,39.53916,-105.29471,882
Aurora,CO,39.72943,-104.83192,359407
Avon,CO,39.63137,-106.52225,6505
Avondale,CO,38.2375,-104.35108,674
Bailey,CO,39.40554,-105.47333,8042
Basalt,CO,39.36887,-107.03282,3891
Battlement Mesa,CO,39.44137,-108.02507,4471
Bayfield,CO,37.22556,-107.59811,2567
Bennett,CO,39.75887,-104.42746,2484
Berkley,CO,39.80443,-105.02609,11207
Beulah Valley,CO,38.07223,-104.96638,556
Black Forest,CO,39.01305,-104.70081,13116
Blende,CO,38.24584,-104.56858,878
Blue River,CO,39.42971,-106.04391,904
Bow Mar,CO,39.62832,-105.04998,945
Breckenridge,CO,39.48165,-106.03835,4896
Brighton,CO,39.98526,-104.82053,37585
Broomfield,CO,39.92054,-105.08665,65065
Buena Vista,CO,38.84222,-106.13113,2760
Burlington,CO,39.30611,-102.26936,3720
Byers,CO,39.71137,-104.22774,1160
Calhan,CO,39.03555,-104.29719,789
Cañon City,CO,38.44098,-105.24245,16400
Carbondale,CO,39.40221,-107.21116,6670
Carriage Club,CO,39.53249,-104.90109,1090
Castle Pines,CO,39.45804,-104.89609,3614
Castle Rock,CO,39.37221,-104.85609,55591
Castlewood,CO,39.58471,-104.90109,25271
Cattle Creek,CO,39.45832,-107.26255,641
Cedaredge,CO,38.90165,-107.92645,2183
Centennial,CO,39.57916,-104.87692,109741
Center,CO,37.75306,-106.10864,2204
Central City,CO,39.80193,-105.51416,724
Cherry Hills Village,CO,39.64165,-104.95943,6539
Cheyenne Wells,CO,38.8214,-102.35324,837
Cimarron Hills,CO,38.85861,-104.69886,16161
Clifton,CO,39.09193,-108.44898,19889
Coal Creek,CO,39.90638,-105.37749,2400
Collbran,CO,39.24053,-107.96118,702
Colorado City,CO,37.94529,-104.83526,2193
Colorado Springs,CO,38.83388,-104.82136,456568
Columbine,CO,39.58777,-105.06943,24280
Columbine Valley,CO,39.6011,-105.03221,1360
Commerce City,CO,39.80832,-104.93387,53696
Conejos,CO,37.08835,-106.01974,58
Cortez,CO,37.34888,-108.58593,8715
Cottonwood,CO,39.56249,-104.80192,931
Creede,CO,37.84917,-106.92643,405
Crested Butte,CO,38.86971,-106.98782,1579
Cripple Creek,CO,38.74666,-105.17831,1155
Deer Trail,CO,39.61498,-104.0444,612
Del Norte,CO,37.67889,-106.35337,1604
Delta,CO,38.74221,-108.06896,8791
Denver,CO,39.73915,-104.9847,729019
Derby,CO,39.83943,-104.91859,7685
Dillon,CO,39.63026,-106.04335,961
Dolores,CO,37.47388,-108.50454,963
Dotsero,CO,39.64971,-107.06033,705
Dove Creek,CO,37.7661,-108.90594,697
Durango,CO,37.27528,-107.88007,18006
Eads,CO,38.48056,-102.78186,608
Eagle,CO,39.65526,-106.82865,6678
Edgewater,CO,39.75304,-105.06415,5302
Edwards,CO,39.64499,-106.5942,10266
El Jebel,CO,39.39498,-107.09033,3801
Eldorado Springs,CO,39.93249,-105.27693,585
Elizabeth,CO,39.36027,-104.59691,1402
Ellicott,CO,38.83833,-104.38691,1131
Englewood,CO,39.64777,-104.98776,33082
Evergreen,CO,39.63332,-105.31721,9038
Fairplay,CO,39.22471,-106.00196,681
Federal Heights,CO,39.85137,-104.99859,12381
Flagler,CO,39.29305,-103.06716,558
Florence,CO,38.39028,-105.1186,3865
Fort Carson,CO,38.73749,-104.78886,13813
Fountain,CO,38.68222,-104.70081,27767
Fowler,CO,38.12917,-104.02329,1148
Foxfield,CO,39.59166,-104.79247,760
Fraser,CO,39.94499,-105.81723,1213
Frisco,CO,39.57443,-106.09752,3035
Fruita,CO,39.15887,-108.72899,12795
Fruitvale,CO,39.08165,-108.49676,7675
Genesee,CO,39.68582,-105.27277,3609
Georgetown,CO,39.7061,-105.6975,1049
Glendale,CO,39.70499,-104.93359,5198
Gleneagle,CO,39.04527,-104.82442,6611
Glenwood Springs,CO,39.55054,-107.32478,9906
Golden,CO,39.75554,-105.2211,20330
Grand Junction,CO,39.06387,-108.55065,60358
Grand View Estates,CO,39.5436,-104.82109,528
Green Mountain Falls,CO,38.93499,-105.01693,656
Greenwood Village,CO,39.61721,-104.95081,15663
Gunnison,CO,38.54582,-106.92532,6076
Gypsum,CO,39.64693,-106.95171,6922
Heritage Hills,CO,39.54332,-104.87887,716
Highlands Ranch,CO,39.55388,-104.96943,96713
Holly,CO,38.05223,-102.12269,760
Hotchkiss,CO,38.79971,-107.7195,902
Howard,CO,38.44861,-105.83529,723
Hugo,CO,39.1361,-103.46994,736
Idaho Springs,CO,39.74249,-105.51361,1728
Ignacio,CO,37.115,-107.63311,720
Indian Hills,CO,39.61665,-105.23721,1280
Ken Caryl,CO,39.57582,-105.11221,32438
Keystone,CO,39.59943,-105.98724,1079
Kiowa,CO,39.34721,-104.46441,748
Kittredge,CO,39.65471,-105.29971,1304
La Jara,CO,37.27501,-105.9603,801
La Junta,CO,37.98501,-103.54383,6951
La Veta,CO,37.50501,-105.00777,759
Lafayette,CO,39.9936,-105.08971,27729
Lake City,CO,38.03,-107.31533,367
Lakewood,CO,39.70471,-105.08137,152597
Lamar,CO,38.08723,-102.62075,7555
Las Animas,CO,38.06667,-103.22271,2227
Leadville,CO,39.25082,-106.29252,2644
Limon,CO,39.26388,-103.69217,1911
Lincoln Park,CO,38.42916,-105.21999,3546
Littleton,CO,39.61332,-105.01665,46368
Loma,CO,39.19581,-108.81316,1293
Loghill Village,CO,38.19527,-107.7795,521
Lone Tree,CO,39.55171,-104.8863,13175
Louisville,CO,39.97776,-105.13193,20396
Manassa,CO,37.17418,-105.93752,966
Mancos,CO,37.345,-108.28925,1380
Manitou Springs,CO,38.85971,-104.9172,5334
Meridian,CO,39.53957,-104.84528,2970
Minturn,CO,39.58637,-106.43086,1026
Monte Vista,CO,37.57917,-106.14808,4294
Montrose,CO,38.47832,-107.87617,19062
Monument,CO,39.09166,-104.87276,6420
Mount Crested Butte,CO,38.90527,-106.96032,801
Mountain View,CO,39.77443,-105.05554,528
Mountain Village,CO,37.93138,-107.85645,1395
Naturita,CO,38.21832,-108.5687,528
Nederland,CO,39.96138,-105.51083,1520
New Castle,CO,39.57276,-107.53644,4669
North La Junta,CO,37.99695,-103.53189,512
Northglenn,CO,39.88554,-104.9872,39197
Norwood,CO,38.13055,-108.2923,562
Nucla,CO,38.26943,-108.54787,702
Olathe,CO,38.60499,-107.98229,1798
Orchard Mesa,CO,39.048,-108.529,6836
Orchard City,CO,38.82832,-107.9709,3011
Ordway,CO,38.21806,-103.75606,1032
Ouray,CO,38.02277,-107.67145,1008
Pagosa Springs,CO,37.26945,-107.00976,1756
Palisade,CO,39.11026,-108.35092,2651
Palmer Lake,CO,39.12221,-104.9172,2590
Parachute,CO,39.45192,-108.05285,1105
Paragon Estates,CO,39.98193,-105.17471,928
Parker,CO,39.5186,-104.76136,49550
Penrose,CO,38.425,-105.02276,3582
Perry Park,CO,39.25666,-104.99248,1646
Poncha Springs,CO,38.51278,-106.07724,777
Ponderosa Park,CO,39.40832,-104.65108,3232
Pueblo,CO,38.25445,-104.60914,109412
Pueblo West,CO,38.35,-104.72275,29637
Redlands,CO,39.07887,-108.63565,8685
Ridgway,CO,38.15277,-107.76173,977
Rifle,CO,39.5347,-107.78312,9563
Rocky Ford,CO,38.05251,-103.72023,3827
Roxborough Park,CO,39.47388,-105.08526,9099
Saguache,CO,38.0875,-106.14197,480
Salida,CO,38.53472,-105.9989,5467
Salt Creek,CO,38.23839,-104.58713,587
San Luis,CO,37.20085,-105.4239,618
Sanford,CO,37.25834,-105.90474,852
Sheridan,CO,39.64693,-105.02526,6039
Sherrelwood,CO,39.83776,-105.00137,18287
Silt,CO,39.54859,-107.65617,3043
Silver Cliff,CO,38.13528,-105.44639,591
Silverthorne,CO,39.63214,-106.07428,4418
Silverton,CO,37.81194,-107.66451,637
Simla,CO,39.14166,-104.08385,632
Snowmass Village,CO,39.21304,-106.93782,2916
Southglenn,CO,39.58721,-104.95276,42268
Springfield,CO,37.40835,-102.61436,1396
Stonegate,CO,39.53082,-104.80386,8962
Strasburg,CO,39.73832,-104.32329,2447
Stratmoor,CO,38.77388,-104.7797,6900
Stratton,CO,39.30333,-102.60465,659
Superior,CO,39.95276,-105.1686,12980
Swink,CO,38.01445,-103.62828,594
Telluride,CO,37.93749,-107.81229,2399
The Pinery,CO,39.45527,-104.73442,10517
Thornton,CO,39.86804,-104.97192,133451
Todd Creek,CO,39.97804,-104.87331,3768
Towaoc,CO,37.20444,-108.72954,1087
Trinidad,CO,37.16946,-104.50054,8153
Twin Lakes,CO,39.82499,-105.0047,6101
Vail,CO,39.64026,-106.3742,5461
Walsenburg,CO,37.62418,-104.78026,2898
Walsh,CO,37.38613,-102.27824,518
Welby,CO,39.83665,-104.95915,14846
Westcliffe,CO,38.13472,-105.46584,577
Westminster,CO,39.83665,-105.0372,116317
Wheat Ridge,CO,39.7661,-105.07721,31192
Williamsburg,CO,38.38194,-105.15193,656
Winter Park,CO,39.89165,-105.76306,993
Woodland Park,CO,38.99388,-105.05693,7222
Woodmoor,CO,39.10138,-104.84748,8741
Atwood,KS,39.80667,-101.0421,1187
Colby,KS,39.39584,-101.05238,5417
Deerfield,KS,37.97974,-101.13322,693
Dodge City,KS,37.7528,-100.01708,27912
Elkhart,KS,37.00808,-101.89017,2042
Fowler,KS,37.38558,-100.1957,557
Garden City,KS,37.97169,-100.87266,27005
Goodland,KS,39.35083,-101.71017,4457
Gove,KS,38.95779,-100.48875,99
Holcomb,KS,37.98614,-100.98933,2163
Hoxie,KS,39.3575,-100.44181,1176
Hugoton,KS,37.1753,-101.3496,3964
Johnson,KS,37.57057,-101.751,1327
Lakin,KS,37.94058,-101.25489,2202
Leoti,KS,38.47974,-101.35877,1484
Liberal,KS,37.04308,-100.921,20746
Meade,KS,37.28558,-100.34015,1624
Minneola,KS,37.44336,-100.01514,707
Oakley,KS,39.13334,-100.86376,2045
Oberlin,KS,39.81834,-100.5282,1761
Plains,KS,37.2603,-100.59265,1088
Quinter,KS,39.06945,-100.23236,948
Saint Francis,KS,39.77222,-101.7999,1329
Satanta,KS,37.43725,-100.97211,1133
Scott City,KS,38.48252,-100.90709,3838
Sharon Springs,KS,38.89779,-101.75212,761
Syracuse,KS,37.98071,-101.7543,1663
Sublette,KS,37.48169,-100.84377,1384
Tribune,KS,38.46974,-101.75267,793
Ulysses,KS,37.58141,-101.35517,6097
Adelino,NM,34.71589,-106.73114,823
Agua Fria,NM,35.65448,-106.02224,2800
Alamo,NM,34.42089,-107.51088,1085
Alamogordo,NM,32.89953,-105.96027,30753
Albuquerque,NM,35.08449,-106.65114,564559
Algodones,NM,35.38059,-106.47919,814
Angel Fire,NM,36.39309,-105.28501,1122
Anthony,NM,32.00399,-106.60583,9293
Arenas Valley,NM,32.79396,-108.18421,1522
Arroyo Seco,NM,36.51669,-105.56918,1785
Artesia,NM,32.84233,-104.4033,12036
Atoka,NM,32.76956,-104.38885,1077
Aztec,NM,36.82223,-107.99285,6147
Bayard,NM,32.76174,-108.1306,2264
Belen,NM,34.66284,-106.77642,7152
Berino,NM,32.07093,-106.62138,1441
Bernalillo,NM,35.30004,-106.55114,8843
Black Rock,NM,35.08837,-108.79119,1323
Bloomfield,NM,36.71112,-107.98451,7314
Boles Acres,NM,32.80703,-105.9861,1638
Bosque Farms,NM,34.85478,-106.7053,3838
Capitan,NM,33.54536,-105.5722,1392
Carlsbad,NM,32.42067,-104.22884,28957
Carnuel,NM,35.06394,-106.45725,1232
Carrizozo,NM,33.64174,-105.87721,941
Cedar Crest,NM,35.10755,-106.3728,958
Cedar Grove,NM,35.17088,-106.19002,747
Cedar Hill,NM,36.93695,-107.89034,847
Chama,NM,36.90307,-106.57948,1004
Chamberino,NM,32.0401,-106.68555,919
Chamita,NM,36.0703,-106.09697,870
Chaparral,NM,32.02376,-106.38566,14631
Chili,NM,36.10502,-106.14975,654
Chimayo,NM,36.00391,-105.94697,3177
Church Rock,NM,35.53391,-108.5998,1128
Cimarron,NM,36.51087,-104.91583,912
Clayton,NM,36.45169,-103.1841,2774
Cloudcroft,NM,32.95731,-105.74249,682
Clovis,NM,34.4048,-103.20523,39480
Cochiti,NM,35.60892,-106.3503,528
Cochiti Lake,NM,35.64809,-106.33753,569
Columbus,NM,31.8276,-107.64002,1625
Corrales,NM,35.23782,-106.60669,8502
Crownpoint,NM,35.67808,-108.15118,2278
Deming,NM,32.2687,-107.75864,14522
Dexter,NM,33.19733,-104.37302,1272
Dixon,NM,36.19863,-105.88863,926
Doña Ana,NM,32.38954,-106.8139,1211
Dulce,NM,36.93362,-106.99893,2743
East Pecos,NM,35.57365,-105.6639,757
Edgewood,NM,35.06144,-106.19141,3805
El Cerro,NM,34.774,-106.704,2953
El Duende,NM,36.07419,-106.12002,707
El Rancho,NM,35.88919,-106.07975,1199
El Rito,NM,36.34335,-106.18864,808
El Valle de Arroyo Seco,NM,35.9628,-106.02947,1440
Eldorado at Santa Fe,NM,35.52642,-105.93474,6130
Elephant Butte,NM,33.14868,-107.18475,1431
Española,NM,35.99113,-106.08058,10224
Estancia,NM,34.75839,-106.05585,1597
Eunice,NM,32.43734,-103.15908,3136
Fairacres,NM,32.30398,-106.84667,824
Farmington,NM,36.72806,-108.21869,42871
Flora Vista,NM,36.79445,-108.08035,2191
Fort Sumner,NM,34.47173,-104.24553,932
Gallup,NM,35.52808,-108.74258,23240
Grants,NM,35.1476,-107.85261,9239
Hagerman,NM,33.11511,-104.32691,1254
Hatch,NM,32.66536,-107.15307,1600
Hernandez,NM,36.0628,-106.11947,946
High Rolls,NM,32.95092,-105.83554,834
Hobbs,NM,32.70261,-103.13604,38416
Hurley,NM,32.69924,-108.13199,1256
Jal,NM,32.11318,-103.19351,2201
Jarales,NM,34.61312,-106.76364,2475
Jemez Pueblo,NM,35.61422,-106.72832,1788
Kirtland,NM,36.73417,-108.3598,7875
La Cienega,NM,35.56281,-106.13086,3819
La Huerta,NM,32.4429,-104.22106,1246
La Luz,NM,32.97787,-105.94193,1697
La Mesa,NM,32.12204,-106.70778,728
La Mesilla,NM,35.94836,-106.07058,1772
La Plata,NM,36.92861,-108.19035,612
La Puebla,NM,35.98919,-105.99641,1186
La Union,NM,31.95066,-106.66166,1106
La Villita,NM,36.10336,-106.04808,957
Laguna,NM,35.03671,-107.38282,1241
Las Cruces,NM,32.31232,-106.77834,101643
Las Vegas,NM,35.59393,-105.2239,13386
Lee Acres,NM,35.14866,-106.64697,5858
Logan,NM,35.36533,-103.41079,966
Lordsburg,NM,32.35036,-108.70866,2531
Los Alamos,NM,35.88808,-106.30697,12019
Los Chavez,NM,34.72571,-106.75726,5446
Los Luceros,NM,36.10974,-106.04697,906
Los Lunas,NM,34.80617,-106.73336,15336
Los Ranchos de Albuquerque,NM,35.16199,-106.6428,6063
Loving,NM,32.28623,-104.09577,1409
Lovington,NM,32.94401,-103.34855,11800
Madrone,NM,34.59395,-106.73308,707
Magdalena,NM,34.11673,-107.24393,911
McIntosh,NM,34.86478,-106.05169,1484
Meadow Lake,NM,34.80144,-106.54363,4708
Melrose,NM,34.43035,-103.63246,644
Mescalero,NM,33.15759,-105.77415,1338
Mesilla,NM,32.27009,-106.80084,1874
Mesita,NM,35.01838,-107.31282,804
Mesquite,NM,32.16454,-106.69666,1112
Midway,NM,33.29482,-104.45052,971
Milan,NM,35.16976,-107.89089,3250
Mimbres,NM,32.85619,-107.97976,667
Moriarty,NM,34.99005,-106.04919,1806
Mosquero,NM,35.77698,-103.95664,93
Mountainair,NM,34.52034,-106.24113,878
Nambe,NM,35.89336,-105.98252,1818
Navajo,NM,36.94612,-107.06309,2087
Nenahnezad,NM,36.73611,-108.41814,688
North Valley,NM,35.17338,-106.62336,11333
Ojo Amarillo,NM,36.69334,-108.36925,696
Paradise Hills,NM,35.2006,-106.70114,4256
Paraje,NM,35.05532,-107.4756,777
Pecos,NM,35.5742,-105.67502,1324
Peña Blanca,NM,35.57087,-106.33808,709
Peñasco,NM,36.16947,-105.6864,589
Peralta,NM,34.837,-106.69058,3585
Placitas,NM,35.30698,-106.42475,4977
Ponderosa Pine,NM,34.97699,-106.32419,1195
Portales,NM,34.18619,-103.3344,11995
Pueblitos,NM,34.62312,-106.7778,794
Questa,NM,36.70391,-105.59501,1753
Radium Springs,NM,32.5012,-106.92807,1699
Ranchos de Taos,NM,36.35864,-105.60946,2518
Raton,NM,36.90336,-104.43915,6187
Reserve,NM,33.71311,-108.75784,272
Rio Rancho,NM,35.23338,-106.66447,87521
Rock Springs,NM,35.60946,-108.82925,567
Roswell,NM,33.39437,-104.52491,48544
Ruidoso,NM,33.33175,-105.67304,7739
Ruidoso Downs,NM,33.32897,-105.60443,2586
Salem,NM,32.70758,-107.21308,942
San Antonito,NM,35.1631,-106.34752,985
San Felipe Pueblo,NM,35.43392,-106.44669,2404
San Ildefonso Pueblo,NM,35.89197,-106.11836,524
San Jose,NM,36.03919,-106.09808,695
San Juan,NM,36.05194,-106.06833,592
San Miguel,NM,32.15538,-106.735,1153
San Pablo,NM,32.24954,-106.77278,806
San Rafael,NM,35.11254,-107.88256,933
San Ysidro,NM,32.35093,-106.81112,2090
Sandia Heights,NM,35.17699,-106.49141,3193
Sandia Knolls,NM,35.16393,-106.31141,1208
Santa Ana Pueblo,NM,35.42892,-106.61892,610
Santa Clara,NM,32.77952,-108.15032,1638
Santa Clara Pueblo,NM,35.96558,-106.08863,1018
Santa Fe,NM,35.68698,-105.9378,87505
Santa Rosa,NM,34.93867,-104.68249,2675
Santa Teresa,NM,31.85594,-106.63916,4258
Santo Domingo Pueblo,NM,35.51476,-106.36586,2456
Sedillo,NM,35.09977,-106.29558,802
Shiprock,NM,36.78555,-108.68703,8295
Silver City,NM,32.77007,-108.28033,10004
Socorro,NM,34.0584,-106.89142,8722
South Valley,NM,35.01005,-106.67808,40976
Spencerville,NM,36.82,-108.05813,1258
Springer,NM,36.36114,-104.59527,943
Sunland Park,NM,31.7965,-106.57999,15940
Talpa,NM,36.34141,-105.59696,778
Taos Pueblo,NM,36.43864,-105.54445,1135
Taos,NM,36.40725,-105.57307,5740
Tatum,NM,33.25706,-103.31773,857
Tesuque,NM,35.7617,-105.93252,925
Texico,NM,34.38869,-103.05134,1119
Thoreau,NM,35.40253,-108.2234,1865
Tierra Amarilla,NM,36.70029,-106.54976,382
Tijeras,NM,35.08088,-106.38808,541
Tohatchi,NM,35.8589,-108.76147,808
Tome,NM,34.74089,-106.72836,1867
Truchas,NM,36.04364,-105.81168,560
Truth or Consequences,NM,33.1284,-107.25281,6079
Tucumcari,NM,35.17191,-103.72686,5025
Tularosa,NM,33.07397,-106.0186,2864
Twin Lakes,NM,35.70919,-108.77481,1052
Tyrone,NM,32.7098,-108.30199,637
University Park,NM,32.28343,-106.75334,4192
Upper Fruitland,NM,36.71584,-108.31424,1662
Vado,NM,32.11176,-106.6625,3194
Valencia,NM,34.7995,-106.7003,2192
Velarde,NM,36.15891,-105.97474,502
Waterflow,NM,36.75972,-108.48175,1670
White Rock,NM,35.82753,-106.20391,5725
White Sands,NM,32.38093,-106.47944,1651
Yah-ta-hey,NM,35.62808,-108.78036,590
Zia Pueblo,NM,35.50698,-106.72031,737
Zuni Pueblo,NM,35.07253,-108.85064,6302
Alamo,NV,37.36496,-115.16446,1080
Boulder City,NV,35.97859,-114.83249,15551
Bunkerville,NV,36.77303,-114.12802,1303
Caliente,NV,37.61496,-114.51194,1109
Carson City,NV,39.1638,-119.7674,58639
Cold Springs,NV,39.68019,-119.97659,8544
Dayton,NV,39.23714,-119.59295,8964
Ely,NV,39.24744,-114.88863,4134
Enterprise,NV,36.02525,-115.24194,108481
Eureka,NV,39.51271,-115.96061,610
Fallon,NV,39.47353,-118.77737,8458
Fernley,NV,39.60797,-119.25183,19418
Gardnerville,NV,38.9413,-119.74962,5656
Gardnerville Ranchos,NV,38.88824,-119.74129,11312
Genoa,NV,39.00435,-119.84712,939
Golden Valley,NV,39.61547,-119.82658,1556
Goldfield,NV,37.70854,-117.23563,268
Hawthorne,NV,38.52464,-118.62458,3269
Henderson,NV,36.0397,-114.98194,285667
Incline Village,NV,39.2513,-119.97297,8777
Indian Springs,NV,36.56968,-115.67058,991
Johnson Lane,NV,39.04796,-119.72212,6490
Kingsbury,NV,38.97713,-119.90685,2152
Las Vegas,NV,36.17497,-115.13722,641903
Laughlin,NV,35.16778,-114.57302,7323
Lemmon Valley,NV,39.63602,-119.84325,5040
McGill,NV,39.40494,-114.77863,1148
Mesquite,NV,36.80553,-114.06719,17496
Minden,NV,38.95407,-119.76573,3001
Moapa Town,NV,36.68219,-114.59416,1025
Moapa Valley,NV,36.58053,-114.47026,6924
Mogul,NV,39.5138,-119.92603,1290
North Las Vegas,NV,36.19886,-115.1175,234807
Pahrump,NV,36.20829,-115.98391,36441
Panaca,NV,37.79052,-114.38943,963
Paradise,NV,36.09719,-115.14666,223167
Pioche,NV,37.92969,-114.45221,1002
Reno,NV,39.52963,-119.8138,264165
Sandy Valley,NV,35.81692,-115.63223,2051
Schurz,NV,38.95075,-118.81126,658
Searchlight,NV,35.46527,-114.9197,539
Silver Springs,NV,39.41547,-119.22461,5296
Smith,NV,38.80047,-119.32738,1033
Spanish Springs,NV,39.64908,-119.70741,15064
Sparks,NV,39.53491,-119.75269,96094
Spring Valley,NV,36.10803,-115.245,178395
Stagecoach,NV,39.3738,-119.37406,1874
Stateline,NV,38.96241,-119.9399,842
Sun Valley,NV,39.5963,-119.77602,19299
Sunrise Manor,NV,36.21108,-115.07306,189372
Tonopah,NV,38.06716,-117.23008,2478
Verdi,NV,39.51824,-119.98881,1415
Virginia City,NV,39.30963,-119.64962,855
Wadsworth,NV,39.6338,-119.28545,834
Whitney,NV,36.09831,-115.0363,38585
Winchester,NV,36.12997,-115.11889,27978
Yerington,NV,38.98575,-119.16293,3064
Zephyr Cove,NV,39.00213,-119.95601,565
Beaver,OK,36.81614,-100.51987,1454
Boise City,OK,36.72947,-102.51324,1127
Forgan,OK,36.90697,-100.53932,529
Goodwell,OK,36.5953,-101.63655,1326
Guymon,OK,36.6828,-101.48155,11921
Hooker,OK,36.86003,-101.2135,1996
Texhoma,OK,36.50503,-101.78294,969
Tyrone,OK,36.95419,-101.06544,786
Abernathy,TX,33.8323,-101.84295,2743
Alpine,TX,30.35862,-103.66206,5952
Amarillo,TX,35.222,-101.8313,198645
Amherst,TX,34.01037,-102.41546,683
Andrews,TX,32.31872,-102.54572,13816
Anthony,TX,31.99927,-106.60555,5517
Aspermont,TX,33.13343,-100.22733,868
Balmorhea,TX,30.98431,-103.74463,523
Big Lake,TX,31.19154,-101.46039,3315
Big Spring,TX,32.2504,-101.47874,28862
Booker,TX,36.45336,-100.53737,1636
Borger,TX,35.66782,-101.39739,12964
Bovina,TX,34.51368,-102.883,1769
Brackettville,TX,29.31051,-100.41786,1655
Bronte,TX,31.88737,-100.29176,972
Brownfield,TX,33.1812,-102.27435,9736
Bushland,TX,35.192,-102.06464,1500
Camp Wood,TX,29.66939,-100.01229,701
Canadian,TX,35.91282,-100.38208,3013
Canutillo,TX,31.91149,-106.60027,6321
Canyon,TX,34.98033,-101.9188,14887
Carlsbad,TX,31.60543,-100.64343,719
Channing,TX,35.68365,-102.3302,360
Childress,TX,34.42645,-100.204,6101
Christoval,TX,31.1935,-100.49871,504
Cienegas Terrace,TX,29.36745,-100.94371,3424
Clarendon,TX,34.93783,-100.8882,1944
Claude,TX,35.11172,-101.36322,1224
Clint,TX,31.59234,-106.22414,1146
Coahoma,TX,32.29651,-101.30623,887
Colorado City,TX,32.38817,-100.86456,4117
Crane,TX,31.39736,-102.35014,3895
Crosbyton,TX,33.66008,-101.23793,1699
Dalhart,TX,36.05948,-102.51325,8370
Del Rio,TX,29.36273,-100.89676,36153
Denver City,TX,32.96455,-102.8291,4864
Dickens,TX,33.62175,-100.83652,255
Dimmitt,TX,34.5509,-102.31186,4195
Dumas,TX,35.86559,-101.97324,15001
Eagle Pass,TX,28.70914,-100.49952,28765
Earth,TX,34.23314,-102.41075,1012
Eidson Road,TX,28.6772,-100.48702,8960
El Paso,TX,31.75872,-106.48693,678815
Eldorado,TX,30.86017,-100.60093,1810
Elm Creek,TX,28.77442,-100.49174,2469
Fabens,TX,31.50234,-106.15859,8257
Farwell,TX,34.38341,-103.038,1311
Floydada,TX,33.98452,-101.33766,2775
Fort Clark Springs,TX,29.30607,-100.42202,1228
Fort Davis,TX,30.58821,-103.89463,1201
Fort Hancock,TX,31.29846,-105.84525,1750
Fort Stockton,TX,30.89404,-102.87932,8649
Friona,TX,34.64173,-102.7241,3894
Fritch,TX,35.63977,-101.60323,2066
Gail,TX,32.77038,-101.44541,231
Garden City,TX,31.86402,-101.48123,334
Grape Creek,TX,31.57932,-100.5476,3154
Groom,TX,35.20366,-101.10682,558
Guthrie,TX,33.62064,-100.32289,160
Hale Center,TX,34.06424,-101.84379,2093
Hamlin,TX,32.88483,-100.12649,2042
Happy,TX,34.74367,-101.85463,656
Hart,TX,34.38507,-102.11574,1044
Hartley,TX,35.88559,-102.39686,540
Hereford,TX,34.81521,-102.39932,15021
Homestead Meadows North,TX,31.84963,-106.17285,5124
Homestead Meadows South,TX,31.81097,-106.16427,7247
Horizon City,TX,31.69261,-106.20748,19288
Idalou,TX,33.66647,-101.68294,2337
Iraan,TX,30.91405,-101.89791,1287
Jayton,TX,33.24815,-100.57373,500
Kermit,TX,31.85763,-103.09267,6434
Kress,TX,34.36645,-101.74851,687
Lake Tanglewood,TX,35.06755,-101.78713,863
Lamesa,TX,32.7376,-101.95099,9427
Las Quintas Fronterizas,TX,28.69053,-100.46869,3290
Las Quintas Fronterizas Colonia,TX,28.69137,-100.46924,3290
Lefors,TX,35.43644,-100.8057,507
Levelland,TX,33.58732,-102.37796,13914
Littlefield,TX,33.91731,-102.3249,6090
Lockney,TX,34.12452,-101.44155,1689
Loraine,TX,32.41123,-100.71233,603
Lorenzo,TX,33.67064,-101.53516,1171
Lubbock,TX,33.57786,-101.85517,249042
Marfa,TX,30.30973,-104.02134,1733
Matador,TX,34.01202,-100.82208,581
McCamey,TX,31.13598,-102.2243,2062
McLean,TX,35.23255,-100.59986,797
Meadow,TX,33.33704,-102.20657,593
Memphis,TX,34.72478,-100.53401,2138
Mentone,TX,31.70513,-103.59935,19
Merkel,TX,32.47068,-100.01287,2615
Mertzon,TX,31.26183,-100.81733,758
Miami,TX,35.69143,-100.63819,589
Midland,TX,31.99735,-102.07791,132524
Miles,TX,31.59738,-100.18231,864
Monahans,TX,31.5943,-102.89265,7690
Morton,TX,33.7251,-102.75938,1892
Morning Glory,TX,31.57012,-106.21581,651
Muleshoe,TX,34.22647,-102.72383,5185
New Deal,TX,33.73731,-101.83656,804
O'Donnell,TX,32.96371,-101.83265,807
Odessa,TX,31.84568,-102.36764,114428
Olton,TX,34.18341,-102.13463,2137
Ozona,TX,30.71017,-101.20067,3225
Paducah,TX,34.0123,-100.30206,1122
Pampa,TX,35.53616,-100.95987,18177
Panhandle,TX,35.3456,-101.38044,2341
Pecos,TX,31.42291,-103.49323,9517
Perryton,TX,36.40003,-100.80265,9252
Petersburg,TX,33.86952,-101.59739,1131
Plains,TX,33.18871,-102.82799,1616
Plainview,TX,34.18479,-101.70684,20919
Post,TX,33.19122,-101.379,5349
Presidio,TX,29.56074,-104.37215,3904
Radar Base,TX,28.85765,-100.52962,762
Ransom Canyon,TX,33.53342,-101.67961,1131
Robert Lee,TX,31.89237,-100.48482,1020
Roby,TX,32.74483,-100.37761,621
Rocksprings,TX,30.01576,-100.20536,1116
Roscoe,TX,32.44595,-100.53872,1325
Rosita North,TX,28.65644,-100.42218,3818
Rosita South,TX,28.62375,-100.42837,2704
Rotan,TX,32.85205,-100.46566,1442
San Angelo,TX,31.46377,-100.43704,99893
San Elizario,TX,31.58511,-106.27276,8999
Sand Springs,TX,32.28262,-101.35096,835
Sanderson,TX,30.14241,-102.39403,837
Seagraves,TX,32.94427,-102.56491,2762
Seco Mines,TX,28.74748,-100.4973,560
Seminole,TX,32.71899,-102.64491,7448
Seth Ward,TX,34.21174,-101.69017,2025
Shallowater,TX,33.68897,-101.99823,2555
Sierra Blanca,TX,31.17457,-105.35718,553
Silverton,TX,34.47423,-101.30461,672
Slaton,TX,33.43731,-101.64349,6072
Snyder,TX,32.71789,-100.91762,11768
Socorro,TX,31.65456,-106.30331,33222
Socorro Mission Number 1 Colonia,TX,31.63622,-106.29054,28637
Sonora,TX,30.56685,-100.64343,2863
Spearman,TX,36.19837,-101.19238,3375
Stanton,TX,32.12929,-101.78846,2936
Sterling City,TX,31.83625,-100.98483,1049
Stinnett,TX,35.82698,-101.44294,1856
Stratford,TX,36.33614,-102.07212,2073
Sudan,TX,34.06786,-102.52436,921
Sundown,TX,33.45621,-102.48936,1422
Sunray,TX,36.0167,-101.82462,1931
Sweetwater,TX,32.47095,-100.40594,10809
Tahoka,TX,33.16676,-101.79377,2570
Texline,TX,36.37781,-103.0241,525
Thorntonville,TX,31.58291,-102.92071,518
Tornillo,TX,31.4454,-106.08831,1568
Tulia,TX,34.53589,-101.75852,4760
Val Verde Park,TX,29.37495,-100.83176,2384
Van Horn,TX,31.04029,-104.83073,1928
Vega,TX,35.24283,-102.42826,900
Vinton,TX,31.95121,-106.60249,1973
Wellington,TX,34.85617,-100.21373,2174
West Odessa,TX,31.84235,-102.49876,22707
Westway,TX,31.95871,-106.57805,4188
Wheeler,TX,35.44533,-100.27096,1656
White Deer,TX,35.43532,-101.17294,966
Wickett,TX,31.57013,-103.00099,539
Wink,TX,31.75124,-103.15989,1060
Wolfforth,TX,33.50592,-102.00906,4249
Aneth,UT,37.21611,-109.18706,501
Annabella,UT,38.70914,-112.05992,800
Apple Valley,UT,37.08971,-113.12439,718
Aurora,UT,38.92219,-111.93409,1029
Beaver,UT,38.27691,-112.64105,3007
Blanding,UT,37.62433,-109.47966,3785
Carbonville,UT,39.61996,-110.83433,1567
Castle Dale,UT,39.21219,-111.01961,1550
Cedar City,UT,37.67748,-113.06189,30184
Central,UT,37.41665,-113.62441,613
Central Valley,UT,38.70386,-112.09881,554
Circleville,UT,38.17164,-112.27048,523
Delta,UT,39.35218,-112.57717,3482
East Carbon City,UT,39.54774,-110.41488,1270
Elsinore,UT,38.68275,-112.14826,857
Enoch,UT,37.77331,-113.02439,6265
Ephraim,UT,39.35968,-111.58631,6857
Enterprise,UT,37.57359,-113.71913,1799
Escalante,UT,37.77027,-111.60212,790
Eureka,UT,39.95412,-112.12022,666
Fairview,UT,39.62635,-111.43963,1261
Ferron,UT,39.09358,-111.13322,1562
Fillmore,UT,38.96885,-112.32355,2489
Fountain Green,UT,39.62996,-111.6352,1083
Genola,UT,39.99634,-111.84327,1419
Goshen,UT,39.95301,-111.90077,944
Green River,UT,38.99525,-110.1618,961
Gunnison,UT,39.15524,-111.81826,3238
Helper,UT,39.68413,-110.85461,2112
Hildale,UT,37.0036,-112.96688,2927
Hinckley,UT,39.32496,-112.67106,695
Huntington,UT,39.32664,-110.96461,2004
Hurricane,UT,37.17526,-113.28995,15501
Ivins,UT,37.16859,-113.67941,7876
Junction,UT,38.23748,-112.21993,183
Kanab,UT,37.04749,-112.52631,4394
LaVerkin,UT,37.20109,-113.26967,4060
Leeds,UT,37.23859,-113.35912,842
Levan,UT,39.55857,-111.86187,871
Loa,UT,38.40276,-111.64296,588
Manti,UT,39.2683,-111.63686,3353
Mayfield,UT,39.11413,-111.71075,521
Milford,UT,38.39691,-113.01079,1331
Minersville,UT,38.21414,-112.92356,869
Moab,UT,38.57332,-109.54984,5235
Monroe,UT,38.62997,-112.12076,2293
Monticello,UT,37.87138,-109.34289,2069
Moroni,UT,39.52496,-111.59047,1451
Mount Pleasant,UT,39.54691,-111.45547,3299
Nephi,UT,39.71023,-111.83632,5560
Oak City,UT,39.37496,-112.3355,623
Orangeville,UT,39.22719,-111.0535,1394
Orderville,UT,37.27582,-112.63771,559
Panguitch,UT,37.82276,-112.43576,1481
Paragonah,UT,37.88581,-112.77522,509
Parowan,UT,37.8422,-112.828,2926
Price,UT,39.59941,-110.81071,8378
Redmond,UT,39.00607,-111.86187,737
Richfield,UT,38.77247,-112.08409,7592
Rocky Ridge,UT,39.92495,-111.82716,773
Saint George,UT,37.10415,-113.58412,72897
Salina,UT,38.95774,-111.85993,2521
Santa Clara,UT,37.13304,-113.65413,6841
Santaquin,UT,39.97551,-111.78521,10572
Spring City,UT,39.48246,-111.49602,1002
Spring Glen,UT,39.65941,-110.85349,1126
Springdale,UT,37.18887,-112.99855,556
Toquerville,UT,37.25332,-113.28467,1493
Tropic,UT,37.62526,-112.08214,512
Virgin,UT,37.20832,-113.18828,604
Washington,UT,37.13054,-113.50829,24299
Wellington,UT,39.54247,-110.73543,1621
Gadsden,AZ,32.5545,-114.78496,678
West Sedona,AZ,34.86724,-111.80543,11299
Alto,CA,37.90437,-122.52553,711
Sheridan,CA,38.97962,-121.37551,1238
Three Rivers,CA,36.43884,-118.90454,2182
Wasco,CA,35.59412,-119.34095,26279
West Bishop,CA,37.36104,-118.45511,2607
Paonia,CO,38.86832,-107.592,1405
Cimarron,KS,37.80669,-100.3482,2262
Cuba,NM,36.02224,-106.95837,736
Pojoaque,NM,35.8928,-106.02308,1907
Beatty,NV,36.90856,-116.75923,1010
Indian Hills,NV,39.08602,-119.78407,5627
Anton,TX,33.8112,-102.16379,1128
Gruver,TX,36.26503,-101.40627,1190
Ralls,TX,33.67425,-101.38766,1898
Spur,TX,33.47648,-100.85569,1205
Centerfield,UT,39.12524,-111.81909,1387
Aguila,AZ,33.94281,-113.17408,798
Ajo,AZ,32.37172,-112.86071,3304
Ak-Chin Village,AZ,33.02838,-112.08764,862
Alhambra,AZ,33.49838,-112.13432,127764
Anthem,AZ,33.86726,-112.14682,21700
Apache Junction,AZ,33.41505,-111.54958,38074
Arivaca,AZ,31.57481,-111.33232,695
Arivaca Junction,AZ,31.72731,-111.0612,1090
Arizona City,AZ,32.75589,-111.67096,10475
Arizona Village,AZ,34.85306,-114.58441,946
Montezuma,KS,37.59586,-100.4432,982
Avondale,AZ,33.4356,-112.3496,80684
Avra Valley,AZ,32.43785,-111.31539,6050
Ahwatukee Foothills,AZ,33.34171,-111.98403,83464
Bagdad,AZ,34.58113,-113.20464,1876
Beaver Dam,AZ,36.89942,-113.93274,1962
Benson,AZ,31.96786,-110.29452,4888
Big Park,AZ,34.7803,-111.76265,6695
Indianola,CA,40.81263,-124.08312,823
Wray,CO,40.07582,-102.22325,2378
Rathdrum,ID,47.8124,-116.89659,7538
Juneau,AK,58.30194,-134.41972,31555
Kake,AK,56.97583,-133.94722,570
Beach,ND,46.91807,-104.00437,1115
Ketchikan,AK,55.3418,-131.64757,8197
Wilton,ND,47.1586,-100.78347,725
Klawock,AK,55.55222,-133.09583,765
O'Brien,OR,42.06734,-123.70312,504
Wallowa,OR,45.57014,-117.52824,795
Little Cottonwood Creek Valley,UT,40.60439,-111.82938,8285
Salem,UT,40.05301,-111.67354,7475
Wellsville,UT,41.63854,-111.93383,3650
Lea Hill,WA,47.32621,-122.18151,13182
Metlakatla,AK,55.12905,-131.57698,1405
Petersburg,AK,56.8125,-132.95556,2948
Sitka,AK,57.05315,-135.33088,8863
Skagway,AK,59.45833,-135.31389,1240
Wrangell,AK,56.47083,-132.37667,2382
Yakutat,AK,59.54694,-139.72722,662
Alturas,CA,41.48714,-120.54349,2594
Anderson,CA,40.44821,-122.29778,10217
Arcata,CA,40.86652,-124.08284,17843
Bayside,CA,40.84235,-124.06367,17132
Bayview,CA,40.77263,-124.18395,2510
Bella Vista,CA,40.64071,-122.2325,2781
Bend,CA,40.25516,-122.20861,619
Blue Lake,CA,40.88291,-123.98395,1252
Burney,CA,40.88238,-121.66082,3154
California Pines,CA,41.40989,-120.67913,520
Cedarville,CA,41.52906,-120.17328,514
Central Valley (historical),CA,40.68043,-122.37112,4340
Chester,CA,40.30627,-121.23191,2144
Crescent City,CA,41.75595,-124.20175,6774
Cutten,CA,40.76985,-124.14284,3108
Dorris,CA,41.96737,-121.91806,907
Douglas City,CA,40.65209,-122.94475,713
Doyle,CA,40.02796,-120.10382,678
Dunsmuir,CA,41.20821,-122.27195,1582
Etna,CA,41.45681,-122.89476,716
Eureka,CA,40.80207,-124.16367,27017
Fall River Mills,CA,41.00461,-121.43831,573
Ferndale,CA,40.57624,-124.26394,1369
Fieldbrook,CA,40.96568,-124.03562,859
Fort Dick,CA,41.86789,-124.14897,1405
Fortuna,CA,40.59819,-124.15728,12000
Garberville,CA,40.10014,-123.79503,913
Gasquet,CA,41.84539,-123.96952,661
Gerber,CA,40.05627,-122.15027,1060
Greenville,CA,40.13961,-120.95107,1129
Hamilton Branch,CA,40.27489,-121.09135,537
Happy Camp,CA,41.79275,-123.3808,1190
Hayfork,CA,40.55431,-123.18308,2368
Humboldt Hill,CA,40.72596,-124.18978,3414
Hydesville,CA,40.54763,-124.09727,1237
Janesville,CA,40.29656,-120.52411,1408
Johnstonville,CA,40.38434,-120.58745,1024
Junction City,CA,40.7332,-123.05364,680
Klamath,CA,41.52651,-124.03841,779
Lewiston,CA,40.70737,-122.80752,1193
Loleta,CA,40.64096,-124.22533,783
Los Molinos,CA,40.02127,-122.10027,2037
Manila,CA,40.85179,-124.16229,784
McCloud,CA,41.25571,-122.13945,1101
McKinleyville,CA,40.94652,-124.10062,15177
Millville,CA,40.54932,-122.17528,727
Miranda,CA,40.23459,-123.82365,520
Montague,CA,41.7282,-122.5278,1399
Mount Shasta,CA,41.31024,-122.31225,3296
Mountain Gate,CA,40.71626,-122.33167,943
Myrtletown,CA,40.78874,-124.13034,4675
Palo Cedro,CA,40.56376,-122.23889,1269
Patton Village,CA,40.14101,-120.15493,702
Pine Hills,CA,40.73318,-124.15228,3131
Red Bluff,CA,40.17849,-122.23583,14131
Redding,CA,40.58654,-122.39168,91582
Redway,CA,40.12014,-123.82336,1225
Rio Dell,CA,40.4993,-124.10644,3387
Scotia,CA,40.48236,-124.10088,850
Shasta,CA,40.59932,-122.49196,1771
Shasta Lake,CA,40.68043,-122.37084,10159
Shelter Cove,CA,40.03042,-124.07309,693
Shingletown,CA,40.49238,-121.88916,2283
Smith River,CA,41.92817,-124.14703,866
Susanville,CA,40.41628,-120.65301,15247
Tulelake,CA,41.95599,-121.47749,994
Weaverville,CA,40.73098,-122.94197,3600
Weed,CA,41.42265,-122.38613,2556
Willow Creek,CA,40.93958,-123.63144,1710
Yreka,CA,41.73542,-122.63447,7597
Akron,CO,40.16054,-103.21438,1724
Allenspark,CO,40.19443,-105.52555,528
Altona,CO,40.13387,-105.28277,501
Aristocrat Ranchettes,CO,40.10915,-104.76247,1344
Ault,CO,40.58248,-104.73191,1622
Berthoud,CO,40.30832,-105.08109,6031
Boulder,CO,40.01499,-105.27055,106803
Brush,CO,40.25887,-103.62384,5459
Campion,CO,40.34943,-105.07776,1839
Craig,CO,40.51525,-107.54645,8844
Dacono,CO,40.08471,-104.93942,4792
Eaton,CO,40.53026,-104.71135,4928
Erie,CO,40.05026,-105.04998,21420
Estes Park,CO,40.37721,-105.52167,6257
Evans,CO,40.37637,-104.69219,21383
Firestone,CO,40.11248,-104.93664,11999
Fort Collins,CO,40.58526,-105.08442,170924
Fort Lupton,CO,40.08471,-104.81303,7822
Fort Morgan,CO,40.25026,-103.79995,11319
Frederick,CO,40.09915,-104.9372,11413
Gilcrest,CO,40.28193,-104.77775,1083
Granby,CO,40.0861,-105.93946,1877
Greeley,CO,40.42331,-104.70913,108795
Haxtun,CO,40.6411,-102.62686,930
Hayden,CO,40.49529,-107.25729,1839
Holyoke,CO,40.58444,-102.30241,2251
Hot Sulphur Springs,CO,40.07304,-106.1028,677
Hudson,CO,40.07359,-104.64302,1571
Johnstown,CO,40.33693,-104.9122,14896
Julesburg,CO,40.98833,-102.26435,1237
Keenesburg,CO,40.10832,-104.51996,1195
Kersey,CO,40.38748,-104.56163,1577
Kremmling,CO,40.05887,-106.38892,1457
La Salle,CO,40.34887,-104.70191,2052
Laporte,CO,40.62633,-105.13916,2450
Lazy Acres,CO,40.09332,-105.33277,920
Lochbuie,CO,40.00721,-104.71608,5390
Log Lane Village,CO,40.27054,-103.82967,873
Longmont,CO,40.16721,-105.10193,92088
Loveland,CO,40.39776,-105.07498,75182
Lyons,CO,40.22471,-105.27138,2147
Mead,CO,40.23332,-104.99859,4476
Meeker,CO,40.03747,-107.91313,2362
Milliken,CO,40.32943,-104.85525,6388
Niwot,CO,40.10387,-105.17082,4006
Oak Creek,CO,40.27498,-106.95838,890
Pierce,CO,40.63554,-104.75525,873
Pine Brook Hill,CO,40.04999,-105.31471,983
Platteville,CO,40.21498,-104.82275,2619
Rangely,CO,40.08748,-108.80483,2381
Severance,CO,40.52415,-104.85108,3697
Steamboat Springs,CO,40.48498,-106.83172,12435
Sterling,CO,40.62554,-103.20771,14104
Timnath,CO,40.52915,-104.98525,625
Walden,CO,40.73164,-106.28364,584
Wellington,CO,40.70387,-105.00859,7807
Wiggins,CO,40.23054,-104.07273,893
Windsor,CO,40.47748,-104.90136,32716
Yuma,CO,40.12221,-102.72521,3596
Aberdeen,ID,42.94408,-112.83833,1929
American Falls,ID,42.78602,-112.85444,4321
Ammon,ID,43.46964,-111.96664,14960
Arco,ID,43.63657,-113.30028,857
Ashton,ID,44.07158,-111.44829,1051
Athol,ID,47.94796,-116.70797,696
Bellevue,ID,43.46352,-114.2606,2300
Blackfoot,ID,43.19047,-112.34498,11740
Boise,ID,43.6135,-116.20345,235684
Bonners Ferry,ID,48.69133,-116.31631,2549
Buhl,ID,42.59907,-114.75949,4275
Burley,ID,42.53574,-113.79279,10436
Caldwell,ID,43.66294,-116.68736,51686
Carey,ID,43.30768,-113.94475,602
Cascade,ID,44.51628,-116.0418,938
Challis,ID,44.50464,-114.23173,1043
Chubbuck,ID,42.92075,-112.46609,14428
Clark Fork,ID,48.14521,-116.17573,541
Coeur d'Alene,ID,47.67768,-116.78047,49122
Conda,ID,42.72825,-111.53245,21260
Cottonwood,ID,46.04849,-116.34959,921
Council,ID,44.72989,-116.4382,808
Dalton Gardens,ID,47.72963,-116.77019,2386
Deary,ID,46.79934,-116.55599,508
Dover,ID,48.25159,-116.61103,660
Downey,ID,42.42853,-112.12441,616
Driggs,ID,43.72325,-111.11133,1689
Dubois,ID,44.1763,-112.23082,606
Eagle,ID,43.69544,-116.35401,23612
Emmett,ID,43.8735,-116.4993,6604
Fairfield,ID,43.34657,-114.79173,389
Filer,ID,42.57019,-114.60782,2691
Fort Hall,ID,43.03325,-112.43831,3201
Franklin,ID,42.01354,-111.80717,769
Fruitland,ID,44.00766,-116.91655,5087
Garden City,ID,43.62211,-116.23817,11550
Genesee,ID,46.55072,-116.92544,955
Glenns Ferry,ID,42.9549,-115.3009,1229
Gooding,ID,42.93879,-114.71311,3509
Grace,ID,42.57603,-111.73051,897
Grangeville,ID,45.92655,-116.12237,3155
Greenleaf,ID,43.67127,-116.81625,882
Groveland,ID,43.21992,-112.37248,877
Hagerman,ID,42.81212,-114.89867,867
Hailey,ID,43.51963,-114.31532,8134
Hansen,ID,42.53068,-114.30101,1249
Hauser,ID,47.77296,-117.02798,689
Hayden,ID,47.76602,-116.78658,14133
Hayden Lake,ID,47.75879,-116.75686,599
Hazelton,ID,42.5963,-114.13614,741
Heyburn,ID,42.55852,-113.7639,3223
Homedale,ID,43.61766,-116.93376,2565
Horseshoe Bend,ID,43.91461,-116.1979,688
Idaho City,ID,43.8285,-115.83455,474
Idaho Falls,ID,43.46658,-112.03414,59184
Inkom,ID,42.7963,-112.25414,870
Iona,ID,43.5263,-111.93302,2056
Jerome,ID,42.72407,-114.51865,11184
Juliaetta,ID,46.57878,-116.70599,578
Kamiah,ID,46.22712,-116.02931,1273
Kellogg,ID,47.53826,-116.11933,2069
Ketchum,ID,43.68074,-114.36366,2728
Kimberly,ID,42.5338,-114.36476,3610
Kootenai,ID,48.3102,-116.51353,789
Kooskia,ID,46.14489,-115.97792,606
Kuna,ID,43.49183,-116.42012,17226
Lapwai,ID,46.40489,-116.80487,1147
Lewiston,ID,46.41655,-117.01766,32544
Lewiston Orchards,ID,46.38044,-116.97543,31422
Lincoln,ID,43.51297,-111.96441,3647
Malad City,ID,42.19159,-112.2508,2050
Marsing,ID,43.54544,-116.8132,1287
McCall,ID,44.91101,-116.09874,3106
McCammon,ID,42.65047,-112.19302,797
Melba,ID,43.37544,-116.52901,531
Menan,ID,43.72074,-111.98997,754
Meridian,ID,43.61211,-116.39151,90739
Middleton,ID,43.70683,-116.62014,6828
Montpelier,ID,42.32215,-111.2977,2509
Moreland,ID,43.22269,-112.44248,1278
Moscow,ID,46.73239,-117.00017,25060
Mountain Home,ID,43.13295,-115.6912,13730
Moyie Springs,ID,48.72633,-116.18853,717
Mullan,ID,47.47021,-115.80183,675
Murphy,ID,43.21822,-116.55234,97
Nampa,ID,43.54072,-116.56346,89839
New Plymouth,ID,43.96989,-116.81904,1503
Nezperce,ID,46.23489,-116.2407,468
Notus,ID,43.72544,-116.80126,546
Oakley,ID,42.24325,-113.88196,790
Orofino,ID,46.47935,-116.25514,3054
Osburn,ID,47.50604,-115.99933,1510
Paris,ID,42.22715,-111.40104,506
Parma,ID,43.78516,-116.94321,2082
Paul,ID,42.60796,-113.78335,1192
Payette,ID,44.07822,-116.93377,7380
Pinehurst,ID,47.53881,-116.23739,1580
Plummer,ID,47.33518,-116.88851,1019
Pocatello,ID,42.8713,-112.44553,54441
Ponderay,ID,48.30548,-116.5338,1138
Post Falls,ID,47.71796,-116.95159,30453
Potlatch,ID,46.92156,-116.89822,805
Preston,ID,42.09631,-111.87662,5212
Priest River,ID,48.18097,-116.91157,1758
Rexburg,ID,43.82602,-111.78969,27663
Rigby,ID,43.67241,-111.91497,4029
Ririe,ID,43.63186,-111.77357,637
Riverside,ID,43.19686,-112.43526,838
Roberts,ID,43.72019,-112.12636,573
Rupert,ID,42.61908,-113.67723,5705
Saint Anthony,ID,43.9663,-111.68218,3542
Saint Maries,ID,47.31435,-116.56267,2402
Salmon,ID,45.17575,-113.8959,3036
Sandpoint,ID,48.27659,-116.55325,7835
Shelley,ID,43.3813,-112.12331,4339
Shoshone,ID,42.93602,-114.40588,1488
Smelterville,ID,47.5427,-116.18156,603
Soda Springs,ID,42.65437,-111.60467,2944
Spirit Lake,ID,47.96629,-116.86853,2086
Star,ID,43.69211,-116.49346,7797
Sugar City,ID,43.87297,-111.7483,1328
Sun Valley,ID,43.69713,-114.35172,1422
Teton,ID,43.88658,-111.67774,709
Troy,ID,46.73684,-116.7696,880
Twin Falls,ID,42.56297,-114.46087,47468
Tyhee,ID,42.95158,-112.46637,1123
Ucon,ID,43.5963,-111.96386,1132
Victor,ID,43.6027,-111.11133,1961
Wallace,ID,47.47409,-115.92794,761
Weiser,ID,44.251,-116.96933,5317
Wendell,ID,42.77574,-114.70422,2744
Wilder,ID,43.67655,-116.91182,1622
Absarokee,MT,45.5205,-109.44294,1150
Anaconda,MT,46.12854,-112.94226,9417
Arlee,MT,47.16187,-114.08511,636
Ashland,MT,45.59444,-106.27085,824
Baker,MT,46.36695,-104.28466,2011
Belgrade,MT,45.77604,-111.1769,8029
Belt,MT,47.38608,-110.92551,596
Big Sandy,MT,48.17859,-110.11215,593
Big Sky,MT,45.28465,-111.36829,2308
Big Timber,MT,45.83494,-109.95546,1648
Bigfork,MT,48.06329,-114.07261,4270
Billings,MT,45.78329,-108.50069,117116
Black Eagle,MT,47.52468,-111.27831,904
Boulder,MT,46.23659,-112.12083,1207
Bozeman,MT,45.67965,-111.03856,43405
Bridger,MT,45.29578,-108.91375,729
Broadus,MT,45.44387,-105.41133,488
Browning,MT,48.55692,-113.01342,1027
Busby,MT,45.53721,-106.95561,745
Butte,MT,46.00382,-112.53474,34190
Carlton,MT,46.67576,-114.07872,694
Cascade,MT,47.27106,-111.70054,696
Chester,MT,48.51054,-110.96747,883
Chinook,MT,48.59,-109.23128,1228
Choteau,MT,47.81245,-112.18363,1696
Churchill,MT,45.75076,-111.3044,902
Circle,MT,47.41667,-105.59222,613
Clancy,MT,46.46521,-111.98638,1661
Clinton,MT,46.76909,-113.7126,1052
Colstrip,MT,45.88416,-106.62364,2336
Columbia Falls,MT,48.37246,-114.18152,5093
Columbus,MT,45.63661,-109.25211,2042
Conrad,MT,48.17025,-111.94613,2593
Coram,MT,48.41802,-114.04623,539
Corvallis,MT,46.31409,-114.11287,976
Crow Agency,MT,45.60164,-107.46119,1616
Culbertson,MT,48.14446,-104.5169,815
Cut Bank,MT,48.63304,-112.32616,3002
Darby,MT,46.0227,-114.17814,747
Deer Lodge,MT,46.39576,-112.73004,2965
Dillon,MT,45.21631,-112.63752,4210
East Helena,MT,46.58966,-111.91555,2057
East Missoula,MT,46.87076,-113.94455,2157
Ekalaka,MT,45.88889,-104.55273,345
Ennis,MT,45.34882,-111.7297,884
Eureka,MT,48.87996,-115.0535,1074
Evergreen,MT,48.22579,-114.27624,7616
Fairfield,MT,47.61467,-111.98028,733
Fairview,MT,47.85641,-104.04493,962
Florence,MT,46.63159,-114.079,765
Forsyth,MT,46.26638,-106.67781,1892
Fort Belknap Agency,MT,48.4825,-108.76544,1293
Fort Benton,MT,47.8183,-110.66744,1460
Four Corners,MT,45.66,-111.185,3146
Frenchtown,MT,47.01492,-114.22984,1825
Gallatin Gateway,MT,45.5916,-111.19773,856
Gardiner,MT,45.03188,-110.70577,875
Glasgow,MT,48.19696,-106.63671,3414
Glendive,MT,47.10529,-104.71246,5490
Great Falls,MT,47.50024,-111.30081,59638
Hamilton,MT,46.24687,-114.16037,4602
Hardin,MT,45.73248,-107.61203,3800
Harlem,MT,48.53333,-108.78405,822
Harlowton,MT,46.43551,-109.83435,979
Havre,MT,48.55,-109.68409,9834
Hays,MT,47.98916,-108.69432,843
Heart Butte,MT,48.2833,-112.83673,582
Helena,MT,46.59271,-112.03611,32091
Hot Springs,MT,47.6091,-114.66874,547
Hungry Horse,MT,48.3858,-114.06095,826
Hysham,MT,46.29277,-107.23423,304
Joliet,MT,45.48522,-108.97043,638
Jordan,MT,47.32083,-106.91007,399
Kalispell,MT,48.19579,-114.31291,22052
King Arthur Park,MT,45.6666,-111.12301,738
Lakeside,MT,48.01939,-114.22457,2669
Lame Deer,MT,45.62305,-106.6667,2052
Laurel,MT,45.66912,-108.77153,6943
Lewistown,MT,47.06247,-109.42824,5874
Libby,MT,48.38829,-115.556,2645
Lincoln,MT,46.95494,-112.68171,1013
Livingston,MT,45.66244,-110.56104,7302
Lockwood,MT,45.81912,-108.41486,6797
Lolo,MT,46.75881,-114.08094,3892
Malta,MT,48.35972,-107.87428,1963
Manhattan,MT,45.8566,-111.33246,1631
Marion,MT,48.10551,-114.66319,886
Miles City,MT,46.40834,-105.84056,8796
Missoula,MT,46.87215,-113.994,71022
Montana City,MT,46.53771,-111.93277,2715
Muddy,MT,45.62193,-106.76031,617
North Browning,MT,48.57025,-113.00953,2408
Orchard Homes,MT,46.86326,-114.04844,5197
Pablo,MT,47.60021,-114.119,2254
Park City,MT,45.63272,-108.91793,983
Philipsburg,MT,46.33215,-113.29423,884
Pinesdale,MT,46.32937,-114.21676,954
Pioneer Junction,MT,48.33607,-115.5185,959
Plains,MT,47.46021,-114.88291,1051
Plentywood,MT,48.77475,-104.56246,1923
Polson,MT,47.69355,-114.16317,4707
Poplar,MT,48.11307,-105.19831,871
Pray,MT,45.38021,-110.6816,681
Pryor,MT,45.42967,-108.53319,618
Red Lodge,MT,45.18578,-109.24682,2222
Ronan,MT,47.52882,-114.1015,1981
Roundup,MT,46.44524,-108.5418,1836
Ryegate,MT,46.29718,-109.25879,236
Saint Ignatius,MT,47.31993,-114.094,842
Scobey,MT,48.79252,-105.42083,1033
Seeley Lake,MT,47.17938,-113.48452,1659
Shelby,MT,48.50526,-111.85697,3268
Shepherd,MT,45.94357,-108.34235,516
Sheridan,MT,45.45548,-112.19694,677
Sidney,MT,47.71668,-104.15633,6828
Somers,MT,48.08023,-114.22151,1109
South Browning,MT,48.54608,-113.01425,1785
Stanford,MT,47.15358,-110.21826,381
Stevensville,MT,46.50992,-114.09316,1922
Sun Prairie,MT,47.5369,-111.48136,1630
Superior,MT,47.19159,-114.8918,839
Terry,MT,46.79306,-105.31221,597
Thompson Falls,MT,47.59489,-115.33834,1332
Three Forks,MT,45.89243,-111.55219,1926
Townsend,MT,46.3191,-111.5208,1959
Trego,MT,48.70524,-114.86932,541
Troy,MT,48.46328,-115.88962,877
Ulm,MT,47.43051,-111.50719,738
Valier,MT,48.30775,-112.24976,508
Vaughn,MT,47.56051,-111.54581,658
Victor,MT,46.41659,-114.1501,745
Virginia City,MT,45.29381,-111.94609,199
Walkerville,MT,46.03409,-112.53586,700
Warm Springs,MT,46.18131,-112.78476,3000
West Glendive,MT,47.11085,-104.74968,1948
West Yellowstone,MT,44.66215,-111.10411,1339
White Haven,MT,48.34495,-115.51739,577
White Sulphur Springs,MT,46.54828,-110.90216,910
Whitefish,MT,48.41108,-114.33763,7073
Whitehall,MT,45.87076,-112.09749,1094
Wibaux,MT,46.98501,-104.18827,666
Winnett,MT,47.00276,-108.35207,179
Wolf Point,MT,48.09057,-105.64056,2850
Woods Bay,MT,48.00162,-114.05039,661
Worden,MT,45.95996,-108.16095,577
Wye,MT,46.95298,-114.1215,511
Amidon,ND,46.48223,-103.32185,21
Baldwin,ND,47.02666,-100.74957,545
Belfield,ND,46.88529,-103.19962,1055
Berthold,ND,48.31307,-101.73711,501
Beulah,ND,47.26334,-101.77795,3393
Bismarck,ND,46.80833,-100.78374,75092
Bottineau,ND,48.82723,-100.4457,2343
Bowbells,ND,48.80308,-102.246,377
Bowman,ND,46.18306,-103.39491,1744
Burlington,ND,48.27529,-101.42878,1181
Cannon Ball,ND,46.38944,-100.59401,875
Carson,ND,46.41778,-101.56487,290
Center,ND,47.11638,-101.29959,564
Crosby,ND,48.9142,-103.29491,1408
Dickinson,ND,46.87918,-102.78962,23765
Dunseith,ND,48.81306,-100.06097,797
Elgin,ND,46.4039,-101.84598,633
Fort Yates,ND,46.08694,-100.63013,191
Four Bears Village,ND,47.98279,-102.57852,517
Garrison,ND,47.65222,-101.41572,1538
Glen Ullin,ND,46.81501,-101.82988,743
Hazen,ND,47.29445,-101.62266,2488
Hebron,ND,46.90056,-102.04544,691
Hettinger,ND,46.00139,-102.63682,1257
Kenmare,ND,48.67475,-102.08266,1083
Killdeer,ND,47.37196,-102.75408,1254
Lincoln,ND,46.76249,-100.7004,3519
Linton,ND,46.26666,-100.23289,1039
Mandan,ND,46.82666,-100.88958,21382
Mandaree,ND,47.72918,-102.67602,596
Manning,ND,47.23001,-102.77019,74
McClusky,ND,47.48583,-100.44318,375
Medora,ND,46.9139,-103.52435,133
Minot,ND,48.23251,-101.29627,49450
Mohall,ND,48.76336,-101.51322,808
Mott,ND,46.3725,-102.32711,793
New England,ND,46.53918,-102.86822,659
New Salem,ND,46.845,-101.41125,896
New Town,ND,47.98085,-102.49018,2521
Parshall,ND,47.95335,-102.13489,1263
Ray,ND,48.34447,-103.16518,729
Richardton,ND,46.8839,-102.31573,563
Stanley,ND,48.31724,-102.39045,2721
Stanton,ND,47.32111,-101.38155,370
Surrey,ND,48.2364,-101.13349,1358
Tioga,ND,48.39724,-102.93824,1643
Towner,ND,48.34583,-100.40541,564
Underwood,ND,47.45639,-101.1371,775
Turtle Lake,ND,47.52,-100.89014,590
Velva,ND,48.05612,-100.92932,1260
Washburn,ND,47.28916,-101.02903,1309
Watford City,ND,47.80224,-103.28325,6708
Williston,ND,48.14697,-103.61797,26977
Alliance,NE,42.10163,-102.87215,8522
Arnold,NE,41.4225,-100.19346,580
Arthur,NE,41.57165,-101.69156,117
Bayard,NE,41.75497,-103.3241,1148
Benkelman,NE,40.04916,-101.53294,840
Bridgeport,NE,41.66525,-103.0991,1521
Cambridge,NE,40.28195,-100.16569,1051
Chadron,NE,42.82942,-102.99991,5775
Chappell,NE,41.09277,-102.47074,921
Crawford,NE,42.68302,-103.4127,973
Culbertson,NE,40.22972,-100.83849,590
Curtis,NE,40.63001,-100.5157,897
Gering,NE,41.8258,-103.6605,8334
Gordon,NE,42.80472,-102.20322,1531
Gothenburg,NE,40.92945,-100.16068,3514
Grant,NE,40.84194,-101.72517,1133
Harrisburg,NE,41.55636,-103.73856,100
Harrison,NE,42.68719,-103.88271,238
Hay Springs,NE,42.68386,-102.6899,547
Hayes Center,NE,40.51084,-101.0196,207
Hemingford,NE,42.32163,-103.07298,801
Hershey,NE,41.15861,-101.00265,666
Hyannis,NE,42.00054,-101.76184,192
Imperial,NE,40.51694,-101.64323,2056
Indianola,NE,40.23445,-100.41737,564
Kimball,NE,41.23581,-103.663,2405
McCook,NE,40.20195,-100.62571,7580
Minatare,NE,41.80941,-103.50383,800
Mitchell,NE,41.94024,-103.80856,1666
Morrill,NE,41.9633,-103.92634,912
Mullen,NE,42.04278,-101.04266,499
North Platte,NE,41.12389,-100.76542,24194
Ogallala,NE,41.12805,-101.71962,4570
Oshkosh,NE,41.40498,-102.34436,828
Rushville,NE,42.71832,-102.46406,850
Scottsbluff,NE,41.86663,-103.66717,14802
Sidney,NE,41.14276,-102.97798,6942
Stapleton,NE,41.48028,-100.51292,311
Stockville,NE,40.53279,-100.38348,24
Sutherland,NE,41.15694,-101.12627,1336
Terrytown,NE,41.84747,-103.66161,1172
Thedford,NE,41.97833,-100.57625,200
Trenton,NE,40.17555,-101.01294,561
Tryon,NE,41.55277,-100.95765,157
Valentine,NE,42.87278,-100.55097,2836
Wauneta,NE,40.41833,-101.37128,574
Battle Mountain,NV,40.64213,-116.93427,3635
Carlin,NV,40.71381,-116.10397,2302
Elko,NV,40.83242,-115.76312,20279
Jackpot,NV,41.98324,-114.67476,1195
Lovelock,NV,40.17935,-118.47348,1878
Osino,NV,40.93214,-115.66062,709
Owyhee,NV,41.94768,-116.09871,953
Spring Creek,NV,40.72659,-115.5859,12361
Wells,NV,41.11159,-114.96449,1261
West Wendover,NV,40.7391,-114.07335,4294
Winnemucca,NV,40.97296,-117.73568,7887
Adair Village,OR,44.67068,-123.21788,818
Agate Beach,OR,44.67734,-124.06178,12351
Albany,OR,44.63651,-123.10593,52175
Aloha,OR,45.49428,-122.86705,49425
Altamont,OR,42.20681,-121.73722,19257
Amity,OR,45.11567,-123.20733,1641
Arlington,OR,45.7168,-120.20088,583
Ashland,OR,42.19458,-122.70948,20861
Astoria,OR,46.18788,-123.83125,9626
Athena,OR,45.8118,-118.49053,1140
Aurora,OR,45.23095,-122.75593,979
Aumsville,OR,44.84095,-122.87092,4013
Baker City,OR,44.77487,-117.83438,9752
Bandon,OR,43.119,-124.40845,3115
Banks,OR,45.61872,-123.11428,1934
Barview,OR,43.35428,-124.31317,1844
Bay City,OR,45.5226,-123.8893,1332
Bayside Gardens,OR,45.71372,-123.91513,880
Beavercreek,OR,45.2879,-122.53564,4485
Beaverton,OR,45.48706,-122.80371,96577
Bend,OR,44.05817,-121.31531,87014
Bethany,OR,45.55789,-122.8676,20646
Boardman,OR,45.83986,-119.70058,3354
Brookings,OR,42.05261,-124.28398,6476
Brownsville,OR,44.39346,-122.98481,1738
Bunker Hill,OR,43.35595,-124.20483,1444
Burns,OR,43.58626,-119.0541,2757
Canby,OR,45.2629,-122.69259,17271
Cannon Beach,OR,45.89177,-123.96153,1702
Canyon City,OR,44.3896,-118.95023,672
Canyonville,OR,42.92734,-123.28117,1911
Carlton,OR,45.29428,-123.17649,2067
Cascade Locks,OR,45.66984,-121.89064,1159
Cave Junction,OR,42.16289,-123.64812,1932
Cedar Hills,OR,45.50484,-122.79843,8300
Cedar Mill,OR,45.52484,-122.81093,14546
Central Point,OR,42.37596,-122.91643,17995
Chenoweth,OR,45.62762,-121.24341,1855
Chiloquin,OR,42.57764,-121.86613,721
Clackamas,OR,45.40762,-122.57037,6767
Clatskanie,OR,46.10122,-123.20679,1759
Coburg,OR,44.13707,-123.06648,1055
Columbia City,OR,45.89011,-122.80705,1958
Condon,OR,45.2343,-120.18503,681
Coos Bay,OR,43.3665,-124.21789,16182
Coquille,OR,43.17705,-124.18761,3858
Cornelius,OR,45.51984,-123.05983,12317
Corvallis,OR,44.56457,-123.26204,55780
Cottage Grove,OR,43.79762,-123.05952,9969
Cove,OR,45.29653,-117.80799,554
Creswell,OR,43.9179,-123.02453,5199
Culp Creek,OR,43.70346,-122.84757,2000
Culver,OR,44.52568,-121.2131,1442
Dallas,OR,44.91928,-123.31705,15277
Damascus,OR,45.41762,-122.45898,10952
Dayton,OR,45.22067,-123.07621,2575
Depoe Bay,OR,44.80845,-124.06317,1422
Deschutes River Woods,OR,43.99151,-121.35836,5077
Donald,OR,45.22234,-122.83926,1001
Drain,OR,43.65873,-123.3187,1157
Dufur,OR,45.45318,-121.13062,623
Dundee,OR,45.27817,-123.01094,3200
Dunes City,OR,43.88318,-124.11512,1339
Durham,OR,45.40206,-122.75287,1938
Eagle Point,OR,42.47263,-122.80282,8902
Echo,OR,45.74235,-119.19557,702
Elgin,OR,45.56486,-117.91743,1732
Enterprise,OR,45.42626,-117.27878,1893
Estacada,OR,45.28957,-122.3337,3152
Eugene,OR,44.05207,-123.08675,176654
Fairview,OR,45.53845,-122.43398,9280
Falls City,OR,44.86623,-123.43594,975
Bridgeton,OR,45.60178,-122.66926,593
Florence,OR,43.98262,-124.09984,8649
Foots Creek,OR,42.40484,-123.13894,799
Forest Grove,OR,45.51984,-123.11066,24457
Fossil,OR,44.99819,-120.21614,449
Four Corners,OR,44.9279,-122.98371,15947
Garibaldi,OR,45.55983,-123.91096,783
Gaston,OR,45.43623,-123.13955,688
Gearhart,OR,46.02427,-123.91125,1524
Gervais,OR,45.10818,-122.8976,2631
Gladstone,OR,45.38068,-122.59481,11986
Glasgow,OR,43.43456,-124.21122,763
Glendale,OR,42.73623,-123.4234,881
Glide,OR,43.30151,-123.10118,1795
Gold Hill,OR,42.43179,-123.0506,1266
Grand Ronde,OR,45.06011,-123.60928,1661
Grants Pass,OR,42.43933,-123.33067,37088
Green,OR,43.16039,-123.36785,7515
Gresham,OR,45.49818,-122.43148,110553
Halsey,OR,44.38401,-123.10981,942
Hammond,OR,46.2001,-123.95154,589
Happy Valley,OR,45.44679,-122.53037,18493
Harbor,OR,42.05317,-124.26759,2391
Harrisburg,OR,44.27401,-123.17065,3704
Hayesville,OR,44.98595,-122.98287,19936
Heppner,OR,45.35318,-119.5578,1287
Hermiston,OR,45.84041,-119.28946,17201
Hillsboro,OR,45.52289,-122.98983,102347
Hines,OR,43.56404,-119.08105,1525
Hood River,OR,45.7054,-121.52146,7624
Hubbard,OR,45.18234,-122.80787,3299
Independence,OR,44.85123,-123.18677,9227
Irrigon,OR,45.89569,-119.49141,1800
Island City,OR,45.34097,-118.04466,1005
Jacksonville,OR,42.31346,-122.96699,2883
Jefferson,OR,44.71957,-123.01037,3247
Jennings Lodge,OR,45.39123,-122.61259,7315
John Day,OR,44.41599,-118.95301,1680
Johnson City,OR,45.40456,-122.57898,580
Joseph,OR,45.35432,-117.22961,1063
Junction City,OR,44.21929,-123.20565,5842
Keizer,OR,44.99012,-123.02621,37895
Kenton,OR,45.58178,-122.68149,7000
Kerby,OR,42.19428,-123.65174,595
King City,OR,45.391,-122.81578,3680
Klamath Falls,OR,42.22487,-121.78167,21399
La Grande,OR,45.32458,-118.08772,13074
La Pine,OR,43.6704,-121.50364,1777
Lacomb,OR,44.58512,-122.74342,546
Lafayette,OR,45.24428,-123.11483,3969
Lake Oswego,OR,45.42067,-122.67065,38496
Lakeside,OR,43.57567,-124.17511,1737
Lakeview,OR,42.18877,-120.34579,2296
Lebanon,OR,44.53651,-122.90703,16324
Lents,OR,45.47984,-122.56731,20156
Lincoln Beach,OR,44.85039,-124.04678,2045
Lincoln City,OR,44.95816,-124.01789,8536
Lookingglass,OR,43.17845,-123.48619,855
Lowell,OR,43.91846,-122.78368,1087
Lyons,OR,44.77457,-122.61509,1187
Madras,OR,44.63345,-121.12949,6662
Malin,OR,42.01266,-121.4086,804
Manzanita,OR,45.71844,-123.93514,622
Maywood Park,OR,45.5529,-122.56037,778
McMinnville,OR,45.21012,-123.19872,33892
Medford,OR,42.32652,-122.87559,79805
Melrose,OR,43.24762,-123.45897,735
Merlin,OR,42.51734,-123.41979,1615
Merrill,OR,42.02515,-121.60055,825
Metolius,OR,44.58651,-121.17838,743
Metzger,OR,45.44651,-122.75899,3765
Mill City,OR,44.75401,-122.47814,1875
Millersburg,OR,44.68095,-123.06148,1539
Milton-Freewater,OR,45.93263,-118.38774,7035
Milwaukie,OR,45.44623,-122.63926,20830
Mission,OR,45.67041,-118.68359,1037
Molalla,OR,45.14734,-122.57703,8972
Monmouth,OR,44.84845,-123.23399,10032
Monroe,OR,44.31401,-123.29676,621
Moro,OR,45.48401,-120.73117,310
Mount Angel,OR,45.0679,-122.80009,3437
Mount Hood Village,OR,45.3554,-121.98064,4864
Mount Vernon,OR,44.41765,-119.11357,506
Mulino,OR,45.22151,-122.58203,2103
Myrtle Creek,OR,43.02012,-123.29312,3459
Myrtle Point,OR,43.06483,-124.13899,2514
Netarts,OR,45.43483,-123.94596,748
New Hope,OR,42.36234,-123.36784,1515
Newberg,OR,45.30012,-122.97316,22780
Newport,OR,44.63678,-124.05345,10268
North Bend,OR,43.4065,-124.22428,9673
North Plains,OR,45.59706,-122.99344,2100
North Portland,OR,45.61039,-122.70343,7000
Nyssa,OR,43.87683,-116.99488,3175
Oak Grove,OR,45.41679,-122.64009,16629
Oak Hills,OR,45.54123,-122.84121,11333
Oakland,OR,43.42206,-123.29841,936
Oakridge,OR,43.74651,-122.46172,3211
Odell,OR,45.62706,-121.54313,2255
Ontario,OR,44.02655,-116.96294,10999
Oregon City,OR,45.35734,-122.60676,35831
Pacific City,OR,45.20233,-123.96289,1035
Pendleton,OR,45.67207,-118.7886,16881
Philomath,OR,44.54012,-123.3676,4599
Phoenix,OR,42.27541,-122.81809,4553
Pilot Rock,OR,45.48318,-118.82998,1513
Port Orford,OR,42.74566,-124.49733,1146
Portland,OR,45.52345,-122.67621,652503
Powers,OR,42.88344,-124.07315,670
Prairie City,OR,44.46321,-118.70995,880
Prineville,OR,44.29985,-120.83447,9530
Rainier,OR,46.089,-122.93594,1920
Raleigh Hills,OR,45.48067,-122.76204,5896
Redmond,OR,44.27262,-121.17392,28654
Redwood,OR,42.42206,-123.38728,2627
Reedsport,OR,43.70234,-124.09678,4107
Riddle,OR,42.95095,-123.36423,1191
Rockcreek,OR,45.55012,-122.87705,9316
Rockaway Beach,OR,45.61344,-123.94291,1347
Rogue River,OR,42.43595,-123.172,2227
Rose Lodge,OR,45.01039,-123.88039,1894
Roseburg,OR,43.2165,-123.34174,22114
Ruch,OR,42.24631,-123.03486,840
Saint Helens,OR,45.864,-122.80649,12883
Salem,OR,44.9429,-123.0351,175535
Sandy,OR,45.39734,-122.26148,10644
Scappoose,OR,45.75428,-122.8776,6954
Scio,OR,44.70484,-122.84926,882
Seaside,OR,45.99316,-123.92264,6540
Selma,OR,42.279,-123.6159,695
Shady Cove,OR,42.61068,-122.81254,2904
Sheridan,OR,45.09928,-123.39483,6094
Sherwood,OR,45.35651,-122.8401,19283
Siletz,OR,44.72178,-123.92011,1221
Silverton,OR,45.00512,-122.78315,9753
Sisters,OR,44.29095,-121.54921,2472
South Lebanon,OR,44.50623,-122.90314,1005
Springfield,OR,44.04624,-123.02203,60870
Stafford,OR,45.381,-122.704,1577
Stanfield,OR,45.78041,-119.21724,2082
Stayton,OR,44.80068,-122.79453,7969
Sublimity,OR,44.82957,-122.79453,2870
Sunriver,OR,43.88401,-121.43864,1393
Sutherlin,OR,43.39012,-123.31258,7912
Sweet Home,OR,44.39762,-122.7362,9270
Talent,OR,42.24568,-122.78865,6411
Tangent,OR,44.54123,-123.10815,1220
Terrebonne,OR,44.3529,-121.17781,1257
The Dalles,OR,45.59456,-121.17868,15340
Three Rivers,OR,43.82012,-121.46919,3014
Tigard,OR,45.43123,-122.77149,51253
Tillamook,OR,45.4564,-123.84553,4997
Toledo,OR,44.62151,-123.93845,3511
Trail,OR,42.64846,-122.8106,702
Tri-City,OR,42.98456,-123.31173,3931
Troutdale,OR,45.53929,-122.38731,16631
Tualatin,OR,45.38401,-122.76399,27154
Turner,OR,44.84318,-122.95287,1984
Umatilla,OR,45.91735,-119.34252,7009
Union,OR,45.20847,-117.86521,2120
Vale,OR,43.98211,-117.23823,1833
Veneta,OR,44.04873,-123.35093,4800
Vernonia,OR,45.85872,-123.19289,2143
Waldport,OR,44.42679,-124.06873,2130
Warm Springs,OR,44.76345,-121.26616,2945
Warren,OR,45.819,-122.84899,1787
Warrenton,OR,46.1651,-123.92376,5282
West Haven,OR,45.51762,-122.76954,6009
West Linn,OR,45.36568,-122.61231,26593
West Slope,OR,45.49873,-122.76454,6554
Weston,OR,45.81374,-118.42469,647
White City,OR,42.43735,-122.832,7975
Willamina,OR,45.07873,-123.48594,2106
Williams,OR,42.21873,-123.27394,1072
Wilsonville,OR,45.29984,-122.77371,22729
Wimer,OR,42.53873,-123.14894,678
Winston,OR,43.12234,-123.41257,5393
Wood Village,OR,45.53429,-122.4187,4017
Woodburn,OR,45.14373,-122.85537,25173
Yachats,OR,44.31123,-124.10484,718
Yamhill,OR,45.3415,-123.18733,1094
Yoncalla,OR,43.59845,-123.28342,1053
Antelope,SD,43.30306,-100.6293,826
Ashland Heights,SD,44.12971,-103.12518,754
Belle Fourche,SD,44.67137,-103.85215,5696
Bison,SD,45.52026,-102.46127,339
Blackhawk,SD,44.1511,-103.30796,2892
Box Elder,SD,44.11249,-103.06823,9289
Buffalo,SD,45.58416,-103.54603,345
Colonial Pine Hills,SD,44.00777,-103.31546,2493
Custer,SD,43.76665,-103.59881,1952
Deadwood,SD,44.37665,-103.72964,1258
Dupree,SD,45.04748,-101.60099,527
Eagle Butte,SD,45.00248,-101.23349,1318
Edgemont,SD,43.30107,-103.8272,739
Fort Pierre,SD,44.35359,-100.37374,2117
Green Valley,SD,44.03554,-103.11129,928
Hill City,SD,43.93249,-103.57519,995
Hot Springs,SD,43.43165,-103.47436,3532
Johnson Siding,SD,44.08471,-103.43797,659
Kadoka,SD,43.83388,-101.50987,707
Kyle,SD,43.42499,-102.17655,846
Lead,SD,44.35221,-103.7652,2999
Lemmon,SD,45.94083,-102.15932,1232
Martin,SD,43.1725,-101.73265,1061
McIntosh,SD,45.92139,-101.34958,175
McLaughlin,SD,45.81444,-100.81041,679
Mission,SD,43.30584,-100.65819,1215
Mobridge,SD,45.53722,-100.42791,3466
Mound City,SD,45.72527,-100.06845,68
Murdo,SD,43.88832,-100.71291,458
New Underwood,SD,44.09332,-102.83628,672
Newell,SD,44.71471,-103.42074,595
North Eagle Butte,SD,45.00415,-101.23376,1954
North Spearfish,SD,44.50665,-103.89215,2285
Oglala,SD,43.18859,-102.73962,1290
Onida,SD,44.70804,-100.05984,658
Parmelee,SD,43.32306,-101.02654,562
Philip,SD,44.03943,-101.66514,751
Piedmont,SD,44.23165,-103.38908,827
Pierre,SD,44.36832,-100.35097,14091
Pine Ridge,SD,43.02554,-102.55627,3308
Porcupine,SD,43.23971,-102.33099,1062
Presho,SD,43.90971,-100.05873,503
Rapid City,SD,44.08054,-103.23101,73569
Rapid Valley,SD,44.06249,-103.14629,8260
Rosebud,SD,43.23278,-100.85348,1587
Saint Francis,SD,43.14445,-100.90515,709
Selby,SD,45.50638,-100.03207,634
Spearfish,SD,44.49082,-103.85937,11283
Sturgis,SD,44.40971,-103.50908,6688
Timber Lake,SD,45.42915,-101.07403,483
Wall,SD,43.99249,-102.24155,877
Wanblee,SD,43.56944,-101.66042,725
White River,SD,43.56805,-100.74542,575
Whitewood,SD,44.4611,-103.63853,919
Amalga,UT,41.86104,-111.89578,514
Alpine,UT,40.45328,-111.77799,10235
Ballard,UT,40.2894,-109.9432,1106
Bear River City,UT,41.61465,-112.12662,852
Benjamin,UT,40.09829,-111.73132,1145
Benson,UT,41.78743,-111.93022,1485
Bluffdale,UT,40.48967,-111.93882,10931
Bountiful,UT,40.88939,-111.88077,43784
Brigham City,UT,41.51021,-112.0155,18752
Canyon Rim,UT,40.70661,-111.82188,10062
Cedar Hills,UT,40.41412,-111.75854,10265
Centerville,UT,40.918,-111.87216,16877
Clarkston,UT,41.9202,-112.04995,694
Clearfield,UT,41.11078,-112.02605,30653
Clinton,UT,41.13967,-112.0505,21399
Coalville,UT,40.91773,-111.39936,1431
Copperton,UT,40.56467,-112.09744,826
Corinne,UT,41.55104,-112.11023,694
Cottonwood Heights,UT,40.61967,-111.81021,34343
Daniel,UT,40.47079,-111.41463,1058
Draper,UT,40.52467,-111.86382,46774
Duchesne,UT,40.16329,-110.40293,1872
Dugway,UT,40.22105,-112.74441,795
Eagle Mountain,UT,40.31412,-112.00688,27332
East Millcreek,UT,40.69995,-111.81049,20816
Eden,UT,41.3005,-111.81216,600
Elk Ridge,UT,40.01134,-111.67687,3183
Elwood,UT,41.69048,-112.14106,1070
Erda,UT,40.61272,-112.30439,4642
Farmington,UT,40.9805,-111.88744,22566
Farr West,UT,41.29717,-112.02772,6616
Fort Duchesne,UT,40.28802,-109.85459,714
Francis,UT,40.61051,-111.28074,1258
Fruit Heights,UT,41.03217,-111.90216,6072
Garden City,UT,41.94688,-111.39354,580
Garland,UT,41.74104,-112.16162,2448
Granite,UT,40.573,-111.80604,1932
Grantsville,UT,40.59994,-112.4644,10027
Harrisville,UT,41.28133,-111.98828,6221
Heber City,UT,40.5069,-111.41324,9198
Henefer,UT,41.01661,-111.49826,862
Herriman,UT,40.51411,-112.03299,30835
Highland,UT,40.42548,-111.79447,17989
Holladay,UT,40.66884,-111.82466,30864
Honeyville,UT,41.63854,-112.07939,1454
Hooper,UT,41.16383,-112.12244,8214
Hoytsville,UT,40.87439,-111.38047,607
Huntsville,UT,41.26077,-111.76994,621
Hyde Park,UT,41.79882,-111.81911,4375
Hyrum,UT,41.6341,-111.85217,7962
Kamas,UT,40.64301,-111.28074,2053
Kaysville,UT,41.03522,-111.93855,30472
Kearns,UT,40.65995,-111.99633,35731
Lake Shore,UT,40.1219,-111.73048,817
Layton,UT,41.06022,-111.97105,74143
Lehi,UT,40.39162,-111.85077,58486
Lewiston,UT,41.97576,-111.85634,1768
Liberty,UT,41.33355,-111.86355,1257
Lindon,UT,40.34329,-111.72076,10810
Logan,UT,41.73549,-111.83439,50371
Maeser,UT,40.47718,-109.58681,3601
Magna,UT,40.70911,-112.10161,26505
Manila,UT,40.98801,-109.72265,331
Mantua,UT,41.49577,-111.94383,732
Mapleton,UT,40.13023,-111.57853,9232
Marion,UT,40.67745,-111.28102,685
Marriott-Slaterville,UT,41.25161,-112.0255,1744
Mendon,UT,41.70993,-111.97773,1348
Midvale,UT,40.61106,-111.89994,32613
Midway,UT,40.51218,-111.47435,4646
Millcreek,UT,40.68689,-111.87549,62139
Millville,UT,41.6816,-111.823,1970
Morgan,UT,41.03606,-111.67688,4049
Mount Olympus,UT,40.6855,-111.78854,6748
Mountain Green,UT,41.143,-111.7916,2309
Murray,UT,40.66689,-111.88799,49250
Myton,UT,40.1944,-110.06182,639
Naples,UT,40.42691,-109.4993,2212
Newton,UT,41.8627,-111.99078,782
Nibley,UT,41.67438,-111.833,6451
North Logan,UT,41.76937,-111.80467,10181
North Ogden,UT,41.30716,-111.96022,18446
North Salt Lake,UT,40.84856,-111.90688,19796
Oakley,UT,40.71467,-111.30074,1591
Ogden,UT,41.223,-111.97383,85444
Oquirrh,UT,40.6305,-112.03383,11668
Orem,UT,40.2969,-111.69465,94457
Paradise,UT,41.56882,-111.838,943
Park City,UT,40.64606,-111.49797,8128
Payson,UT,40.0444,-111.73215,19548
Perry,UT,41.46494,-112.03245,4702
Plain City,UT,41.298,-112.08605,6299
Pleasant Grove,UT,40.36412,-111.73854,38052
Pleasant View,UT,41.31828,-111.99216,9273
Providence,UT,41.70632,-111.81717,7124
Provo,UT,40.23384,-111.65853,115162
Randolph,UT,41.66578,-111.18214,462
Richmond,UT,41.92271,-111.81356,2580
River Heights,UT,41.7216,-111.82133,1941
Riverdale,UT,41.17689,-112.00383,8666
Riverside,UT,41.78882,-112.14884,760
Riverton,UT,40.52189,-111.9391,41900
Roosevelt,UT,40.2994,-109.98876,6980
Roy,UT,41.16161,-112.02633,37964
Salt Lake City,UT,40.76078,-111.89105,215548
Sandy,UT,40.59161,-111.8841,87461
Sandy Hills,UT,40.58106,-111.85077,89575
Saratoga Springs,UT,40.34912,-111.90466,25407
Smithfield,UT,41.83826,-111.83272,10782
Snyderville,UT,40.69439,-111.54381,5612
South Jordan Heights,UT,40.56384,-111.94938,37141
South Jordan,UT,40.56217,-111.92966,66648
South Ogden,UT,41.19189,-111.97133,16955
South Salt Lake,UT,40.71884,-111.88827,24788
South Weber,UT,41.13244,-111.93022,6971
South Willard,UT,41.36327,-112.03578,1571
Spanish Fork,UT,40.11496,-111.65492,37935
Springville,UT,40.16523,-111.61075,32286
Stansbury park,UT,40.63772,-112.29606,5145
Stockton,UT,40.45272,-112.36078,642
Summit Park,UT,40.74578,-111.61159,7775
Sunset,UT,41.13633,-112.03105,5183
Syracuse,UT,41.08939,-112.06467,27395
Taylorsville,UT,40.66772,-111.93883,60514
Thatcher,UT,41.69382,-112.29412,789
Timber Lakes,UT,40.47329,-111.24767,607
Tooele,UT,40.53078,-112.29828,33157
Tremonton,UT,41.71187,-112.16551,8227
Trenton,UT,41.9177,-111.94245,507
Uintah,UT,41.14411,-111.92327,1328
Vernal,UT,40.45552,-109.52875,11200
Washington Terrace,UT,41.17272,-111.97661,9157
Wendover,UT,40.73715,-114.03751,1400
West Bountiful,UT,40.89383,-111.90188,5511
West Haven,UT,41.203,-112.05105,11921
West Jordan,UT,40.60967,-111.9391,111946
West Mountain,UT,40.06079,-111.78827,1186
West Point,UT,41.11828,-112.08411,10345
West Valley City,UT,40.69161,-112.00105,136208
White City,UT,40.56578,-111.86438,5407
Willard,UT,41.40911,-112.03606,1787
Wolf Creek,UT,41.33327,-111.82716,1336
Woodland Hills,UT,40.01532,-111.64868,1482
Woods Cross,UT,40.87161,-111.89216,11284
Aberdeen,WA,46.97537,-123.81572,16276
Ahtanum,WA,46.55957,-120.62201,3601
Airway Heights,WA,47.64461,-117.59327,6639
Albion,WA,46.791,-117.25045,578
Alderton,WA,47.16955,-122.22928,2893
Alderwood Manor,WA,47.808,-122.261,8442
Algona,WA,47.27899,-122.25206,3144
Allyn,WA,47.38565,-122.82764,1963
Amboy,WA,45.91011,-122.44649,1608
Ames Lake,WA,47.63288,-121.96623,1486
Anacortes,WA,48.5126,-122.61267,18103
Arlington Heights,WA,48.20205,-122.06208,2284
Arlington,WA,48.19871,-122.12514,18949
Artondale,WA,47.29954,-122.62069,12653
Asotin,WA,46.33933,-117.04821,1282
Auburn,WA,47.30732,-122.22845,77006
Barberton,WA,45.69317,-122.59899,5661
Basin City,WA,46.59403,-119.15223,1092
Battle Ground,WA,45.78095,-122.53343,19407
Bay View,WA,48.48372,-122.47767,696
Belfair,WA,47.45065,-122.82737,3931
Bellevue,WA,47.61038,-122.20068,139820
Bellingham,WA,48.75955,-122.48822,85146
Bell Hill,WA,48.0562,-123.0849,837
Benton City,WA,46.26319,-119.4878,3234
Bethel,WA,47.49398,-122.63125,3713
Big Lake,WA,48.40288,-122.24127,1835
Bingen,WA,45.71484,-121.46452,721
Birch Bay,WA,48.91789,-122.74462,8413
Black Diamond,WA,47.30871,-122.00317,4376
Blaine,WA,48.99372,-122.74712,5056
Bonney Lake,WA,47.17705,-122.18651,19903
Bothell,WA,47.76232,-122.2054,42939
Boulevard Park,WA,47.513,-122.317,5287
Brady,WA,46.99593,-123.51183,676
Bremerton,WA,47.56732,-122.63264,39520
Brewster,WA,48.09598,-119.78062,2354
Bridgeport,WA,48.0082,-119.67116,2457
Brier,WA,47.78454,-122.27429,6656
Brinnon,WA,47.67926,-122.89821,797
Browns Point,WA,47.30038,-122.44124,1198
Brush Prairie,WA,45.73289,-122.54649,2652
Bryant,WA,48.23899,-122.15792,1870
Buckley,WA,47.16316,-122.02678,4550
Bucoda,WA,46.79899,-122.86985,566
Buena,WA,46.42874,-120.31339,990
Burbank,WA,46.19986,-119.01306,3291
Burien,WA,47.47038,-122.34679,50467
Burley,WA,47.41787,-122.63097,2057
Burlington,WA,48.47566,-122.32544,8633
Camano,WA,48.17399,-122.52821,14202
Camas,WA,45.58706,-122.39954,21846
Canterwood,WA,47.3751,-122.5893,3079
Carbonado,WA,47.07982,-122.0515,625
Carlsborg,WA,48.09065,-123.17212,995
Carnation,WA,47.64788,-121.91401,1873
Carson,WA,45.72539,-121.81924,2279
Cascade Valley,WA,47.13459,-119.32808,2246
Cashmere,WA,47.52235,-120.4698,3159
Castle Rock,WA,46.27511,-122.90761,2184
Cathan,WA,48.11426,-122.27737,567
Cathcart,WA,47.84788,-122.09929,2458
Cathlamet,WA,46.20317,-123.38318,532
Central Park,WA,46.97343,-123.69239,2685
Centralia,WA,46.71621,-122.9543,16753
Chehalis,WA,46.66205,-122.96402,7391
Chelan,WA,47.84097,-120.01646,4060
Cheney,WA,47.48739,-117.57576,11534
Cherry Grove,WA,45.79512,-122.57899,546
Chewelah,WA,48.27629,-117.71552,2607
Chico,WA,47.61148,-122.71042,2259
Clarkston,WA,46.41629,-117.04557,7317
Cle Elum,WA,47.1954,-120.93925,1901
Clear Lake,WA,48.46427,-122.23404,1002
Clearview,WA,47.83371,-122.12596,3324
Clinton,WA,47.97843,-122.3557,928
Clyde Hill,WA,47.63177,-122.2179,3230
Cohassett Beach,WA,46.86842,-124.11184,722
Colfax,WA,46.88017,-117.36435,2870
College Place,WA,46.0493,-118.3883,9062
Columbia City,WA,47.56399,-122.2754,19000
Colville,WA,48.54657,-117.90554,4719
Concrete,WA,48.53928,-121.74625,716
Connell,WA,46.66347,-118.86111,5446
Cosmopolis,WA,46.95537,-123.77378,1594
Cottage Lake,WA,47.74427,-122.07735,22494
Coulee City,WA,47.61126,-119.29225,572
Coulee Dam,WA,47.96543,-118.97613,1093
Country Homes,WA,47.7485,-117.40439,5841
Coupeville,WA,48.21982,-122.68628,1887
Covington,WA,47.35818,-122.12216,19197
Dallesport,WA,45.61734,-121.17952,1202
Darrington,WA,48.25539,-121.60151,1376
Dash Point,WA,47.31899,-122.42651,931
Davenport,WA,47.65405,-118.14997,1672
Dayton,WA,46.32375,-117.97244,2526
Deer Park,WA,47.95434,-117.47689,3941
Des Moines,WA,47.40177,-122.32429,31221
Desert Aire,WA,46.6793,-119.91727,1626
Dishman,WA,47.66007,-117.27596,9978
DuPont,WA,47.09676,-122.63124,9356
Duvall,WA,47.74232,-121.98568,7674
East Port Orchard,WA,47.52343,-122.6243,5919
East Renton Highlands,WA,47.48482,-122.11234,11140
East Wenatchee,WA,47.41568,-120.29313,13659
East Wenatchee Bench,WA,47.42568,-120.28118,8856
Eastgate,WA,47.57266,-122.14578,4958
Eatonville,WA,46.86733,-122.2665,2900
Echo Lake,WA,47.78427,-122.04679,849
Edgewood,WA,47.2501,-122.29373,9826
Edmonds,WA,47.81065,-122.37736,41375
Electric City,WA,47.93237,-119.03808,1012
Elk Plain,WA,47.05316,-122.39762,14205
Ellensburg,WA,46.99651,-120.54785,19001
Elma,WA,47.00343,-123.40877,3034
Enetai,WA,47.58482,-122.59875,2286
Entiat,WA,47.67596,-120.20841,1182
Enumclaw,WA,47.20427,-121.9915,11609
Ephrata,WA,47.31764,-119.55365,8047
Esperance,WA,47.78899,-122.35541,3601
Everett,WA,47.97898,-122.20208,108010
Everson,WA,48.92012,-122.34266,2600
Fairfield,WA,47.38518,-117.17158,606
Fairwood,WA,47.44843,-122.15734,19102
Fall City,WA,47.56732,-121.88873,1993
Felida,WA,45.70956,-122.70732,7385
Federal Way,WA,47.32232,-122.31262,95171
Fern Prairie,WA,45.63651,-122.3987,1884
Ferndale,WA,48.8465,-122.59101,13010
Fife,WA,47.23927,-122.35707,9970
Fife Heights,WA,47.25899,-122.34568,2137
Finley,WA,46.15402,-119.0339,6012
Fircrest,WA,47.23954,-122.51596,6687
Five Corners,WA,45.68456,-122.5751,18159
Fobes Hill,WA,47.94899,-122.11985,2418
Fords Prairie,WA,46.7351,-122.98902,1959
Forks,WA,47.95036,-124.38549,3747
Four Lakes,WA,47.56128,-117.5941,512
Fox Island,WA,47.25149,-122.62902,3633
Frederickson,WA,47.09621,-122.35873,18719
Freeland,WA,48.00954,-122.52598,2045
Friday Harbor,WA,48.53427,-123.01712,2340
Garfield,WA,47.00795,-117.14101,604
Garrett,WA,46.05208,-118.40275,1419
Geneva,WA,48.74567,-122.40183,2321
George,WA,47.07902,-119.85588,501
Gig Harbor,WA,47.32926,-122.58013,8753
Gleed,WA,46.65818,-120.6134,2906
Gold Bar,WA,47.85677,-121.69706,2112
Goldendale,WA,45.82068,-120.82173,3435
Gorst,WA,47.52537,-122.70486,592
Graham,WA,47.05288,-122.29428,23491
Grand Coulee,WA,47.94154,-119.00335,1043
Grand Mound,WA,46.78788,-123.01125,2981
Grandview,WA,46.25097,-119.9017,11176
Granger,WA,46.34207,-120.18727,3695
Granite Falls,WA,48.08399,-121.96874,3493
Grapeview,WA,47.33176,-122.83514,954
Grayland,WA,46.81009,-124.09323,953
Green Bluff,WA,47.82739,-117.2716,761
Greenwood,WA,47.69428,-122.35491,12378
Hansville,WA,47.9187,-122.55431,3091
Harrah,WA,46.40429,-120.54423,628
Hazel Dell,WA,45.67151,-122.66288,19435
Highland,WA,46.13152,-119.11418,3197
Hobart,WA,47.42177,-121.97289,6221
Hockinson,WA,45.73789,-122.48704,4771
Home,WA,47.27482,-122.76375,1377
Hoquiam,WA,46.98092,-123.88933,8405
Ilwaco,WA,46.30899,-124.04321,917
Indianola,WA,47.74704,-122.52569,3500
Issaquah,WA,47.5301,-122.03262,36081
John Sam Lake,WA,48.10926,-122.24598,956
Kalama,WA,46.00767,-122.84436,2398
Kelso,WA,46.14678,-122.90844,11901
Kenmore,WA,47.75732,-122.24401,22030
Kennewick,WA,46.21125,-119.13723,78896
Kent,WA,47.38093,-122.23484,126952
Kettle Falls,WA,48.61074,-118.05582,1597
Key Center,WA,47.34065,-122.74541,3692
Keyport,WA,47.70204,-122.62098,554
Kingston,WA,47.7985,-122.49806,2099
Kingsgate,WA,47.72704,-122.17957,13065
Kirkland,WA,47.68149,-122.20874,87281
Kittitas,WA,46.98318,-120.41701,1430
La Center,WA,45.86234,-122.67038,3125
La Conner,WA,48.38871,-122.49628,927
Lacey,WA,47.03426,-122.82319,46409
Lake Bosworth,WA,48.0451,-121.96846,667
Lake Forest Park,WA,47.75676,-122.28096,13243
Lake Ketchum,WA,48.28455,-122.34404,930
Lake Roesiger,WA,47.98343,-121.92929,503
Lake Shore,WA,45.69067,-122.69093,6571
Lake Stevens,WA,48.0151,-122.06374,30886
Lakeview,WA,47.37403,-119.50226,915
Lakewood,WA,47.17176,-122.51846,59829
Langley,WA,48.04009,-122.40626,1077
Leavenworth,WA,47.59623,-120.66148,2002
Lewisville,WA,45.80984,-122.52315,1722
Liberty Lake,WA,47.67591,-117.11821,8906
Lind,WA,46.97209,-118.61527,567
Lochsloy,WA,48.05149,-122.03208,2533
Lofall,WA,47.81192,-122.65841,2289
Long Beach,WA,46.35232,-124.05432,1364
Longbranch,WA,47.20898,-122.7568,3784
Longview,WA,46.13817,-122.93817,36848
Longview Heights,WA,46.18039,-122.95706,3851
Loon Lake,WA,48.06156,-117.63273,783
Lynden,WA,48.9465,-122.45211,13517
Lynnwood,WA,47.82093,-122.31513,36997
Mabton,WA,46.21485,-119.99671,2302
Machias,WA,47.98149,-122.04596,1178
Maltby,WA,47.8051,-122.11318,10830
Manchester,WA,47.55566,-122.54507,5413
Manson,WA,47.88486,-120.15841,1468
Maple Valley,WA,47.39272,-122.04641,25686
Maplewood,WA,47.40176,-122.55707,5138
Marietta,WA,48.78705,-122.58045,2766
Marrowstone,WA,48.05315,-122.68933,844
Martha Lake,WA,47.85093,-122.2393,15473
Marysville,WA,48.05176,-122.17708,66773
Mattawa,WA,46.73791,-119.90282,4548
May Creek,WA,47.85427,-121.66734,818
McCleary,WA,47.05315,-123.26543,1618
McKenna,WA,46.93482,-122.55651,716
McMillin,WA,47.13982,-122.23651,1547
Mead,WA,47.76739,-117.35494,7275
Meadow Glade,WA,45.75845,-122.56038,2541
Meadowdale,WA,47.858,-122.313,2826
Medical Lake,WA,47.57294,-117.68216,4942
Medina,WA,47.62093,-122.22762,3226
Mercer Island,WA,47.57065,-122.22207,25042
Midland,WA,47.16704,-122.40484,8962
Mill Creek,WA,47.8601,-122.2043,20043
Mill Plain,WA,45.6429,-122.49398,7874
Millwood,WA,47.68128,-117.28271,1783
Milton,WA,47.24816,-122.3129,8697
Minnehaha,WA,45.65901,-122.6271,9771
Mirrormont,WA,47.46232,-121.99567,3659
Monroe,WA,47.85538,-121.97096,18090
Montesano,WA,46.98121,-123.60266,3891
Morton,WA,46.55844,-122.2751,1128
Moses Lake,WA,47.13014,-119.27808,22082
Mossyrock,WA,46.52955,-122.48511,751
Mount Vernon,WA,48.42122,-122.33405,34053
Mount Vista,WA,45.73428,-122.63288,7850
Mountlake Terrace,WA,47.78815,-122.30874,20989
Moxee City,WA,46.55374,-120.38312,821
Mukilteo,WA,47.94454,-122.30458,21226
Naches,WA,46.73096,-120.69952,805
Napavine,WA,46.57455,-122.90818,1789
Neah Bay,WA,48.36664,-124.62152,865
Navy Yard City,WA,47.55343,-122.66458,2477
Newcastle,WA,47.53899,-122.15568,11370
Newport,WA,47.57121,-122.18068,2218
Nooksack,WA,48.92762,-122.32155,1480
Normandy Park,WA,47.43621,-122.34068,6668
North Bend,WA,47.49566,-121.78678,6679
North Bonneville,WA,45.63734,-121.97119,971
North Creek,WA,47.81954,-122.17624,26410
North Omak,WA,48.44515,-119.44449,688
North Puyallup,WA,47.20677,-122.28234,1743
North Yelm,WA,46.96315,-122.6029,2906
Oak Harbor,WA,48.29316,-122.64322,22693
Oakville,WA,46.84038,-123.23237,663
Ocean Park,WA,46.49177,-124.05208,1573
Ocean Shores,WA,46.9737,-124.15629,5699
Odessa,WA,47.3332,-118.69083,871
Okanogan,WA,48.36126,-119.58339,2569
Olympia,WA,47.04491,-122.90169,55733
Omak,WA,48.41099,-119.52755,4854
Onalaska,WA,46.57511,-122.71817,621
Opportunity,WA,47.64995,-117.23991,25877
Orchards,WA,45.66651,-122.56093,19556
Oroville,WA,48.93905,-119.43562,1677
Orting,WA,47.09788,-122.20428,7446
Othello,WA,46.82597,-119.17529,7809
Pacific,WA,47.26455,-122.25012,7123
Parkland,WA,47.15538,-122.43401,35803
Parkwood,WA,47.53315,-122.61014,7126
Pasco,WA,46.23958,-119.10057,69451
Pe Ell,WA,46.57038,-123.29737,634
Point Roberts,WA,48.98538,-123.07797,1314
Pomeroy,WA,46.47487,-117.60269,1389
Port Angeles,WA,48.11815,-123.43074,19448
Port Ludlow,WA,47.92537,-122.68349,2603
Port Orchard,WA,47.54037,-122.63625,13607
Port Townsend,WA,48.11742,-122.76071,9335
Poulsbo,WA,47.73593,-122.64654,10041
Prairie Ridge,WA,47.1376,-122.14873,11464
Priest Point,WA,48.03676,-122.25097,799
Prosser,WA,46.2068,-119.76892,5869
Pullman,WA,46.73127,-117.17962,32816
Purdy,WA,47.38899,-122.62541,1544
Puyallup,WA,47.18538,-122.2929,39659
Quilcene,WA,47.82231,-122.87572,596
Quincy,WA,47.2343,-119.85255,7365
Rainier,WA,46.88815,-122.68846,1985
Ravensdale,WA,47.35232,-121.98373,1101
Raymond,WA,46.68649,-123.73294,2815
Reardan,WA,47.66961,-117.87773,554
Redmond,WA,47.67399,-122.12151,60598
Renton,WA,47.48288,-122.21707,100242
Republic,WA,48.64822,-118.73781,1072
Richland,WA,46.28569,-119.28446,54248
Ridgefield,WA,45.81511,-122.7426,6455
Riverbend,WA,47.46649,-121.75039,2132
Riverton,WA,47.48427,-122.29457,6407
Ritzville,WA,47.12755,-118.37999,1665
Rochester,WA,46.82177,-123.09625,2388
Rock Island,WA,47.37707,-120.14395,804
Rocky Point,WA,47.59287,-122.66848,1564
Rosalia,WA,47.23601,-117.36991,555
Rosedale,WA,47.33149,-122.65235,4044
Roslyn,WA,47.22345,-120.99314,903
Roy,WA,47.00426,-122.53985,806
Royal City,WA,46.90097,-119.63059,2220
Ruston,WA,47.29926,-122.50818,798
Saint John,WA,47.09156,-117.58186,537
Salmon Creek,WA,45.71067,-122.64899,19686
Sammamish,WA,47.64177,-122.0804,52253
Satsop,WA,47.00315,-123.48349,675
Satus,WA,46.27013,-120.15033,746
SeaTac,WA,47.44846,-122.29217,28215
Seabeck,WA,47.63954,-122.82849,1105
Seattle,WA,47.60621,-122.33207,780995
Sedro-Woolley,WA,48.50389,-122.23611,10815
Selah,WA,46.65402,-120.53007,7682
Sequim,WA,48.07963,-123.10234,6826
Shaker Church,WA,48.0526,-122.22847,830
Shelton,WA,47.21509,-123.10071,9834
Shoreline,WA,47.75565,-122.34152,55439
Silverdale,WA,47.64454,-122.69487,19204
Sisco Heights,WA,48.11538,-122.09708,2696
Skokomish,WA,47.33343,-123.15738,617
Smokey Point,WA,48.15232,-122.18264,1572
Snohomish,WA,47.91288,-122.09818,9670
Snoqualmie,WA,47.52871,-121.82539,13169
Soap Lake,WA,47.38931,-119.49059,1580
South Bend,WA,46.66315,-123.80461,1612
South Cle Elum,WA,47.18568,-120.94897,536
South Hill,WA,47.14121,-122.27012,52431
Southworth,WA,47.51204,-122.5018,2185
Spanaway,WA,47.10399,-122.43457,27227
Spokane,WA,47.65966,-117.42908,229447
Spokane Valley,WA,47.67323,-117.23937,94919
Stanwood,WA,48.24121,-122.37071,6779
Startup,WA,47.86788,-121.7404,676
Steilacoom,WA,47.16982,-122.60263,6211
Stevenson,WA,45.69567,-121.88452,1497
Stimson Crossing,WA,48.12288,-122.1832,857
Sudden Valley,WA,48.72289,-122.34655,6441
Sultan,WA,47.8626,-121.81651,4798
Sumas,WA,49.00012,-122.26488,1373
Summit,WA,47.16177,-122.35707,7985
Summitview,WA,46.59651,-120.64201,967
Sumner,WA,47.20316,-122.2404,9700
Sunnyside,WA,46.32374,-120.00865,16325
Sunnyslope,WA,47.4729,-120.33674,3252
Suquamish,WA,47.73121,-122.55236,4140
Swede Heaven,WA,48.28427,-121.72819,768
Tacoma,WA,47.25288,-122.44429,222906
Taholah,WA,47.3473,-124.29324,840
Tanner,WA,47.47538,-121.74622,1018
Tekoa,WA,47.22323,-117.07212,792
Tenino,WA,46.85677,-122.85291,1749
Terrace Heights,WA,46.60624,-120.43979,6937
Three Lakes,WA,47.94482,-122.01152,3184
Tieton,WA,46.70207,-120.75535,1253
Toledo,WA,46.43983,-122.84678,727
Tonasket,WA,48.70515,-119.4395,1016
Toppenish,WA,46.37735,-120.30867,8995
Town and Country,WA,47.72739,-117.42161,4857
Tracyton,WA,47.60898,-122.65514,5233
Trentwood,WA,47.69656,-117.21076,4450
Trout Lake,WA,45.99734,-121.52814,557
Tukwila,WA,47.47399,-122.26096,20018
Tulalip,WA,48.06843,-122.29181,9246
Tulalip Bay,WA,48.03732,-122.31014,1609
Tumwater,WA,47.00732,-122.90931,19190
Twisp,WA,48.36348,-120.1223,942
Union,WA,47.35509,-123.10099,631
Union Gap,WA,46.55735,-120.47506,6037
University Place,WA,47.23565,-122.5504,32842
Vader,WA,46.40261,-122.9604,620
Vancouver,WA,45.63873,-122.66149,196442
Vashon,WA,47.44732,-122.45985,10624
Vaughn,WA,47.34426,-122.76319,544
Veradale,WA,47.64995,-117.20738,9991
Venersborg,WA,45.77373,-122.42454,3745
Waitsburg,WA,46.27042,-118.15329,1191
Walla Walla,WA,46.06458,-118.34302,32237
Waller,WA,47.20066,-122.36929,7922
Walnut Grove,WA,45.66789,-122.59899,9790
Wapato,WA,46.44763,-120.42034,5068
Warden,WA,46.96764,-119.03973,2736
Warm Beach,WA,48.17065,-122.3646,2437
Washougal,WA,45.58262,-122.35342,15288
Waterville,WA,47.64708,-120.07118,1171
Wauna,WA,47.37899,-122.64263,4186
Weallup Lake,WA,48.1101,-122.30626,974
Wenatchee,WA,47.42346,-120.31035,33636
West Lake Sammamish,WA,47.5776,-122.10123,33929
West Lake Stevens,WA,47.99343,-122.1018,21047
West Longview,WA,46.16789,-122.999,2698
West Pasco,WA,46.24541,-119.18279,3739
West Richland,WA,46.3043,-119.36141,13746
West Valley,WA,46.59207,-120.60507,12655
West Wenatchee,WA,47.44374,-120.35341,1565
Westport,WA,46.89009,-124.10406,2023
White Center,WA,47.51732,-122.35485,13495
White Salmon,WA,45.72762,-121.48646,2343
White Swan,WA,46.3829,-120.73118,793
Wilbur,WA,47.75876,-118.70556,849
Wilburton,WA,47.60315,-122.18096,3790
Winlock,WA,46.49122,-122.9379,1320
Bainbridge Island,WA,47.62621,-122.52124,23840
Wollochet,WA,47.26871,-122.58402,6651
Woodinville,WA,47.75427,-122.16346,11782
Woodland,WA,45.90456,-122.74399,5842
Woods Creek,WA,47.87871,-121.89846,5589
Woodway,WA,47.79621,-122.38291,1364
Yacolt,WA,45.86595,-122.40621,1686
Yakima,WA,46.60207,-120.5059,93701
Yarrow Point,WA,47.64621,-122.21735,1081
Yelm,WA,46.94204,-122.60596,8434
Zillah,WA,46.40207,-120.262,3138
Afton,WY,42.72493,-110.93187,1972
Alpine,WY,43.16353,-111.01802,850
Arapahoe,WY,42.96218,-108.48983,1656
Bar Nunn,WY,42.91358,-106.34336,2820
Basin,WY,44.37996,-108.03899,1305
Bear River,WY,41.38411,-111.0263,518
Big Piney,WY,42.53828,-110.11432,531
Buffalo,WY,44.34831,-106.69894,4632
Byron,WY,44.79634,-108.50651,617
Casper,WY,42.86663,-106.31308,60285
Cheyenne,WY,41.13998,-104.82025,65132
Clearview Acres,WY,41.58052,-109.2768,795
Cody,WY,44.52634,-109.05653,9792
Cokeville,WY,42.08244,-110.95519,541
Cowley,WY,44.88329,-108.46957,735
Dayton,WY,44.87525,-107.2623,804
Diamondville,WY,41.77939,-110.5385,738
Douglas,WY,42.75969,-105.38221,6531
Dubois,WY,43.53357,-109.63043,987
Ethete,WY,43.02496,-108.77262,1553
Evanston,WY,41.26828,-110.96324,12133
Evansville,WY,42.85997,-106.26836,2931
Fort Washakie,WY,43.00635,-108.88235,1759
Gillette,WY,44.29109,-105.50222,32649
Glenrock,WY,42.86136,-105.87223,2598
Green River,WY,41.52858,-109.46625,12465
Greybull,WY,44.48912,-108.05621,1879
Guernsey,WY,42.26969,-104.74163,1195
Hanna,WY,41.86996,-106.56197,814
Hartrandt,WY,42.88747,-106.34753,693
Hoback,WY,43.28187,-110.78381,1176
Jackson,WY,43.47993,-110.76243,10523
James Town,WY,41.55524,-109.5168,536
Kemmerer,WY,41.79245,-110.53767,2739
La Barge,WY,42.26189,-110.1946,553
Lander,WY,42.83301,-108.73067,7686
Laramie,WY,41.31137,-105.5911,32158
Lovell,WY,44.83745,-108.38956,2422
Lucerne,WY,43.73496,-108.17649,535
Lusk,WY,42.76247,-104.45217,1628
Lyman,WY,41.32745,-110.29293,2074
Marbleton,WY,42.55355,-110.10932,1090
Mills,WY,42.84052,-106.36586,3785
Moorcroft,WY,44.26331,-104.95025,1062
Moose Wilson Road,WY,43.52521,-110.84466,1821
Mountain View,WY,41.26884,-110.33988,1294
Newcastle,WY,43.8547,-104.20494,3534
North Rock Springs,WY,41.64358,-109.26568,2207
Pine Bluffs,WY,41.18193,-104.06912,1146
Pine Haven,WY,44.35776,-104.81053,519
Pinedale,WY,42.86661,-109.86099,1923
Powell,WY,44.75384,-108.75735,6462
Purple Sage,WY,41.5508,-109.32402,535
Rafter J Ranch,WY,43.42604,-110.79909,1075
Ranchester,WY,44.90886,-107.16341,940
Ranchettes,WY,41.21859,-104.79025,5798
Rawlins,WY,41.79107,-107.23866,9040
Reliance,WY,41.66913,-109.19707,714
Riverton,WY,43.02496,-108.3801,10873
Rock Springs,WY,41.58746,-109.2029,23962
Saratoga,WY,41.45496,-106.80643,1677
Sheridan,WY,44.79719,-106.95618,17873
Shoshoni,WY,43.23579,-108.11037,648
Sleepy Hollow,WY,44.233,-105.427,1308
South Greeley,WY,41.09693,-104.80636,4217
South Park,WY,43.42215,-110.79326,1731
Story,WY,44.57469,-106.88673,828
Sundance,WY,44.40637,-104.37578,1272
Thermopolis,WY,43.64607,-108.21204,2974
Torrington,WY,42.06246,-104.18439,6669
Upton,WY,44.0997,-104.62802,1109
Washakie Ten,WY,44.09551,-107.9087,619
Wheatland,WY,42.05407,-104.95295,3659
Wilson,WY,43.50076,-110.87521,1482
Worland,WY,44.0169,-107.95537,5372
Wright,WY,43.75124,-105.49201,1862
Vineyard,UT,40.29704,-111.7467,3195
Fruitdale,OR,42.42206,-123.30811,1177
Gold Beach,OR,42.40733,-124.42177,2279
American Fork,UT,40.3769,-111.79576,28326
Pateros,WA,48.05098,-119.9034,668
Palouse,WA,46.91017,-117.07573,1022
Craig,AK,55.47639,-133.14833,1248
Haines,AK,59.23595,-135.44533,1713
Hoonah,AK,58.11,-135.44361,757
Kahalu‘u,HI,21.45759,-157.84431,4738
Kahuku,HI,21.68048,-157.95237,2614
Kahului,HI,20.88933,-156.47293,26337
Kailua,HI,21.40241,-157.74054,38635
Kailua-Kona,HI,19.64016,-155.99912,11975
Kaimukī,HI,21.27914,-157.80135,20878
Kalāheo,HI,21.92416,-159.52686,4595
Kalaoa,HI,19.72861,-155.98167,9644
Kalihi-Palama,HI,21.32608,-157.87594,43805
Kamehameha Heights,HI,21.33393,-157.86282,3079
Kaneohe,HI,21.39994,-157.79895,34597
Kapa‘a,HI,22.07521,-159.31895,10699
Kapaau,HI,20.23389,-155.80194,1734
Diamond Head / Kapahulu / Saint Louis Heights,HI,21.27697,-157.81127,19769
Kaumakani,HI,21.91611,-159.61972,749
Kaunakakai,HI,21.08939,-157.02255,3425
Kawailoa,HI,21.62315,-158.08041,3768
Kea‘au,HI,19.62265,-155.03744,2253
Kealakekua,HI,19.52083,-155.9225,2019
Kekaha,HI,21.96686,-159.71186,3537
Kēōkea,HI,20.70711,-156.35446,1612
Keolu Hills,HI,21.3764,-157.72501,6143
Kīhei,HI,20.76462,-156.44578,20881
Kīlauea,HI,22.21208,-159.41342,2803
Koloa,HI,21.90365,-159.46663,2144
Kualapu‘u,HI,21.15306,-157.03677,2027
Kuli‘ou‘ou,HI,21.28761,-157.73896,5745
Kurtistown,HI,19.60361,-155.05722,1298
Lahaina,HI,20.87526,-156.67982,11704
Lā‘ie,HI,21.64547,-157.9225,6138
Lanai City,HI,20.82757,-156.92399,3102
Lanikai,HI,21.3888,-157.7149,1841
Launiupoko,HI,20.85,-156.63764,588
Laupāhoehoe,HI,19.98666,-155.23653,1147
Lawai,HI,21.92159,-159.50376,2363
Leilani Estates,HI,19.46972,-154.91778,1560
Lihue,HI,21.98121,-159.3721,6455
Mā‘ili,HI,21.41629,-158.17531,9488
Mākaha,HI,21.46627,-158.21037,8278
Mākaha Valley,HI,21.47583,-158.19918,1341
Makakilo City,HI,21.34694,-158.08583,15383
Makawao,HI,20.85694,-156.31306,7184
Maunawili,HI,21.37278,-157.77056,3697
Mililani Town,HI,21.4504,-158.01503,27629
Mō‘ili‘ili,HI,21.29467,-157.83002,24778
Mokulēia,HI,21.57967,-158.15313,1811
Mountain View,HI,19.55583,-155.10806,3924
Naalehu,HI,19.06759,-155.57984,866
Nānākuli,HI,21.39362,-158.15429,12666
Nanawale Estates,HI,19.50611,-154.91194,1426
Niu Valley,HI,21.2843,-157.73706,19250
‘Ōma‘o,HI,21.92581,-159.48818,1301
Orchidlands Estates,HI,19.56084,-155.01527,2815
Pa‘auilo,HI,20.04045,-155.36825,595
Pacific Palisades,HI,21.42562,-157.95349,6997
Pāhala,HI,19.20297,-155.4786,1356
Pāhoa,HI,19.49404,-154.94431,924
Paia,HI,20.90333,-156.36944,2668
Palolo,HI,21.3128,-157.78041,12620
Pāpa‘ikou,HI,19.78718,-155.09326,1314
Pearl City,HI,21.39734,-157.97516,47698
Pepeekeo,HI,19.83361,-155.10722,1789
Pōhākupu,HI,21.38147,-157.75213,895
Po‘ipū,HI,21.8735,-159.44857,1299
Portlock,HI,21.27118,-157.70655,1726
Princeville,HI,22.21758,-159.47888,2158
Puako,HI,19.97041,-155.83659,772
Puhi,HI,21.96888,-159.40012,2906
Pukalani,HI,20.83667,-156.33667,7574
Punahou,HI,21.30023,-157.827,5057
Punalu‘u,HI,21.57045,-157.87557,1164
Pū‘ōhala Village,HI,21.40849,-157.79556,3921
Pupukea,HI,21.65456,-158.06065,5130
St. Louis Heights,HI,21.29837,-157.80393,4131
Spreckelsville,HI,20.89694,-156.415,6276
Village Park,HI,21.39806,-158.03028,11099
Volcano,HI,19.44276,-155.23398,2575
Wahiawā,HI,21.50279,-158.02464,17821
Waialua,HI,21.57688,-158.13154,3860
Waianae,HI,21.43785,-158.18555,13177
Waikane,HI,21.49636,-157.85188,778
Waikapū,HI,20.85806,-156.50694,2965
Waikīkī,HI,21.2855,-157.83594,19862
Waikoloa,HI,19.93942,-155.78931,4806
Wailea,HI,20.68973,-156.4419,5938
Wailua,HI,22.05271,-159.33781,2254
Wailuku,HI,20.89133,-156.50604,15313
Wailupe,HI,21.2755,-157.75704,2702
Waimalu,HI,21.38955,-157.93882,13730
Waimanalo,HI,21.34614,-157.7238,5451
Waimānalo Beach,HI,21.33407,-157.70003,4481
Waimea,HI,20.02323,-155.67288,9212
Wainaku,HI,19.74472,-155.095,1224
Waipahu,HI,21.38667,-158.00917,38216
Waipio,HI,21.41823,-157.99906,11674
Waipi‘o Acres,HI,21.46485,-158.01331,5531
West Loch Estates,HI,21.37244,-158.02418,5523
Wheeler Army Airfield,HI,21.47515,-158.03395,2412
Whitmore Village,HI,21.51429,-158.02464,4499
Eden Roc,HI,19.49028,-155.10278,1386
‘Ele‘ele,HI,21.90738,-159.58322,2390
‘Ewa Beach,HI,21.31556,-158.00722,16415
‘Ewa Gentry,HI,21.33999,-158.03039,22690
‘Ewa Villages,HI,21.34127,-158.0397,6108
Fern Acres,HI,19.51222,-155.08028,1504
Fern Forest,HI,19.46556,-155.13556,1150
Haʻikū,HI,20.91547,-156.32185,8694
Hālawa,HI,21.37944,-157.92167,14014
Hālawa Heights,HI,21.37848,-157.91388,13408
Hale‘iwa,HI,21.59284,-158.10339,3970
Hana,HI,20.75806,-155.99028,1235
Haliimaile,HI,20.8714,-156.34571,1074
Hanamā‘ulu,HI,21.994,-159.355,3835
Hanapēpē,HI,21.90733,-159.5944,2638
Hanapēpē Heights,HI,21.91633,-159.58995,2692
Hau‘ula,HI,21.6076,-157.90868,4148
Hawai‘i Kai,HI,21.29637,-157.70175,30620
Hawaiian Beaches,HI,19.54306,-154.91583,4280
Hawaiian Acres,HI,19.53806,-155.05222,2700
Hawaiian Paradise Park,HI,19.59333,-154.97306,11404
Hawaiian Ocean View,HI,19.06861,-155.765,4437
Hāwī,HI,20.24122,-155.83351,1081
He‘eia,HI,21.43054,-157.81611,4963
Hilo,HI,19.72991,-155.09073,43263
Hōlualoa,HI,19.61979,-155.94831,8538
Honalo,HI,19.54639,-155.93194,2423
Honoka‘a,HI,20.07931,-155.46691,2258
Honolulu,HI,21.30694,-157.85833,350964
Honomu,HI,19.87333,-155.1175,509
Aina Haina,HI,21.28194,-157.7525,3558
Ho‘olehua,HI,21.16776,-157.07042,1370
Huelo,HI,20.90484,-156.22516,2340
‘Aiea,HI,21.38222,-157.93361,9338
‘Āhuimanu,HI,21.44472,-157.83778,8810
Iroquois Point,HI,21.32776,-157.98301,4553
Ka‘a‘awa,HI,21.55445,-157.85103,1379
Kā‘anapali,HI,20.92881,-156.69422,1045
Kaanapali Landing,HI,20.9309,-156.68778,1943
‘Aiea Heights,HI,21.39083,-157.92053,5487
Ainaloa,HI,19.52694,-154.99306,2965
Anahola,HI,22.14226,-159.31388,2223
Captain Cook,HI,19.49694,-155.92167,3429
Chinatown,HI,21.31173,-157.86183,3001
‘Ālewa Heights,HI,21.34051,-157.84817,2305
Butte,AK,61.54222,-149.03333,3246
Chevak,AK,61.52778,-165.58639,1018
Cohoe,AK,60.36861,-151.30639,1364
College,AK,64.85694,-147.80278,12964
Cordova,AK,60.5432,-145.75867,2196
Delta Junction,AK,64.03778,-145.73222,929
Diamond Ridge,AK,59.67611,-151.5575,1156
Dillingham,AK,59.03972,-158.4575,2404
Dutch Harbor,AK,53.8898,-166.5422,4376
Eagle River,AK,61.32139,-149.56778,24793
Emmonak,AK,62.77778,-164.52306,849
Ester,AK,64.84722,-148.01444,2422
Fairbanks,AK,64.83778,-147.71639,32325
Fort Yukon,AK,66.56472,-145.27389,570
Fox River,AK,59.85833,-150.95833,685
Fritz Creek,AK,59.73611,-151.29528,1932
Funny River,AK,60.50194,-150.76222,1103
Gambell,AK,63.77921,-171.73463,701
Gateway,AK,61.57278,-149.24083,5552
Girdwood,AK,60.9425,-149.16639,2250
Happy Valley,AK,59.94722,-151.73222,593
Healy,AK,63.85694,-148.96611,1021
Homer,AK,59.6425,-151.5494,5515
Hooper Bay,AK,61.53111,-166.09667,1187
Houston,AK,61.63028,-149.81806,2206
Kalifornsky,AK,60.41833,-151.29,7850
Kasigluk,AK,60.89556,-162.51806,569
Kasilof,AK,60.3375,-151.27444,549
Kenai,AK,60.55444,-151.25833,7661
King Cove,AK,55.06087,-162.31853,1009
Kipnuk,AK,59.93889,-164.04139,639
Kodiak,AK,57.78852,-152.40533,6253
Kotlik,AK,63.03298,-163.55627,626
Kotzebue,AK,66.89846,-162.59809,3277
Kwethluk,AK,60.81037,-161.42497,760
Lazy Mountain,AK,61.62611,-148.94556,1479
Meadow Lakes,AK,61.62472,-149.60111,7570
Mountain Village,AK,62.08556,-163.72944,883
Naknek,AK,58.72833,-157.01389,544
New Stuyahok,AK,59.45278,-157.31194,526
Nikiski,AK,60.69028,-151.28889,4493
Ninilchik,AK,60.05035,-151.66819,883
Noatak,AK,67.57111,-162.96528,514
Nome,AK,64.50111,-165.40639,3806
Noorvik,AK,66.83833,-161.03278,694
North Pole,AK,64.75111,-147.34944,2189
Nunapitchuk,AK,60.89694,-162.45944,523
Palmer,AK,61.59941,-149.11456,6788
Pilot Station,AK,61.93889,-162.875,617
Pleasant Valley,AK,64.88139,-146.86861,725
Point MacKenzie,AK,61.35972,-149.97833,529
Point Hope,AK,68.34861,-166.73472,701
Prudhoe Bay,AK,70.25528,-148.33722,2174
Quinhagak,AK,59.74889,-161.91583,706
Ridgeway,AK,60.53194,-151.08528,2022
St. Mary's,AK,62.0534,-163.17787,550
Salamatof,AK,60.61538,-151.31944,980
Sand Point,AK,55.33597,-160.50071,1064
Savoonga,AK,63.69417,-170.47889,691
Scammon Bay,AK,61.84278,-165.58167,515
Selawik,AK,66.60389,-160.00694,859
Seward,AK,60.10426,-149.4435,2790
Shishmaref,AK,66.25621,-166.07229,580
Soldotna,AK,60.48778,-151.05833,4544
Stebbins,AK,63.52009,-162.28871,572
Sterling,AK,60.53722,-150.76472,5617
Talkeetna,AK,62.32389,-150.10944,876
Tanaina,AK,61.62694,-149.42806,8197
Togiak,AK,59.06194,-160.37639,842
Tok,AK,63.33667,-142.98556,1258
Toksook Bay,AK,60.53378,-165.10366,622
Two Rivers,AK,64.87222,-147.03833,719
Unalakleet,AK,63.87306,-160.78806,708
Unalaska,AK,53.87413,-166.53408,4491
Valdez,AK,61.13083,-146.34833,3870
Wainwright,AK,70.63694,-160.03833,580
Wasilla,AK,61.5809,-149.4415,9284
Willow,AK,61.74722,-150.0375,2102
Womens Bay,AK,57.68222,-152.66861,719
Moose Creek,AK,64.71,-147.14361,747
Akiachak,AK,60.90944,-161.43139,627
Akutan,AK,54.1343,-165.77515,1040
Alakanuk,AK,62.68889,-164.61528,735
Anchorage,AK,61.21806,-149.90028,289600
Anchor Point,AK,59.77667,-151.83139,1930
Aniak,AK,61.57833,-159.52222,528
Badger,AK,64.8,-147.53333,19482
Utqiagvik,AK,71.29058,-156.78872,4384
Bear Creek,AK,60.16417,-149.395,1956
Bethel,AK,60.79222,-161.75583,6450
Big Delta,AK,64.1525,-145.84222,591
Big Lake,AK,61.52139,-149.95444,3350
Milton,GA,34.13216,-84.30067,37547
Johns Creek,GA,34.02893,-84.19858,83335
Grant-Valkaria,FL,27.9398,-80.57104,4056
Helena-West Helena,AR,34.5291,-90.59,11109
Summerset,SD,44.18998,-103.34384,2239
Columbus,MN,45.26522,-93.05015,4007
Cutler Bay,FL,25.5783,-80.3377,45425
Manhattan Valley,NY,40.79389,-73.965,38500
Morningside Heights,NY,40.81,-73.9625,55929
East Harlem,NY,40.79472,-73.9425,115921
Alafaya,FL,28.5641,-81.2114,78113
West Village,NY,40.73361,-74.00917,32518
Little Havana,FL,25.76806,-80.23306,53430
New Fairview,TX,33.09917,-97.44639,1334
Cobb Island,MD,38.25846,-76.84386,1166
Millburn,NJ,40.72482,-74.30404,20149
Dayton,ME,43.54972,-70.57555,1805
Briarwood,NY,40.70935,-73.81529,53877
Stevenson Ranch,CA,34.39048,-118.57372,17557
Holly Lake Ranch,TX,32.71336,-95.19756,2774
Hidden Trails,CA,33.1395,-117.02295,750
Times Square,NY,40.75636,-73.98644,17749
Village of Campton Hills,IL,41.9366,-88.3975,13483
Fort Bragg,NC,35.139,-79.00603,29183
North Brunswick,NJ,40.454,-74.482,43905
Kapolei,HI,21.33555,-158.0582,15186
Elko New Market,MN,44.56472,-93.32694,4705
South Blooming Grove,NY,41.37337,-74.17843,3188
Larchmont,CA,34.07974,-118.31758,9195
Bartram Village,PA,39.9303,-75.2169,2564
East Mount Airy,PA,40.0645,-75.1875,18516
Dewey-Humboldt,AZ,34.53,-112.24222,3894
Loch Lloyd,MO,38.83106,-94.59774,704
City of Milford (balance),CT,41.22374,-73.06164,51271
Carpendale,WV,39.63321,-78.78374,937
Peppermill Village,MD,38.89472,-76.88654,4895
Boulevard Gardens,FL,26.12326,-80.17997,1274
Franklin Park,FL,26.13406,-80.1762,860
High Point,FL,28.54687,-82.52468,3686
Roosevelt Gardens,FL,26.14087,-80.18027,2456
City of Sammamish,WA,47.60444,-122.03768,45780
Las Maravillas,NM,34.73815,-106.66854,1628
Monterey Park,NM,34.75898,-106.64085,1567
Parker Strip,AZ,34.21941,-114.19824,662
Peaceful Valley,WA,48.93815,-122.14733,3324
Rancho Tehama Reserve,CA,40.01569,-122.40072,1485
Rio Communities,NM,34.64959,-106.73403,4723
Silver Firs,WA,47.86602,-122.1551,20891
Verde Village,AZ,34.7105,-112.01152,11605
Vineyard,CA,38.46449,-121.34692,24836
Vista West,WY,42.86689,-106.43471,951
Chattahoochee Hills,GA,33.55063,-84.76049,2690
Gramercy Park,NY,40.7375,-73.98611,27988
Desert Edge,CA,33.92417,-116.44139,3822
Montrose Manor,PA,40.30494,-75.98908,604
Saint Augustine South,FL,29.84249,-81.31448,4998
Dammeron Valley,UT,37.30526,-113.67056,803
Captains Cove,VA,37.98996,-75.42272,1042
Cross Roads,TX,33.23065,-97.0019,840
Weston Lakes,TX,29.68324,-95.93571,2589
Hideout,UT,40.63804,-111.41076,718
North Castle,NY,41.14,-73.68389,12304
Saddlebrooke,AZ,32.53945,-110.90057,12574
Kew Gardens Hills,NY,40.73002,-73.8234,37479
Conning Towers-Nautilus Park,CT,41.38548,-72.06877,8834
Deep River Center,CT,41.38221,-72.43862,2484
Essex Village,CT,41.35544,-72.39101,2495
Guilford Center,CT,41.28156,-72.67619,2597
Madison Center,CT,41.27925,-72.60048,2290
New Hartford Center,CT,41.87996,-72.9753,1385
Northwest Harwinton,CT,41.77685,-73.07922,3252
Old Saybrook Center,CT,41.29123,-72.37176,2039
Oxoboxo River,CT,41.44391,-72.12502,3165
Plainfield Village,CT,41.67686,-71.92489,2557
Simsbury Center,CT,41.88088,-72.81116,5836
Wallingford Center,CT,41.44987,-72.81892,18209
Westbrook Center,CT,41.27997,-72.44254,2413
Woodbury Center,CT,41.54453,-73.20476,1294
Brunswick Station,ME,43.8867,-69.93264,578
Acushnet Center,MA,41.68508,-70.90642,3073
Braintree,MA,42.20384,-71.00215,37297
Green Harbor-Cedar Crest,MA,42.07495,-70.65843,2609
Harwich Center,MA,41.69235,-70.06938,1798
Hillsborough,NH,43.1141,-71.8992,1976
Tilton-Northfield,NH,43.443,-71.59364,3075
Newport East,RI,41.51579,-71.28752,11769
Wakefield-Peacedale,RI,41.44606,-71.5004,8487
Mansfield Center,MA,42.02262,-71.21808,7360
Marion Center,MA,41.70424,-70.76286,1111
Mattapoisett Center,MA,41.66595,-70.8072,2915
Middleborough Center,MA,41.8946,-70.92618,7319
Millis-Clicquot,MA,42.1648,-71.35442,4403
Monson Center,MA,42.09898,-72.30481,2107
North Attleborough Center,MA,41.97263,-71.32474,16796
Northwest Harwich,MA,41.69029,-70.1025,3929
Norton Center,MA,41.97254,-71.18535,2671
Ocean Bluff-Brant Rock,MA,42.10234,-70.65736,4970
Bethlehem Village,CT,41.6401,-73.20308,2021
Branford Center,CT,41.27738,-72.81511,5819
Central Waterford,CT,41.34504,-72.12948,2887
Cheshire Village,CT,41.5026,-72.89952,5786
Chester Center,CT,41.40132,-72.4527,1558
Fairview-Ferndale,PA,40.78037,-76.57528,2139
Fort Belvoir,VA,38.7119,-77.14589,7100
Fort Drum,NY,44.05843,-75.76189,12955
Fort Meade,MD,39.10815,-76.74323,9327
Aberdeen Proving Ground,MD,39.46686,-76.13066,2093
Andrews Air Force Base,MD,38.80531,-76.8746,2973
Ashton-Sandy Spring,MD,39.14976,-77.00504,5628
Beaverdam Lake-Salisbury Mills,NY,41.44162,-74.11629,2242
Bel Air North,MD,39.55429,-76.37309,30568
Bel Air South,MD,39.50506,-76.31977,47709
Big Flats Airport,NY,42.1693,-76.88977,7595
Brittany Farms-Highlands,PA,40.26901,-75.21401,3695
Carmel Hamlet,NY,41.41485,-73.68524,6817
Carnot-Moon,PA,40.51856,-80.21736,11372
Cecil-Bishop,PA,40.31819,-80.19331,2476
Chesapeake Ranch Estates-Drum Point,MD,38.35022,-76.41889,11503
Claverack-Red Mills,NY,42.22633,-73.72686,913
Conneaut Lakeshore,PA,41.62711,-80.31008,2395
Cortland West,NY,42.59431,-76.22587,1356
Dover Base Housing,DE,39.11763,-75.48393,3450
East Hampton North,NY,40.97276,-72.18911,4142
East Norriton,PA,40.15043,-75.33637,13590
McGuire AFB,NJ,40.03977,-74.58174,3710
Mercerville-Hamilton Square,NJ,40.23126,-74.67223,26419
Moorestown-Lenola,NJ,39.96591,-74.96441,14217
Mount Gay-Shamrock,WV,37.83857,-82.0297,1779
Mount Vernon,VA,38.71412,-77.10082,12416
Naval Academy,MD,38.98568,-76.48774,4802
New Castle Northwest,PA,41.02208,-80.35682,1413
Newfield Hamlet,NY,42.35825,-76.59225,759
North Ballston Spa,NY,43.01969,-73.85109,1338
Northeast Ithaca,NY,42.47032,-76.46228,2641
Northwest Harborcreek,PA,42.14944,-79.99463,8949
Northwest Ithaca,NY,42.47059,-76.54145,1413
Oxon Hill-Glassmanor,MD,38.79615,-76.97499,35355
Paramount-Long Meadow,MD,39.68042,-77.6929,2571
Plattsburgh West,NY,44.68315,-73.50295,1364
Pymatuning Central,PA,41.58546,-80.4796,2269
Remsenburg-Speonk,NY,40.82642,-72.69673,2642
Rising Sun-Lebanon,DE,39.09977,-75.50488,3391
Rosendale Village,NY,41.85038,-74.07379,1349
Leisure World,MD,39.1023,-77.06898,8749
Fountainhead-Orchard Hills,MD,39.68636,-77.71901,5666
Gates-North Gates,NY,43.16547,-77.70066,15138
Glens Falls North,NY,43.33506,-73.68251,8443
Greater Upper Marlboro,MD,38.83142,-76.74827,18720
Greenport West,NY,41.10178,-72.37195,2124
Guilford,PA,39.91541,-77.60105,2138
Holiday City South,NJ,39.95324,-74.23778,3689
Holiday City-Berkeley,NJ,39.9638,-74.27803,12831
Homeacre-Lyndora,PA,40.87206,-79.9206,6906
Horseheads North,NY,42.19278,-76.80782,2843
Jamestown West,NY,42.08851,-79.2811,2408
West Falls Church,VA,38.86484,-77.18787,29207
Jefferson Valley-Yorktown,NY,41.31797,-73.80066,14142
Kennedy Township,PA,40.47763,-80.10313,8701
Lanham-Seabrook,MD,38.96835,-76.85108,18190
Lebanon South,PA,40.32804,-76.40644,2270
Leisure Village West-Pine Lake Park,NJ,40.00416,-74.26629,3493
Leith-Hatfield,PA,39.87744,-79.73133,2546
Lutherville-Timonium,MD,39.43997,-76.61099,15814
Lynnwood-Pricedale,PA,40.13071,-79.85135,2031
Saugerties South,NY,42.06139,-73.95067,2218
Setauket-East Setauket,NY,40.93064,-73.10179,15477
Shanor-Northvue,PA,40.91045,-79.91562,5051
South Park Township,PA,40.29864,-79.99405,13416
Suitland-Silver Hill,MD,38.84685,-76.92591,33515
Village Green-Green Ridge,PA,39.86363,-75.42548,7822
Weissport East,PA,40.83697,-75.68643,1624
West Caldwell,NJ,40.84852,-74.29695,0
Whitesboro-Burleigh,NJ,39.04305,-74.86538,2205
Whittingham,NJ,40.32982,-74.44511,2476
Wickerham Manor-Fisher,PA,40.17749,-79.90684,1728
Wilson-Conococheague,MD,39.65351,-77.83157,2282
Woodside East,DE,39.06756,-75.53748,2316
Ellsworth Air Force Base,SD,44.14395,-103.07507,8000
Fort Leonard Wood,MO,37.70573,-92.15717,15061
Fort Riley North,KS,39.11081,-96.81392,7761
Grand Forks Air Force Base,ND,47.95493,-97.38664,2367
Granville South,OH,40.05207,-82.54166,1410
Grissom Air Force Base,IN,40.65753,-86.14755,5537
K. I. Sawyer Air Force Base,MI,46.33207,-87.36566,2624
Legend Lake,WI,44.89095,-88.54406,1525
Level Park-Oak Park,MI,42.36418,-85.2665,3409
Manderson-White Horse Creek,SD,43.23508,-102.49117,626
Manitou Beach-Devils Lake,MI,41.97565,-84.28616,2019
Minot Air Force Base,ND,48.42087,-101.33914,5521
Montrose-Ghent,OH,41.1538,-81.64378,5177
Offutt Air Force Base,NE,41.12024,-95.92095,4644
Robin Glen-Indiantown,MI,43.46206,-83.83689,722
Saginaw Township North,MI,43.46004,-84.00674,24994
Scott Air Force Base,IL,38.5427,-89.85035,3612
Shorewood-Tower Hills-Harbert,MI,41.88169,-86.61409,1344
Barnes Lake-Millers Lake,MI,43.17956,-83.3123,1093
Champion Heights,OH,41.28999,-80.84595,6498
Comstock Northwest,MI,42.32182,-85.51759,5455
Vienna Center,OH,41.23358,-80.65312,650
West Bloomfield Township,MI,42.56891,-83.38356,64690
Whiteman Air Force Base,MO,38.73018,-93.55895,2556
Wright-Patterson AFB,OH,39.81113,-84.05731,1821
Dade City North,FL,28.38334,-82.19389,3113
De Land Southwest,FL,29.0077,-81.31129,1052
East Bronson,FL,29.45928,-82.5904,1945
East Lake-Orient Park,FL,27.98269,-82.37878,22753
East Williston,FL,29.38896,-82.41731,694
Eglin Air Force Base,FL,30.45907,-86.55026,2274
Estates of Fort Lauderdale (historical),FL,26.0522,-80.17939,1791
Fort Campbell North,KY,36.65429,-87.46056,13685
Fort Knox,KY,37.89113,-85.96363,10124
Fort Pierce North,FL,27.47364,-80.3593,6474
Fort Pierce South,FL,27.40962,-80.35483,5062
Fort Polk North,LA,31.10302,-93.17913,2864
Fort Polk South,LA,31.0511,-93.21578,9038
Fort Novosel,AL,31.34282,-85.71538,4636
Fort Stewart,GA,31.87217,-81.61001,4924
Four Corners,FL,28.33287,-81.64738,26116
Greater Northdale,FL,28.10545,-82.52594,22079
Homestead Base,FL,25.49373,-80.39132,964
Hutchinson Island South,FL,27.29949,-80.22045,5201
Inverness Highlands North,FL,28.8642,-82.37688,2401
Inverness Highlands South,FL,28.80055,-82.3371,6542
Bellair-Meadowbrook Terrace,FL,30.17881,-81.74341,13343
Candler-McAfee,GA,33.72672,-84.27246,23025
Cocoa West,FL,28.35942,-80.77109,5925
Columbus Air Force Base,MS,33.63239,-88.45153,1373
Samsula-Spruce Creek,FL,29.04932,-81.06192,5047
Sandalfoot Cove,FL,26.33863,-80.1869,16582
Selmont-West Selmont,AL,32.37843,-87.0074,2671
Slater-Marietta,SC,35.03472,-82.49265,2176
Southeast Arcadia,FL,27.18629,-81.8521,6554
Tyndall Air Force Base,FL,30.08535,-85.60731,2994
Underwood-Petersville,AL,34.87695,-87.69717,3247
University,FL,28.07389,-82.43902,41163
Vero Beach South,FL,27.61638,-80.41308,23092
Watts Mills,SC,34.51641,-81.9858,1635
West End-Cobb Town,AL,33.6525,-85.8742,3465
Zephyrhills North,FL,28.25172,-82.16557,2600
Zephyrhills South,FL,28.21492,-82.18873,5276
Zephyrhills West,FL,28.23081,-82.20556,5865
Kendall West,FL,25.7065,-80.4388,36154
Kings Bay Base,GA,30.79836,-81.56589,1777
Lake Mack-Forest Hills,FL,29.00074,-81.42397,1010
Lake Murray of Richland,SC,34.12048,-81.2645,5484
Meridian Station,MS,32.55049,-88.61849,1090
Monarch Mill,SC,34.7161,-81.585,1811
Moody A F B,GA,30.97849,-83.21646,886
Nassau Village-Ratliff,FL,30.51111,-81.80925,5337
New Port Richey East,FL,28.26027,-82.69261,10036
North Weeki Wachee,FL,28.55014,-82.55888,8524
Palm River-Clair Mel,FL,27.92386,-82.37939,21024
Pope Air Force Base (historical),NC,35.17128,-79.01042,7680
Redstone Arsenal,AL,34.68387,-86.64764,1946
Robins Air Force Base,GA,32.60911,-83.58444,1170
Clarkston Heights-Vineland,WA,46.38742,-117.083,6326
Air Force Academy,CO,38.99425,-104.86375,6680
Alamosa East,CO,37.47735,-105.84217,1458
Antelope Valley-Crestview,WY,44.22488,-105.47409,1658
Aptos Hills-Larkin Valley,CA,36.96064,-121.83404,2381
Arbon Valley,ID,42.88473,-112.59424,599
Arden-Arcade,CA,38.6025,-121.37854,92186
Ault Field,WA,48.33812,-122.67441,1541
Bangor Trident Base,WA,47.72274,-122.71446,6054
Beale Air Force Base,CA,39.10917,-121.35444,1319
Bertsch-Oceanview,CA,41.7525,-124.15875,2436
Village of Oak Creek (Big Park),AZ,34.7809,-111.76227,6147
Black Point-Green Point,CA,38.11547,-122.51318,1306
Bonadelle Ranchos-Madera Ranchos,CA,36.98467,-119.87463,8569
Bonner-West Riverside,MT,46.87669,-113.88678,1663
Bret Harte,CA,37.60207,-121.00519,5152
Bryn Mawr-Skyway,WA,47.4943,-122.24092,15645
Camp Pendleton North,CA,33.31465,-117.31603,5200
Camp Pendleton South,CA,33.22844,-117.37929,10616
Cannon Air Force Base,NM,34.39689,-103.32444,2245
Casa de Oro-Mount Helix,CA,32.76397,-116.96877,18762
Cascade-Chipita Park,CO,38.94354,-105.00237,1655
Central Heights-Midland City,AZ,33.40372,-110.81541,2534
Challenge-Brownsville,CA,39.46447,-121.26338,1148
Edwards Air Force Base,CA,34.91637,-117.93535,2063
El Cerro Mission,NM,34.76227,-106.6445,4657
Erlands Point-Kitsap Lake,WA,47.59719,-122.70225,2935
Fairchild Air Force Base,WA,47.61879,-117.64826,2776
Fallon Station,NV,39.41596,-118.71653,705
Lucas Valley-Marinwood,CA,38.04011,-122.5755,6094
Malmstrom Air Force Base,MT,47.50549,-111.18302,3472
Maple Heights-Lake Desire,WA,47.44413,-122.09736,3152
March Air Force Base,CA,33.89209,-117.2631,1159
Marietta-Alderwood,WA,48.78965,-122.55369,3906
McChord Air Force Base,WA,47.13397,-122.49157,2507
Fetters Hot Springs-Agua Caliente,CA,38.3214,-122.48682,4144
Florence-Graham,CA,33.96772,-118.24438,63387
Fort Bliss,TX,31.81357,-106.41224,8591
Fort Cavazos,TX,31.13489,-97.77561,29589
Joint Base Lewis McChord,WA,47.10787,-122.57694,11046
Fox Farm-College,WY,41.11203,-104.78546,3647
Garden Home-Whitford,OR,45.464,-122.75891,6674
Gold Canyon,AZ,33.37145,-111.43691,10159
Gunbarrel,CO,40.06335,-105.17107,9263
Havre North,MT,48.56304,-109.67098,716
Heber-Overgaard,AZ,34.41414,-110.56956,2822
Helena Valley Northeast,MT,46.69882,-111.95207,2995
Helena Valley Northwest,MT,46.72894,-112.06275,3482
Helena Valley Southeast,MT,46.61527,-111.92156,8227
Helena Valley West Central,MT,46.66291,-112.06044,7883
Helena West Side,MT,46.59672,-112.11304,1637
Highlands-Baywood Park,CA,37.52272,-122.34506,4027
Hilmar-Irwin,CA,37.40454,-120.85042,5197
Holloman Air Force Base,NM,32.84827,-106.09977,3054
Idyllwild-Pine Cove,CA,33.74429,-116.72587,3874
Inglewood-Finn Hill,WA,47.72049,-122.23167,22707
La Crescenta-Montrose,CA,34.23216,-118.23529,19653
Lackland Air Force Base,TX,29.38663,-98.61797,9918
Lagunitas-Forest Knolls,CA,38.01793,-122.69124,1819
Lake Marcel-Stillwater,WA,47.69263,-121.91513,1277
Lake Morton-Berrydale,WA,47.33251,-122.10286,10160
Lakeland North,WA,47.33343,-122.27695,12942
Lakeland South,WA,47.27843,-122.28326,11574
Lakeshore Gardens-Hidden Acres,TX,28.12438,-97.86129,504
Larkfield-Wikiup,CA,38.51342,-122.75094,8884
Laughlin Air Force Base,TX,29.35663,-100.78353,1569
Leadville North,CO,39.2576,-106.30138,1794
Lemoore Station,CA,36.26326,-119.90476,7438
Dixon Lane-Meadow Creek,CA,37.38639,-118.41527,2645
Dollar Corner,WA,45.7803,-122.59994,1108
Downieville-Lawson-Dumont,CO,39.76469,-105.61754,594
East Hill-Meridian,WA,47.41052,-122.17369,29878
Sierra Vista Southeast,AZ,31.45385,-110.21637,14797
Skyline-Ganipa,NM,35.03279,-107.61396,1224
Smith Valley,NV,38.78421,-119.34425,1603
South Wenatchee,WA,47.39012,-120.28958,1553
Moses Lake North,WA,47.19433,-119.31719,4418
Napi Headquarters,NM,36.65193,-108.2179,727
Nellis Air Force Base,NV,36.24607,-115.05721,3187
New Kingman-Butler,AZ,35.26504,-114.03226,12134
Nisqually Indian Community,WA,47.02587,-122.68841,575
North Lakeport,CA,39.08831,-122.90538,3314
Oatfield,OR,45.41418,-122.60007,13415
Ohkay Owingeh,NM,36.05082,-106.06897,1143
Oljato-Monument Valley,UT,37.03058,-110.25143,674
Oroville East,CA,39.51126,-121.47519,8280
Otis Orchards-East Farms,WA,47.70988,-117.07975,6220
Picnic Point-North Lynnwood,WA,47.86278,-122.29497,22953
Poplar-Cotton Center,CA,36.05635,-119.14919,2470
Port Angeles East,WA,48.10667,-123.37172,3036
Port Hadlock-Irondale,WA,48.03273,-122.78529,3580
Roseburg North,OR,43.269,-123.351,5912
Security-Widefield,CO,38.74728,-104.71439,32882
Tsaile,AZ,36.3033,-109.21566,1205
Union Hill-Novelty Hill,WA,47.67887,-122.02833,18805
Valencia West,AZ,32.13238,-111.11414,9355
Vandenberg Space Force Base,CA,34.7483,-120.51817,3338
View Park-Windsor Hills,CA,33.99551,-118.34835,11075
Walla Walla East,WA,46.05184,-118.30403,1672
West Clarkston-Highland,WA,46.40287,-117.06395,5261
West Haven-Sylvan,OR,45.51613,-122.76809,8001
West Modesto,CA,37.61754,-121.03914,5682
West Pleasant View,CO,39.73256,-105.17852,3840
West Side Highway,WA,46.18399,-122.91715,5517
West Whittier-Los Nietos,CA,33.976,-118.06909,25540
Westhaven-Moonstone,CA,41.04489,-124.10239,1205
Wilkerson,CA,37.27943,-118.38769,563
Yosemite Valley,CA,37.74075,-119.57788,1035
Summerlin South,NV,36.11708,-115.33001,24085
Sunnyside-Tahoe City,CA,39.15023,-120.1612,1557
Taft Mosswood,CA,37.91385,-121.28316,1530
Tamalpais-Homestead Valley,CA,37.87834,-122.53625,10735
Tanglewilde-Thompson Place,WA,47.05116,-122.78081,5892
Barbers Point Housing,HI,21.32132,-158.08091,2364
Haiku-Pauwela,HI,20.92187,-156.30508,9245
Hickam Field,HI,21.33967,-157.96018,6920
Honaunau-Napoopoo,HI,19.45627,-155.86466,2567
Kahaluu-Keauhou,HI,19.57181,-155.96172,3549
Marine Corps Base Hawaii - MCBH,HI,21.44336,-157.74981,9517
Makakilo,HI,21.35237,-158.08655,18248
Napili-Honokowai,HI,20.97533,-156.67826,7261
Schofield Barracks,HI,21.49837,-158.06515,16370
Royal Kunia,HI,21.39392,-158.0267,14525
Waihee-Waiehu,HI,20.93022,-156.50458,8841
Wailea-Makena,HI,20.66256,-156.42736,5671
Wailua Homesteads,HI,22.07244,-159.37677,5188
Deltana,AK,63.87217,-145.21773,2251
Eielson Air Force Base,AK,64.66327,-147.05442,2647
Farm Loop,AK,61.63891,-149.14215,1028
Fishhook,AK,61.74402,-149.23613,4679
Fort Greely,AK,63.97,-145.735,539
Knik River,AK,61.46001,-148.91237,744
Knik-Fairview,AK,61.51262,-149.60012,14923
Kodiak Station,AK,57.76587,-152.60004,1301
Lakes,AK,61.60713,-149.30861,8364
Buffalo Soapstone,AK,61.71623,-149.09999,855
Salcha,AK,64.52399,-146.9021,1095
Sutton-Alpine,AK,61.71041,-148.89407,1447
Susitna North,AK,62.16129,-149.85075,1260
National Harbor,MD,38.78264,-77.01506,3788
Tri-Cities,WA,46.2454,-119.19617,244036
Dowsett Highlands,HI,21.33735,-157.83382,5360
San Tan Valley,AZ,33.1911,-111.528,81321
Carlisle-Rockledge,AL,34.11445,-86.12407,2137
Emerald Mountain,AL,32.44793,-86.09429,2561
Highland Lakes,AL,33.39838,-86.6513,3926
Farmers Loop,AK,64.90822,-147.69866,4853
South Van Horn,AK,64.80953,-147.78793,558
Avenue B and C,AZ,32.71904,-114.66005,4176
Centennial Park,AZ,36.95381,-112.98132,1264
Donovan Estates,AZ,32.70935,-114.67822,1508
El Prado Estates,AZ,32.70621,-114.52148,504
Golden Shores,AZ,34.78188,-114.47775,2047
Hondah,AZ,34.0943,-109.93439,812
North Fork,AZ,34.00167,-109.96355,1417
Orange Grove Mobile Manor,AZ,32.59843,-114.66053,594
Rainbow City,AZ,33.87304,-109.97623,968
Rancho Mesa Verde,AZ,32.59439,-114.65508,625
Scenic,AZ,36.79359,-114.01275,1643
Six Shooter Canyon,AZ,33.36678,-110.7746,1019
Valle Vista,AZ,35.41088,-113.86271,1659
Walnut Creek,AZ,35.13124,-114.12662,562
Acalanes Ridge,CA,37.90472,-122.07857,1137
Blacklake,CA,35.04969,-120.53864,930
Camanche North Shore,CA,38.24434,-120.95391,979
Diablo Grande,CA,37.39743,-121.27944,826
Fruitridge Pocket,CA,38.53265,-121.45581,5800
McClellan Park,CA,38.66219,-121.4016,743
Meadowbrook,CA,33.72578,-117.28509,3185
Monument Hills,CA,38.66429,-121.87566,1542
North Gate,CA,37.90615,-121.99818,679
Old Fig Garden,CA,36.79885,-119.80515,5365
Red Corral,CA,38.41165,-120.60552,1413
Sun Village,CA,34.55952,-117.95676,11565
Woodlands,CA,35.02888,-120.55239,576
Aetna Estates,CO,39.73813,-104.67323,834
Upper Bear Creek,CO,39.62385,-105.4178,1059
Connerton,FL,28.31441,-82.47539,2116
Flagler Estates,FL,29.64553,-81.457,3215
Greenbriar,FL,28.01128,-82.75272,2502
Heritage Pines,FL,28.42522,-82.62111,2136
Horizon West,FL,28.43383,-81.6227,14000
Island Walk,FL,26.25099,-81.71101,3035
Key Vista,FL,28.1947,-82.77038,1757
Meadow Oaks,FL,28.34619,-82.60284,2442
Oakleaf Plantation,FL,30.17083,-81.83549,20315
Pasadena Hills,FL,28.28001,-82.22438,7570
Quail Ridge,FL,28.34905,-82.55532,1040
Verona Walk,FL,26.08412,-81.67985,1782
Viera East,FL,28.26234,-80.71449,10757
Viera West,FL,28.24504,-80.7338,6641
Henderson,GA,32.00813,-81.25887,1647
East Honolulu,HI,21.28906,-157.71734,49914
Ocean Pointe,HI,21.31066,-158.03638,8361
The Galena Territory,IL,42.39343,-90.32582,1058
Smithville-Sanders,IN,39.05969,-86.51077,3184
McConnell AFB,KS,37.63007,-97.25869,1777
Fairwood,MD,38.95665,-76.77772,5031
Marlboro Village,MD,38.83054,-76.76965,9438
Queenland,MD,38.80524,-76.79126,1929
Summerfield,MD,38.90454,-76.8683,10898
The Pinehills,MA,41.88819,-70.59997,955
LaBarque Creek,MO,38.41701,-90.67989,1558
Old Jamestown,MO,38.83494,-90.28511,19184
South Hills,MT,46.55674,-111.99765,517
The Silos,MT,46.389,-111.58565,506
Carter Springs,NV,38.86194,-119.64112,553
East Valley,NV,38.9434,-119.69923,1474
Fish Springs,NV,38.95358,-119.65109,648
Topaz Ranch Estates,NV,38.73565,-119.50079,1501
East Franklin,NJ,40.4933,-74.4711,8669
Franklin Center,NJ,40.53153,-74.54141,4460
Lopatcong Overlook,NJ,40.6974,-75.1453,734
Upper Pohatcong,NJ,40.67747,-75.1558,1781
Vernon Center,NJ,41.18879,-74.50405,1713
Bluewater Village,NM,35.22716,-107.98313,628
Indian Hills,NM,34.98318,-106.13975,892
Highland Meadows,NM,34.94129,-107.16652,624
Keeler Farm,NM,32.31607,-107.76023,1305
La Hacienda,NM,32.20599,-107.72507,725
Livingston Wheeler,NM,32.39069,-104.20316,609
Pajarito Mesa,NM,34.97947,-106.79794,579
West Hammond,NM,36.68071,-108.04921,2790
Fort Covington Hamlet,NY,44.97178,-74.50757,1308
Merritt Park,NY,41.53848,-73.87238,1256
Springwater Hamlet,NY,42.63499,-77.59642,549
York Hamlet,NY,42.86956,-77.88723,544
Northchase,NC,34.30782,-77.87749,3747
Green Acres,ND,48.83813,-99.69009,575
Kinsman Center,OH,41.45273,-80.58401,616
Eagleview,PA,40.05938,-75.68076,1644
Lakewood Park,TN,35.64863,-86.13537,990
Mowbray Mountain,TN,35.27536,-85.22246,1615
Tellico Village,TN,35.68321,-84.25518,5791
Garza-Salinas II,TX,26.35177,-98.75954,719
Lantana,TX,33.09073,-97.12416,6874
Las Palmas II,TX,26.20171,-97.7376,1605
Paloma Creek,TX,33.2253,-96.93742,2501
Paloma Creek South,TX,33.21136,-96.93554,2753
Providence Village,TX,33.2334,-96.96158,4786
Savannah,TX,33.22603,-96.90786,3318
Travis Ranch,TX,32.80356,-96.47347,2556
Silver Summit,UT,40.74144,-111.48775,3632
West Wood,UT,39.60519,-110.84243,844
Boswell's Corner,VA,38.50541,-77.37263,1375
Kings Park West,VA,38.81443,-77.29582,13390
Loudoun Valley Estates,VA,38.98081,-77.5079,3656
Southern Gateway,VA,38.34507,-77.50352,2805
Bothell East,WA,47.80631,-122.18427,8018
Bothell West,WA,47.80527,-122.24064,16607
Bunk Foss,WA,47.96171,-122.09441,3570
Crocker,WA,47.08091,-122.10383,1268
Eastmont,WA,47.8974,-122.18154,20101
Klahanie,WA,47.57097,-122.00839,10674
Larch Way,WA,47.8429,-122.25275,3318
Mill Creek East,WA,47.83602,-122.18766,15709
Monroe North,WA,47.88225,-121.98729,1666
North Fort Lewis,WA,47.12131,-122.59452,2699
Prairie Heights,WA,47.14933,-122.1053,4405
Summit View,WA,47.13632,-122.35202,7236
Wilderness Rim,WA,47.44697,-121.76857,1523
East Tulare Villa,CA,36.20356,-119.28217,778
Linnell Camp,CA,36.30889,-119.22258,849
Matheny,CA,36.17066,-119.35158,1212
Patterson Tract,CA,36.37952,-119.2956,1752
Teviston,CA,35.92894,-119.27831,1214
Concorde Hills,OH,39.21062,-84.35708,663
Hidden Spring,ID,43.72216,-116.25093,2280
Circle D-KC Estates,TX,30.161,-97.23473,2393
University Park,IL,41.44298,-87.6836,7070
Rio Vista,CA,38.16389,-121.69583,8348
Lyme Town Offices,NH,43.81525,-72.14942,0
McKinney Acres,TX,32.30188,-102.52903,815
Indian Springs,TX,30.69578,-94.7528,785
Grand Bayou Mobile Home Park,LA,29.90802,-90.77711,14195
Shorewood Forest,IN,41.46315,-87.14472,2708
Woodlake,VA,37.42106,-77.67931,7319
Cordry Sweetwater Lakes,IN,39.30464,-86.11837,1128
Dove Valley,CO,39.57771,-104.8294,5243
Doe Valley,KY,37.95665,-86.11653,1931
Enchanted Hills,NM,35.33676,-106.59296,87521
Oak Cliff Place,TX,29.92712,-95.62672,1800
West Hills,CA,34.19731,-118.64398,41426
Detroit-Shoreway,OH,41.47772,-81.72991,17382
Clark-Fulton,OH,41.46402,-81.70979,18185
Chippewa Park,OH,40.51561,-83.88906,891
Rocky Fork Point,OH,39.19143,-83.49133,639
Highland Holiday,OH,39.19755,-83.46946,550
Beech Mountain Lakes,PA,41.04158,-75.93545,2022
The Hideout,PA,41.42736,-75.35255,3013
Wallenpaupack Lake Estates,PA,41.39898,-75.27402,1279
Lake Arthur Estates,PA,40.96074,-80.15355,594
Penn Estates,PA,41.0375,-75.23956,4493
Sierra View,PA,41.01207,-75.459,4813
Pine Ridge,PA,41.14598,-74.99116,2707
The Acreage,FL,26.79404,-80.26749,38704
Eastvale,CA,33.96358,-117.56418,59039
Oak Hill,VA,38.9258,-77.40156,33811
Beaver Dam Lake,NY,41.44743,-74.11463,2242
Contra Costa Centre,CA,37.92752,-122.05786,5364
Belmont Estates,VA,38.45271,-78.91979,1263
Siesta Acres,TX,28.75799,-100.49019,1885
Spring Gardens,TX,27.76244,-97.74095,563
West Greenwich,RI,41.637,-71.66004,6135
Bridgewater,NJ,40.60079,-74.64815,44464
Warren Township,NJ,40.60822,-74.51803,15311
Limestone,IL,41.13237,-87.9684,1563
Castle Pines North,CO,39.47174,-104.89482,10360
Fairfield Heights,IN,39.82861,-86.38224,21285
Trial,MD,39.22348,-76.75255,1000
Chicago Loop,IL,41.88407,-87.6333,33442
Greater Grand Crossing,IL,41.76113,-87.61485,32346
Auburn Gresham,IL,41.74179,-87.65322,45842
Financial District,NY,40.70789,-74.00857,60976
Downtown Brooklyn,NY,40.69371,-73.98596,7053
Sunset Park,NY,40.64548,-74.01241,126000
South Kingstown,RI,41.44718,-71.52494,30826
Parkside,CA,37.74197,-122.4863,16874
Noe Valley,CA,37.75018,-122.43369,22893
Visitacion Valley,CA,37.71715,-122.40433,22534
La Porte,IN,41.60774,-86.71389,21916
Notre Dame,IN,41.70019,-86.23793,5973
Randolph,NJ,40.84829,-74.58148,25734
Hobart,WI,44.49925,-88.14986,8283
Mount Pleasant,WI,42.69743,-87.85577,26272
Western Lake,TX,32.62338,-97.81155,1525
Pueblo Nuevo,TX,27.48881,-99.30987,521
Star Valley Ranch,WY,42.97139,-110.95556,1548
Shaw Heights,CO,39.8525,-105.04306,5116
Northdale,FL,28.0939,-82.50561,22079
Lake Stickney,WA,47.87655,-122.26214,7777
Phoenix Lake,CA,38.00594,-120.30702,4269
Picnic Point,WA,47.88111,-122.3284,8809
Roma,TX,26.40526,-99.01581,10223
Tanglewilde,WA,47.0515,-122.78241,5892
Tiki Island,TX,29.29709,-94.91709,1026
Waterford,CT,41.3417,-72.13597,19281
Devens,MA,42.5447,-71.61318,1840
Apple Canyon Lake,IL,42.42061,-90.15647,558
Lake Holiday,IL,41.61292,-88.67209,4761
Prestbury,IL,41.78329,-88.41764,1722
Lake Camelot,IL,40.63065,-89.7421,1686
Heritage Lake,IL,40.54745,-89.32581,1520
Lake Holiday,IN,39.96706,-86.96705,910
Twin Lakes,VA,38.24927,-78.44378,1647
Heritage Lake,IN,39.72779,-86.71022,2880
Painted Hills,IN,39.39568,-86.34603,677
Watchtower,NY,41.63776,-74.26027,2381
Cherry Creek,CO,39.611,-104.861,11120
Holly Hills,CO,39.66757,-104.91797,2521
Inverness,CO,39.57738,-104.86135,1532
Lake Panorama,IA,41.71105,-94.39059,1309
Lake Lakengren,OH,39.68843,-84.69347,3383
Apple Valley,OH,40.4389,-82.35391,5058
Quail Creek,TX,28.7764,-97.08232,1628
Meadowbrook,VA,37.44882,-77.47353,18312
Plum Creek,VA,37.12984,-80.5006,1524
Woodburn,VA,38.84745,-77.23605,8480
Big Bass Lake,PA,41.25383,-75.47644,1270
Toftrees,PA,40.82604,-77.8811,2053
Lake Latonka,PA,41.29039,-80.18129,1012
Moanalua,HI,21.36777,-157.89113,9461
"Olinda, CDP",HI,20.82368,-156.29236,1188
Buckhorn,CA,38.45216,-120.52854,2429
Silver Lakes,CA,34.74558,-117.34098,5623
Spring Valley Lake,CA,34.49364,-117.26832,8220
Hide-A-Way Lake,MS,30.56492,-89.6402,1859
Tunica Resorts,MS,34.83613,-90.34723,1910
Colony Park,PA,40.34683,-75.9824,1076
Greenfields,PA,40.3599,-75.95199,1170
Nocona Hills,TX,33.8517,-97.65007,675
Farley,KY,37.04634,-88.56856,4701
Lincoln,RI,41.92111,-71.435,21670
Kula,HI,20.79094,-156.32695,6452
Allston/Brighton,MA,42.35569,-71.14231,4185
Fenway/Kenmore,MA,42.34491,-71.10017,37733
Mission Hill,MA,42.33437,-71.10845,18722
Ko Olina,HI,21.33993,-158.12562,1799
Firing Range,GA,33.43752,-82.69068,2110
West Warrenton,GA,33.41217,-82.67517,2300
Johnston,RI,41.82186,-71.50675,29247
Bingham Canyon,UT,40.55833,-112.13056,726
Cedar Valley,UT,40.3332,-112.08115,871
Hill Air Force Base,UT,41.11118,-111.97712,3462
Elmendorf Air Force Base,AK,61.25703,-149.63139,6621
Dixiana,AL,33.74021,-86.64938,22940
Shoal Creek,AL,33.43076,-86.61092,1400
Little Rock Air Force Base,AR,34.89149,-92.15955,1291
Marble Falls,AR,36.08425,-93.14998,781
Pelsor,AR,35.7942,-93.04185,604
Cranberry Township,PA,40.68496,-80.10714,28098
Woodstock,ME,44.37494,-70.60849,1352
Pauoa,HI,21.32076,-157.83839,5165
Kuliouou - Kalani Iki,HI,21.29713,-157.745,16195
Manoa,HI,21.31608,-157.80423,23343
Makiki / Lower Punchbowl / Tantalus,HI,21.31756,-157.83122,31434
Kalihi Valley,HI,21.36373,-157.84294,20647
Lake Petersburg,IL,39.98358,-89.86207,719
Twinsburg Heights,OH,41.30602,-81.45952,925
Laurel Hill,VA,38.71663,-77.23686,6855
Harrison,WI,44.22776,-88.33591,7302
Pantops,VA,38.03379,-78.45507,3027
Decatur,WI,42.63433,-89.41155,1803
Fort Shafter,HI,21.34411,-157.88628,1060
Center City,PA,39.9512,-75.15923,57239
Washington Square,PA,39.95002,-75.16206,13438
Pryor Creek,OK,36.30862,-95.31777,9469
Silver Lake,CA,34.08668,-118.27023,32890
Echo Park,CA,34.07808,-118.26066,43832
Boston Seaport,MA,42.34669,-71.04331,3680
Ala Moana - Kakaʻako,HI,21.29649,-157.85671,18957
Waialae - Kahala,HI,21.27007,-157.78428,3872
Joint Base Pearl Harbor Hickam,HI,21.34906,-157.94713,42184
McCully - Moiliili,HI,21.29461,-157.83118,28249
Nuuanu - Punchbowl,HI,21.34215,-157.82852,16205
Sugarcreek Police Dept,OH,40.50253,-81.64176,2220
Scotts Mill,NC,35.72666,-78.8839,2400
Liliha - Kapalama,HI,21.33735,-157.85418,24953
Discovery Harbor,HI,19.04411,-155.6319,1171
Ala Moana,HI,21.29201,-157.84276,5579
"VA Boston Healthcare System, Brockton Campus",MA,42.36638,-71.05896,5474
White River Junction VA Medical Center,VT,42.83049,-72.56786,2286
Maine,WI,45.02716,-89.69039,2364
Plainview,TN,36.17731,-83.79534,2061
Washington Street Courthouse Annex,AL,34.80264,-86.97298,0
Allenstown,NH,43.15673,-71.40478,0
Bay Harbor,MI,45.36413,-85.08208,5749
St. Johns,FL,30.0815,-81.54774,40000
Stonecrest,GA,33.70849,-84.13485,50000
Ukrainian Village,IL,41.89943,-87.68451,15000
Cortlandt Manor,NY,41.28,-73.87164,19929
Union City,OH,40.19938,-84.80353,1620
Valley Glen,CA,34.18568,-118.42032,60000
New Century,KS,38.82253,-94.89971,1072
Encanto,AZ,33.47937,-112.07823,54614
Central City,AZ,33.44001,-112.05805,58161
Burleith-Leighton,MD,39.31925,-76.66071,638
Coldstream Homestead Montebello,MD,39.32294,-76.59547,5638
Cross Country,MD,39.36612,-76.69797,5305
Franklintown,MD,39.30584,-76.70145,1305
Frankford,MD,39.32928,-76.54463,17135
Gwynns Falls,MD,39.27782,-76.6672,952
Inner Harbor,MD,39.28356,-76.6063,2580
Morgan State University,MD,39.34609,-76.58201,1589
Mosher,MD,39.29735,-76.6624,1103
Purnell,MD,39.32052,-76.70736,596
Remington,MD,39.32015,-76.62283,2678
Abell,MD,39.32595,-76.61139,975
West Hills,MD,39.29736,-76.70662,1876
Yale Heights,MD,39.27612,-76.69056,2046
Boyd-Booth,MD,39.28714,-76.64982,516
Brewers Hill,MD,39.28417,-76.56462,1539
Loch Raven,MD,39.36142,-76.58183,5611
Johns Hopkins Homewood,MD,39.32935,-76.6213,742
Locust Point Industrial Area,MD,39.26756,-76.59176,955
Millhill,MD,39.27928,-76.65683,1404
Concerned Citizens Of Forest Park,MD,39.32314,-76.68369,1141
Darley Park,MD,39.31543,-76.59374,913
Easterwood,MD,39.30744,-76.65029,1178
Garwyn Oaks,MD,39.31785,-76.67933,1349
Allendale,MD,39.28993,-76.68154,2974
Arcadia,MD,39.33385,-76.56774,1077
Ashburton,MD,39.32823,-76.6717,2243
Patterson Park Neighborhood,MD,39.29269,-76.57471,5438
Barclay,MD,39.31472,-76.61233,2692
Bellona-Gittings,MD,39.36916,-76.62201,653
Berea,MD,39.30961,-76.57801,3469
Better Waverly,MD,39.32439,-76.60517,2622
Biddle Street,MD,39.30367,-76.579,935
Bolton Hill,MD,39.30782,-76.62573,5034
Bridgeview/Greenlawn,MD,39.30151,-76.65466,1679
Broadway East,MD,39.30846,-76.58882,3376
Broening Manor,MD,39.27424,-76.53783,1971
Callaway-Garrison,MD,39.33156,-76.67963,1582
Cameron Village,MD,39.35666,-76.59958,1310
Canton Industrial Area,MD,39.26861,-76.55562,925
Carroll-South Hilton,MD,39.28579,-76.66691,1241
Carrollton Ridge,MD,39.28232,-76.64886,2318
Cedmont,MD,39.34668,-76.53452,2524
Central Forest Park,MD,39.32677,-76.68833,1097
Central Park Heights,MD,39.34368,-76.67106,4339
Charles North,MD,39.31058,-76.61709,1085
Chinquapin Park,MD,39.36314,-76.60228,1247
Coppin Heights/Ash-Co-East,MD,39.307,-76.65725,1845
Radnor-Winston,MD,39.34969,-76.61214,552
Gay Street,MD,39.30123,-76.59683,1728
Orchard Ridge,MD,39.31324,-76.55828,1038
Cylburn,MD,39.34762,-76.66408,2212
Dolfield,MD,39.33772,-76.68031,1799
Dorchester,MD,39.33178,-76.68632,1565
Eastwood,MD,39.29015,-76.53062,764
Franklin Square,MD,39.2904,-76.64277,2379
Downtown,MD,39.29107,-76.61518,7171
Druid Heights,MD,39.3083,-76.63708,1267
East Baltimore Midway,MD,39.31485,-76.60323,2318
Dunbar-Broadway,MD,39.29602,-76.5952,749
East Arlington,MD,39.33147,-76.66848,2187
Ednor Gardens-Lakeside,MD,39.33314,-76.5967,4865
Ellwood Park/Monument,MD,39.29717,-76.57219,3137
Franklintown Road,MD,39.29738,-76.66758,1338
Federal Hill,MD,39.27827,-76.61161,2695
Glen,MD,39.35632,-76.69066,7766
Glenham-Belhar,MD,39.35003,-76.54858,5981
Graceland Park,MD,39.28119,-76.53314,2156
Greektown,MD,39.28542,-76.55425,4757
Greenmount West,MD,39.30874,-76.6116,1683
Glen Oaks,MD,39.36483,-76.59647,2678
Richnor Springs,MD,39.3468,-76.6069,652
Greenspring,MD,39.33706,-76.66022,2718
Grove Park,MD,39.34042,-76.70257,1776
Hanlon-Longwood,MD,39.31821,-76.66946,2240
Heritage Crossing,MD,39.29626,-76.62843,918
Hamilton Hills,MD,39.36277,-76.56505,9649
McElderry Park,MD,39.29686,-76.58046,3690
Harlem Park,MD,39.29597,-76.6401,2582
Harwood,MD,39.32078,-76.61125,1639
Hillen,MD,39.34187,-76.59019,2114
Hoes Heights,MD,39.34047,-76.63707,930
Hollins Market,MD,39.28733,-76.63319,1716
Jonestown,MD,39.29086,-76.60366,1306
Locust Point,MD,39.26945,-76.59204,2893
Bayview,MD,39.28895,-76.54163,2874
Johnston Square,MD,39.30348,-76.60624,1993
Levindale,MD,39.35296,-76.66466,1077
Ridgely's Delight,MD,39.28416,-76.62493,817
Keswick,MD,39.34337,-76.6304,713
Lake Evesham,MD,39.36643,-76.61404,540
Medfield,MD,39.34026,-76.64326,2791
Madison Park,MD,39.30449,-76.62722,1925
Madison-Eastend,MD,39.30077,-76.57691,1824
Lake Walker,MD,39.36961,-76.60434,1944
Langston Hughes,MD,39.34355,-76.68025,741
Mayfield,MD,39.32868,-76.5799,858
Loyola/Notre Dame,MD,39.3493,-76.62116,2986
New Southwest/Mount Clare,MD,39.28303,-76.64173,1811
Medford,MD,39.27872,-76.54733,1284
Mid-Govans,MD,39.35743,-76.60582,1302
Mid-Town Belvedere,MD,39.30406,-76.61659,4666
Middle East,MD,39.30151,-76.58982,1872
Midtown-Edmondson,MD,39.29627,-76.65014,1096
Milton-Montford,MD,39.30062,-76.58312,1088
Moravia-Walther,MD,39.34032,-76.56472,978
Mount Holly,MD,39.31214,-76.67864,1304
Patterson Place,MD,39.29376,-76.5834,1171
New Northwood,MD,39.34883,-76.59496,4517
Northwest Community Action,MD,39.30647,-76.66529,1378
Panway/Braddish Avenue,MD,39.31287,-76.66267,1280
North Harford Road,MD,39.36617,-76.54612,5069
Oakenshawe,MD,39.33034,-76.61246,971
Oliver,MD,39.30802,-76.5993,3771
North Roland Park/Poplar Hill,MD,39.36694,-76.63962,1367
Original Northwood,MD,39.33982,-76.59678,1155
Otterbein,MD,39.28195,-76.61614,2677
Park Circle,MD,39.32877,-76.66013,2428
Parklane,MD,39.34268,-76.66224,1796
Pleasant View Gardens,MD,39.29354,-76.60203,671
Parkview/Woodbrook,MD,39.3168,-76.64805,1597
Rosemont Homeowners/Tenants,MD,39.29434,-76.65759,1273
Pen Lucy,MD,39.33974,-76.60498,2741
Penn North,MD,39.31212,-76.64259,1613
Penn-Fallsway,MD,39.29753,-76.60867,2594
Penrose/Fayette Street Outreach,MD,39.29112,-76.65739,2514
Poppleton,MD,39.2911,-76.63293,2910
Perring Loch,MD,39.35269,-76.58478,2752
Pimlico Good Neighbors,MD,39.35323,-76.67533,858
Reisterstown Station,MD,39.35311,-76.70333,1752
Reservoir Hill,MD,39.31363,-76.63316,5263
Rosemont,MD,39.30443,-76.67054,2220
Rosemont East,MD,39.35557,-76.53841,1959
Upper Fells Point,MD,39.28796,-76.58888,3959
Saint Agnes,MD,39.27448,-76.67465,574
Saint Josephs,MD,39.28535,-76.67516,1594
Sharp-Leadenhall,MD,39.27682,-76.61769,1260
Sandtown-Winchester,MD,39.30376,-76.64258,6162
Seton Hill,MD,39.29672,-76.6237,1129
Tremont,MD,39.28322,-76.69449,889
Shipley Hill,MD,39.28631,-76.65711,1404
South Clifton Park,MD,39.31341,-76.58997,567
University Of Maryland,MD,39.29037,-76.62529,602
Uplands,MD,39.28994,-76.69288,1270
Stonewood-Pentwood-Winston,MD,39.34803,-76.58885,765
Union Square,MD,39.28668,-76.64154,1011
The Orchards,MD,39.36763,-76.62872,566
Towanda-Grantley,MD,39.33602,-76.66858,988
Upton,MD,39.30149,-76.63152,4817
Washington Hill,MD,39.29152,-76.59467,2364
Tuscany-Canterbury,MD,39.33784,-76.6215,4304
Washington Village/Pigtown,MD,39.28166,-76.6323,4823
Westfield,MD,39.35917,-76.55148,3111
Westgate,MD,39.28445,-76.70673,2647
Wilson Park,MD,39.3435,-76.60539,660
James Island,SC,32.72374,-79.96284,6000
Communications Hill,CA,37.289,-121.8551,11267
Reynoldstown,GA,33.75194,-84.35444,1733
Bayview-Hunters Point,CA,37.72855,-122.38107,34835
Kendall Square,MA,42.365,-71.08554,9861
Death Valley,CA,36.23962,-116.81133,1124
Montura,FL,26.63645,-81.10045,3343
South Fulton,GA,33.59259,-84.67294,107436
Hillsborough,NE,41.30037,-96.12876,7290
Turtle Rock,CA,33.64335,-117.81015,12288
University Town Center,CA,33.65157,-117.83427,6455
University Park,CA,33.66246,-117.80953,7885
University Research Park,CA,33.64344,-117.8559,976
Westpark,CA,33.68527,-117.81371,22993
UC Irvine,CA,33.63967,-117.84164,15807
Quail Hill,CA,33.65114,-117.77551,7651
Irvine Health and Science Complex,CA,33.65803,-117.76525,8644
Oak Creek,CA,33.67398,-117.77123,10018
Cypress Village,CA,33.68787,-117.75916,9610
El Camino Real,CA,33.69662,-117.77668,15999
Walnut Village,CA,33.70972,-117.79655,7675
Stonegate,CA,33.70534,-117.74009,18938
Northwood,CA,33.71372,-117.76091,22218
Tustin Legacy,CA,33.70006,-117.82588,21428
Downtown,HI,21.30249,-157.85837,12381
Aliamanu / Salt Lakes / Foster Village,HI,21.36022,-157.91838,38833
Mililani Mauka / Launani Valley,HI,21.47885,-157.98799,18072
Koolauloa,HI,21.60579,-157.9265,15697
Makakilo / Kapolei / Honokai Hale,HI,21.3374,-158.09676,46389
Olomana,HI,21.37725,-157.75602,1312
Enchanted Lake,HI,21.3807,-157.73645,5089
Waialae Iki,HI,21.2844,-157.76606,4174
'A'ala,HI,21.31544,-157.86283,4302
Iwilei-Anuenue,HI,21.31523,-157.87316,2483
Diamond Head,HI,21.26272,-157.79601,1276
Lower Wilhelmina,HI,21.28155,-157.79437,3039
Waialae Nui Ridge-Ainakoa,HI,21.28143,-157.78036,2758
Lower Palolo,HI,21.29279,-157.80175,3257
Upper Palolo,HI,21.31242,-157.78677,3145
Upper Manoa,HI,21.3231,-157.80626,3345
East Manoa,HI,21.30544,-157.81145,2251
Lower McCully,HI,21.29005,-157.82859,2912
Aina Haina-Hawaii Loa Ridge,HI,21.29139,-157.75578,3608
Mariner's Ridge,HI,21.28812,-157.7037,1464
Kalama Valley,HI,21.29684,-157.6717,4254
Kailua Town,HI,21.39266,-157.73536,3664
Kalaheo Hillside,HI,21.4162,-157.75255,3256
Tantalus,HI,21.30856,-157.82837,2023
Upper Pauoa,HI,21.31738,-157.83897,2550
Financial District,HI,21.30924,-157.86134,1627
Kuakini,HI,21.32129,-157.85567,4106
Mayor Wright Housing,HI,21.32025,-157.86412,1545
Palama,HI,21.32298,-157.86448,2157
Farrington,HI,21.33221,-157.87057,5124
Upper Kalihi Valley,HI,21.35461,-157.85605,4694
Ford Island,HI,21.34981,-157.95924,7651
Moanalua Valley,HI,21.35309,-157.88714,7162
Aliamanu Makai,HI,21.35867,-157.91917,2374
Aliamanu Mauka,HI,21.35993,-157.90666,1047
Camp H.M. Smith,HI,21.38471,-157.90962,6626
Lower Aiea,HI,21.37852,-157.93224,4921
Newtown,HI,21.39972,-157.93789,3384
Lower Pearl City,HI,21.40293,-157.95758,2005
Lower Waiau,HI,21.39594,-157.96507,2897
Manana Housing,HI,21.40162,-157.98108,1655
Robinson Heights,HI,21.38283,-158.02856,5128
Lower Pawaa,HI,21.29849,-157.8404,3941
Kihei Mauka,HI,20.74305,-156.43995,4722
Helemano,HI,21.53602,-158.01894,2549
Vermont Square,CA,34.00204,-118.29896,47555
Mid-City,CA,34.04126,-118.36058,83000
Koloa-Poipu,HI,21.89449,-159.46467,2936
Omao-Kukuiula,HI,21.90097,-159.48594,3538
Kaumakani-Hanapepe,HI,21.92358,-159.54283,3769
Kekaha-Waimea,HI,21.97184,-159.69266,5971
Luella Anderson Subdivision,MN,44.93086,-93.20405,600
Lake of the Woods,VA,38.33422,-77.75969,7177
Kalanipuu,HI,21.29295,-157.69071,2195
Ward Village,HI,21.29325,-157.85208,3929
Makua Valley,HI,21.52021,-158.22142,3805
Back of the Hill,MA,42.32926,-71.11102,6272
Brook Farm,MA,42.28859,-71.16303,6551
Lower Allston,MA,42.36465,-71.12583,6570
West Cambridge/Harvard Square,MA,42.37247,-71.11947,8023
Mid-Cambridge,MA,42.37205,-71.10598,12988
Union Square,MA,42.37972,-71.09653,14459
Tufts University,MA,42.40745,-71.1192,6877
Kenosha Streetcar,WI,42.5869,-87.81021,5555
Watertown Square,MA,42.36531,-71.18462,5331
West Fens,MA,42.34298,-71.09839,6548
Logan Square,PA,39.95569,-75.17054,11213
Lower Moyamensing,PA,39.91956,-75.16475,16481
On Top of the World,FL,29.11516,-82.29129,12668
Briar Chapel,NC,35.82417,-79.11694,5108
Barracks Row,DC,38.88128,-76.995,14080
Benning Road,DC,38.88984,-76.93758,10269
Capitol Riverfront,DC,38.87796,-77.00314,18874
Colorado Triangle,DC,38.95614,-77.03331,11780
Central 14th Street / Spring Road,DC,38.93707,-77.03265,25899
Central 14th Street / WMATA Northern Bus Barn,DC,38.94467,-77.03262,11147
Downtown DC,DC,38.8935,-77.01991,52560
Capitol Gateway,DC,38.89113,-76.91851,7374
Georgia Avenue / Walter Reed,DC,38.98256,-77.0263,7996
Golden Triangle,DC,38.90524,-77.04362,17674
H Street NE,DC,38.90015,-76.99587,21480
Kennedy Street,DC,38.9563,-77.01799,15251
Mount Vernon Triangle,DC,38.90232,-77.01685,21897
NoMa,DC,38.90372,-77.00598,20700
Northwest One,DC,38.90428,-77.01196,23386
The Parks At Walter Reed,DC,38.97399,-77.02956,8252
Southwest Waterfront,DC,38.87934,-77.01758,15129
Union Market,DC,38.90857,-76.99819,12186
Van Ness,DC,38.94316,-77.06299,10745
The Wharf,DC,38.87913,-77.02491,11274
The Trails of Frisco,TX,33.16087,-96.87182,51059
Longfellow Community,MN,44.94256,-93.22557,29295
Māhinahina,HI,20.96165,-156.67423,910
Kakaʻako,HI,21.30205,-157.85734,10673
Airport,HI,21.3399,-157.92845,28916
Dakota Ridge,CO,39.61638,-105.13934,33892
Longwood - Winton Grove,CA,37.65934,-122.10926,6700
Parkway Garden Homes,IL,41.77782,-87.61703,2000
Waiau-Pacific Palisades,HI,21.40022,-157.95445,47591
ʻEwa Villages-Honouliuli,HI,21.3453,-158.05121,6699
ʻEwa Gentry-West Loch,HI,21.35335,-158.02836,35828
ʻEwa Beach-Iroquois Point,HI,21.31532,-157.99133,21088
Kalaeloa-Campbell Industrial Park,HI,21.31376,-158.08768,2971
Ko ʻOlina-Honokai Hale,HI,21.33731,-158.11729,2871
Kapolei Villages,HI,21.33596,-158.067,15408
East Kapolei,HI,21.3586,-158.05126,5299
Makakilo-Makaīwa Hills-Kunia,HI,21.36676,-158.07326,20967
Mililani Mauka,HI,21.47793,-157.99452,21075
Wahiawā-Whitmore,HI,21.50565,-158.03353,22448
Schofield-Wheeler,HI,21.48394,-158.04681,20452
Waiʻalae Nui-Country Club,HI,21.27329,-157.7801,3447
Kahuku-Kawela,HI,21.6938,-157.97467,2639
Hauʻula-Punaluʻu,HI,21.598,-157.89709,3363
Sunset Beach-Pūpūkea,HI,21.66223,-158.05406,5235
Mākaha-Kaʻena,HI,21.48356,-158.2303,9364
